chapter,volume,file_index,filename,p_numbers
1,1,3,Frieren - Beyond Journey's End - c001 (v01) - p003 [VIZ Media] [Digital] [1r0n].png,3-3
1,1,4,Frieren - Beyond Journey's End - c001 (v01) - p004-p005 [VIZ Media] [Digital] [1r0n].png,4-5
1,1,5,Frieren - Beyond Journey's End - c001 (v01) - p006 [VIZ Media] [Digital] [1r0n].png,6-6
1,1,6,Frieren - Beyond Journey's End - c001 (v01) - p007 [VIZ Media] [Digital] [1r0n].png,7-7
1,1,7,Frieren - Beyond Journey's End - c001 (v01) - p008 [VIZ Media] [Digital] [1r0n].png,8-8
1,1,8,Frieren - Beyond Journey's End - c001 (v01) - p009 [VIZ Media] [Digital] [1r0n].png,9-9
1,1,9,Frieren - Beyond Journey's End - c001 (v01) - p010 [VIZ Media] [Digital] [1r0n].png,10-10
1,1,10,Frieren - Beyond Journey's End - c001 (v01) - p011 [VIZ Media] [Digital] [1r0n].png,11-11
1,1,11,Frieren - Beyond Journey's End - c001 (v01) - p012 [VIZ Media] [Digital] [1r0n].png,12-12
1,1,12,Frieren - Beyond Journey's End - c001 (v01) - p013 [VIZ Media] [Digital] [1r0n].png,13-13
1,1,13,Frieren - Beyond Journey's End - c001 (v01) - p014 [VIZ Media] [Digital] [1r0n].png,14-14
1,1,14,Frieren - Beyond Journey's End - c001 (v01) - p015 [VIZ Media] [Digital] [1r0n].png,15-15
1,1,15,Frieren - Beyond Journey's End - c001 (v01) - p016 [VIZ Media] [Digital] [1r0n].png,16-16
1,1,16,Frieren - Beyond Journey's End - c001 (v01) - p017 [VIZ Media] [Digital] [1r0n].png,17-17
1,1,17,Frieren - Beyond Journey's End - c001 (v01) - p018 [VIZ Media] [Digital] [1r0n].png,18-18
1,1,18,Frieren - Beyond Journey's End - c001 (v01) - p019 [VIZ Media] [Digital] [1r0n].png,19-19
1,1,19,Frieren - Beyond Journey's End - c001 (v01) - p020 [VIZ Media] [Digital] [1r0n].png,20-20
1,1,20,Frieren - Beyond Journey's End - c001 (v01) - p021 [VIZ Media] [Digital] [1r0n].png,21-21
1,1,21,Frieren - Beyond Journey's End - c001 (v01) - p022 [VIZ Media] [Digital] [1r0n].png,22-22
1,1,22,Frieren - Beyond Journey's End - c001 (v01) - p023 [VIZ Media] [Digital] [1r0n].png,23-23
1,1,23,Frieren - Beyond Journey's End - c001 (v01) - p024 [VIZ Media] [Digital] [1r0n].png,24-24
1,1,24,Frieren - Beyond Journey's End - c001 (v01) - p025 [VIZ Media] [Digital] [1r0n].png,25-25
1,1,25,Frieren - Beyond Journey's End - c001 (v01) - p026 [VIZ Media] [Digital] [1r0n].png,26-26
1,1,26,Frieren - Beyond Journey's End - c001 (v01) - p027 [VIZ Media] [Digital] [1r0n].png,27-27
1,1,27,Frieren - Beyond Journey's End - c001 (v01) - p028-p029 [VIZ Media] [Digital] [1r0n].png,28-29
1,1,28,Frieren - Beyond Journey's End - c001 (v01) - p030 [VIZ Media] [Digital] [1r0n].png,30-30
1,1,29,Frieren - Beyond Journey's End - c001 (v01) - p031 [VIZ Media] [Digital] [1r0n].png,31-31
1,1,30,Frieren - Beyond Journey's End - c001 (v01) - p032 [VIZ Media] [Digital] [1r0n].png,32-32
1,1,31,Frieren - Beyond Journey's End - c001 (v01) - p033 [VIZ Media] [Digital] [1r0n].png,33-33
1,1,32,Frieren - Beyond Journey's End - c001 (v01) - p034 [VIZ Media] [Digital] [1r0n].png,34-34
1,1,33,Frieren - Beyond Journey's End - c001 (v01) - p035 [VIZ Media] [Digital] [1r0n].png,35-35
1,1,34,Frieren - Beyond Journey's End - c001 (v01) - p036 [VIZ Media] [Digital] [1r0n].png,36-36
1,1,35,Frieren - Beyond Journey's End - c001 (v01) - p037 [VIZ Media] [Digital] [1r0n].png,37-37
1,1,36,Frieren - Beyond Journey's End - c001 (v01) - p038 [VIZ Media] [Digital] [1r0n].png,38-38
1,1,37,Frieren - Beyond Journey's End - c001 (v01) - p039 [VIZ Media] [Digital] [1r0n].png,39-39
1,1,38,Frieren - Beyond Journey's End - c001 (v01) - p040 [VIZ Media] [Digital] [1r0n].png,40-40
2,1,39,Frieren - Beyond Journey's End - c002 (v01) - p041 [VIZ Media] [Digital] [1r0n].png,41-41
2,1,40,Frieren - Beyond Journey's End - c002 (v01) - p042 [VIZ Media] [Digital] [1r0n].png,42-42
2,1,41,Frieren - Beyond Journey's End - c002 (v01) - p043 [VIZ Media] [Digital] [1r0n].png,43-43
2,1,42,Frieren - Beyond Journey's End - c002 (v01) - p044 [VIZ Media] [Digital] [1r0n].png,44-44
2,1,43,Frieren - Beyond Journey's End - c002 (v01) - p045 [VIZ Media] [Digital] [1r0n].png,45-45
2,1,44,Frieren - Beyond Journey's End - c002 (v01) - p046 [VIZ Media] [Digital] [1r0n].png,46-46
2,1,45,Frieren - Beyond Journey's End - c002 (v01) - p047 [VIZ Media] [Digital] [1r0n].png,47-47
2,1,46,Frieren - Beyond Journey's End - c002 (v01) - p048 [VIZ Media] [Digital] [1r0n].png,48-48
2,1,47,Frieren - Beyond Journey's End - c002 (v01) - p049 [VIZ Media] [Digital] [1r0n].png,49-49
2,1,48,Frieren - Beyond Journey's End - c002 (v01) - p050 [VIZ Media] [Digital] [1r0n].png,50-50
2,1,49,Frieren - Beyond Journey's End - c002 (v01) - p051 [VIZ Media] [Digital] [1r0n].png,51-51
2,1,50,Frieren - Beyond Journey's End - c002 (v01) - p052 [VIZ Media] [Digital] [1r0n].png,52-52
2,1,51,Frieren - Beyond Journey's End - c002 (v01) - p053 [VIZ Media] [Digital] [1r0n].png,53-53
2,1,52,Frieren - Beyond Journey's End - c002 (v01) - p054 [VIZ Media] [Digital] [1r0n].png,54-54
2,1,53,Frieren - Beyond Journey's End - c002 (v01) - p055 [VIZ Media] [Digital] [1r0n].png,55-55
2,1,54,Frieren - Beyond Journey's End - c002 (v01) - p056 [VIZ Media] [Digital] [1r0n].png,56-56
2,1,55,Frieren - Beyond Journey's End - c002 (v01) - p057 [VIZ Media] [Digital] [1r0n].png,57-57
2,1,56,Frieren - Beyond Journey's End - c002 (v01) - p058 [VIZ Media] [Digital] [1r0n].png,58-58
2,1,57,Frieren - Beyond Journey's End - c002 (v01) - p059 [VIZ Media] [Digital] [1r0n].png,59-59
2,1,58,Frieren - Beyond Journey's End - c002 (v01) - p060 [VIZ Media] [Digital] [1r0n].png,60-60
2,1,59,Frieren - Beyond Journey's End - c002 (v01) - p061 [VIZ Media] [Digital] [1r0n].png,61-61
2,1,60,Frieren - Beyond Journey's End - c002 (v01) - p062 [VIZ Media] [Digital] [1r0n].png,62-62
2,1,61,Frieren - Beyond Journey's End - c002 (v01) - p063 [VIZ Media] [Digital] [1r0n].png,63-63
2,1,62,Frieren - Beyond Journey's End - c002 (v01) - p064 [VIZ Media] [Digital] [1r0n].png,64-64
2,1,63,Frieren - Beyond Journey's End - c002 (v01) - p065 [VIZ Media] [Digital] [1r0n].png,65-65
2,1,64,Frieren - Beyond Journey's End - c002 (v01) - p066 [VIZ Media] [Digital] [1r0n].png,66-66
2,1,65,Frieren - Beyond Journey's End - c002 (v01) - p067 [VIZ Media] [Digital] [1r0n].png,67-67
2,1,66,Frieren - Beyond Journey's End - c002 (v01) - p068 [VIZ Media] [Digital] [1r0n].png,68-68
2,1,67,Frieren - Beyond Journey's End - c002 (v01) - p069 [VIZ Media] [Digital] [1r0n].png,69-69
2,1,68,Frieren - Beyond Journey's End - c002 (v01) - p070 [VIZ Media] [Digital] [1r0n].png,70-70
2,1,69,Frieren - Beyond Journey's End - c002 (v01) - p071 [VIZ Media] [Digital] [1r0n].png,71-71
2,1,70,Frieren - Beyond Journey's End - c002 (v01) - p072 [VIZ Media] [Digital] [1r0n].png,72-72
2,1,71,Frieren - Beyond Journey's End - c002 (v01) - p073 [VIZ Media] [Digital] [1r0n].png,73-73
2,1,72,Frieren - Beyond Journey's End - c002 (v01) - p074 [VIZ Media] [Digital] [1r0n].png,74-74
2,1,73,Frieren - Beyond Journey's End - c002 (v01) - p075 [VIZ Media] [Digital] [1r0n].png,75-75
2,1,74,Frieren - Beyond Journey's End - c002 (v01) - p076 [VIZ Media] [Digital] [1r0n].png,76-76
3,1,75,Frieren - Beyond Journey's End - c003 (v01) - p077 [VIZ Media] [Digital] [1r0n].png,77-77
3,1,76,Frieren - Beyond Journey's End - c003 (v01) - p078 [VIZ Media] [Digital] [1r0n].png,78-78
3,1,77,Frieren - Beyond Journey's End - c003 (v01) - p079 [VIZ Media] [Digital] [1r0n].png,79-79
3,1,78,Frieren - Beyond Journey's End - c003 (v01) - p080 [VIZ Media] [Digital] [1r0n].png,80-80
3,1,79,Frieren - Beyond Journey's End - c003 (v01) - p081 [VIZ Media] [Digital] [1r0n].png,81-81
3,1,80,Frieren - Beyond Journey's End - c003 (v01) - p082 [VIZ Media] [Digital] [1r0n].png,82-82
3,1,81,Frieren - Beyond Journey's End - c003 (v01) - p083 [VIZ Media] [Digital] [1r0n].png,83-83
3,1,82,Frieren - Beyond Journey's End - c003 (v01) - p084 [VIZ Media] [Digital] [1r0n].png,84-84
3,1,83,Frieren - Beyond Journey's End - c003 (v01) - p085 [VIZ Media] [Digital] [1r0n].png,85-85
3,1,84,Frieren - Beyond Journey's End - c003 (v01) - p086 [VIZ Media] [Digital] [1r0n].png,86-86
3,1,85,Frieren - Beyond Journey's End - c003 (v01) - p087 [VIZ Media] [Digital] [1r0n].png,87-87
3,1,86,Frieren - Beyond Journey's End - c003 (v01) - p088 [VIZ Media] [Digital] [1r0n].png,88-88
3,1,87,Frieren - Beyond Journey's End - c003 (v01) - p089 [VIZ Media] [Digital] [1r0n].png,89-89
3,1,88,Frieren - Beyond Journey's End - c003 (v01) - p090 [VIZ Media] [Digital] [1r0n].png,90-90
3,1,89,Frieren - Beyond Journey's End - c003 (v01) - p091 [VIZ Media] [Digital] [1r0n].png,91-91
3,1,90,Frieren - Beyond Journey's End - c003 (v01) - p092 [VIZ Media] [Digital] [1r0n].png,92-92
3,1,91,Frieren - Beyond Journey's End - c003 (v01) - p093 [VIZ Media] [Digital] [1r0n].png,93-93
3,1,92,Frieren - Beyond Journey's End - c003 (v01) - p094 [VIZ Media] [Digital] [1r0n].png,94-94
3,1,93,Frieren - Beyond Journey's End - c003 (v01) - p095 [VIZ Media] [Digital] [1r0n].png,95-95
3,1,94,Frieren - Beyond Journey's End - c003 (v01) - p096 [VIZ Media] [Digital] [1r0n].png,96-96
3,1,95,Frieren - Beyond Journey's End - c003 (v01) - p097 [VIZ Media] [Digital] [1r0n].png,97-97
3,1,96,Frieren - Beyond Journey's End - c003 (v01) - p098 [VIZ Media] [Digital] [1r0n].png,98-98
3,1,97,Frieren - Beyond Journey's End - c003 (v01) - p099 [VIZ Media] [Digital] [1r0n].png,99-99
3,1,98,Frieren - Beyond Journey's End - c003 (v01) - p100 [VIZ Media] [Digital] [1r0n].png,100-100
3,1,99,Frieren - Beyond Journey's End - c003 (v01) - p101 [VIZ Media] [Digital] [1r0n].png,101-101
3,1,100,Frieren - Beyond Journey's End - c003 (v01) - p102 [VIZ Media] [Digital] [1r0n].png,102-102
3,1,101,Frieren - Beyond Journey's End - c003 (v01) - p103 [VIZ Media] [Digital] [1r0n].png,103-103
3,1,102,Frieren - Beyond Journey's End - c003 (v01) - p104 [VIZ Media] [Digital] [1r0n].png,104-104
3,1,103,Frieren - Beyond Journey's End - c003 (v01) - p105 [VIZ Media] [Digital] [1r0n].png,105-105
3,1,104,Frieren - Beyond Journey's End - c003 (v01) - p106 [VIZ Media] [Digital] [1r0n].png,106-106
3,1,105,Frieren - Beyond Journey's End - c003 (v01) - p107 [VIZ Media] [Digital] [1r0n].png,107-107
3,1,106,Frieren - Beyond Journey's End - c003 (v01) - p108 [VIZ Media] [Digital] [1r0n].png,108-108
3,1,107,Frieren - Beyond Journey's End - c003 (v01) - p109 [VIZ Media] [Digital] [1r0n].png,109-109
3,1,108,Frieren - Beyond Journey's End - c003 (v01) - p110 [VIZ Media] [Digital] [1r0n].png,110-110
4,1,109,Frieren - Beyond Journey's End - c004 (v01) - p111 [VIZ Media] [Digital] [1r0n].png,111-111
4,1,110,Frieren - Beyond Journey's End - c004 (v01) - p112 [VIZ Media] [Digital] [1r0n].png,112-112
4,1,111,Frieren - Beyond Journey's End - c004 (v01) - p113 [VIZ Media] [Digital] [1r0n].png,113-113
4,1,112,Frieren - Beyond Journey's End - c004 (v01) - p114 [VIZ Media] [Digital] [1r0n].png,114-114
4,1,113,Frieren - Beyond Journey's End - c004 (v01) - p115 [VIZ Media] [Digital] [1r0n].png,115-115
4,1,114,Frieren - Beyond Journey's End - c004 (v01) - p116 [VIZ Media] [Digital] [1r0n].png,116-116
4,1,115,Frieren - Beyond Journey's End - c004 (v01) - p117 [VIZ Media] [Digital] [1r0n].png,117-117
4,1,116,Frieren - Beyond Journey's End - c004 (v01) - p118 [VIZ Media] [Digital] [1r0n].png,118-118
4,1,117,Frieren - Beyond Journey's End - c004 (v01) - p119 [VIZ Media] [Digital] [1r0n].png,119-119
4,1,118,Frieren - Beyond Journey's End - c004 (v01) - p120 [VIZ Media] [Digital] [1r0n].png,120-120
4,1,119,Frieren - Beyond Journey's End - c004 (v01) - p121 [VIZ Media] [Digital] [1r0n].png,121-121
4,1,120,Frieren - Beyond Journey's End - c004 (v01) - p122 [VIZ Media] [Digital] [1r0n].png,122-122
4,1,121,Frieren - Beyond Journey's End - c004 (v01) - p123 [VIZ Media] [Digital] [1r0n].png,123-123
4,1,122,Frieren - Beyond Journey's End - c004 (v01) - p124 [VIZ Media] [Digital] [1r0n].png,124-124
4,1,123,Frieren - Beyond Journey's End - c004 (v01) - p125 [VIZ Media] [Digital] [1r0n].png,125-125
4,1,124,Frieren - Beyond Journey's End - c004 (v01) - p126 [VIZ Media] [Digital] [1r0n].png,126-126
4,1,125,Frieren - Beyond Journey's End - c004 (v01) - p127 [VIZ Media] [Digital] [1r0n].png,127-127
4,1,126,Frieren - Beyond Journey's End - c004 (v01) - p128 [VIZ Media] [Digital] [1r0n].png,128-128
5,1,127,Frieren - Beyond Journey's End - c005 (v01) - p129 [VIZ Media] [Digital] [1r0n].png,129-129
5,1,128,Frieren - Beyond Journey's End - c005 (v01) - p130 [VIZ Media] [Digital] [1r0n].png,130-130
5,1,129,Frieren - Beyond Journey's End - c005 (v01) - p131 [VIZ Media] [Digital] [1r0n].png,131-131
5,1,130,Frieren - Beyond Journey's End - c005 (v01) - p132 [VIZ Media] [Digital] [1r0n].png,132-132
5,1,131,Frieren - Beyond Journey's End - c005 (v01) - p133 [VIZ Media] [Digital] [1r0n].png,133-133
5,1,132,Frieren - Beyond Journey's End - c005 (v01) - p134 [VIZ Media] [Digital] [1r0n].png,134-134
5,1,133,Frieren - Beyond Journey's End - c005 (v01) - p135 [VIZ Media] [Digital] [1r0n].png,135-135
5,1,134,Frieren - Beyond Journey's End - c005 (v01) - p136 [VIZ Media] [Digital] [1r0n].png,136-136
5,1,135,Frieren - Beyond Journey's End - c005 (v01) - p137 [VIZ Media] [Digital] [1r0n].png,137-137
5,1,136,Frieren - Beyond Journey's End - c005 (v01) - p138 [VIZ Media] [Digital] [1r0n].png,138-138
5,1,137,Frieren - Beyond Journey's End - c005 (v01) - p139 [VIZ Media] [Digital] [1r0n].png,139-139
5,1,138,Frieren - Beyond Journey's End - c005 (v01) - p140 [VIZ Media] [Digital] [1r0n].png,140-140
5,1,139,Frieren - Beyond Journey's End - c005 (v01) - p141 [VIZ Media] [Digital] [1r0n].png,141-141
5,1,140,Frieren - Beyond Journey's End - c005 (v01) - p142 [VIZ Media] [Digital] [1r0n].png,142-142
5,1,141,Frieren - Beyond Journey's End - c005 (v01) - p143 [VIZ Media] [Digital] [1r0n].png,143-143
5,1,142,Frieren - Beyond Journey's End - c005 (v01) - p144 [VIZ Media] [Digital] [1r0n].png,144-144
5,1,143,Frieren - Beyond Journey's End - c005 (v01) - p145 [VIZ Media] [Digital] [1r0n].png,145-145
5,1,144,Frieren - Beyond Journey's End - c005 (v01) - p146 [VIZ Media] [Digital] [1r0n].png,146-146
5,1,145,Frieren - Beyond Journey's End - c005 (v01) - p147 [VIZ Media] [Digital] [1r0n].png,147-147
5,1,146,Frieren - Beyond Journey's End - c005 (v01) - p148 [VIZ Media] [Digital] [1r0n].png,148-148
6,1,147,Frieren - Beyond Journey's End - c006 (v01) - p149 [VIZ Media] [Digital] [1r0n].png,149-149
6,1,148,Frieren - Beyond Journey's End - c006 (v01) - p150 [VIZ Media] [Digital] [1r0n].png,150-150
6,1,149,Frieren - Beyond Journey's End - c006 (v01) - p151 [VIZ Media] [Digital] [1r0n].png,151-151
6,1,150,Frieren - Beyond Journey's End - c006 (v01) - p152 [VIZ Media] [Digital] [1r0n].png,152-152
6,1,151,Frieren - Beyond Journey's End - c006 (v01) - p153 [VIZ Media] [Digital] [1r0n].png,153-153
6,1,152,Frieren - Beyond Journey's End - c006 (v01) - p154 [VIZ Media] [Digital] [1r0n].png,154-154
6,1,153,Frieren - Beyond Journey's End - c006 (v01) - p155 [VIZ Media] [Digital] [1r0n].png,155-155
6,1,154,Frieren - Beyond Journey's End - c006 (v01) - p156 [VIZ Media] [Digital] [1r0n].png,156-156
6,1,155,Frieren - Beyond Journey's End - c006 (v01) - p157 [VIZ Media] [Digital] [1r0n].png,157-157
6,1,156,Frieren - Beyond Journey's End - c006 (v01) - p158 [VIZ Media] [Digital] [1r0n].png,158-158
6,1,157,Frieren - Beyond Journey's End - c006 (v01) - p159 [VIZ Media] [Digital] [1r0n].png,159-159
6,1,158,Frieren - Beyond Journey's End - c006 (v01) - p160 [VIZ Media] [Digital] [1r0n].png,160-160
6,1,159,Frieren - Beyond Journey's End - c006 (v01) - p161 [VIZ Media] [Digital] [1r0n].png,161-161
6,1,160,Frieren - Beyond Journey's End - c006 (v01) - p162 [VIZ Media] [Digital] [1r0n].png,162-162
6,1,161,Frieren - Beyond Journey's End - c006 (v01) - p163 [VIZ Media] [Digital] [1r0n].png,163-163
6,1,162,Frieren - Beyond Journey's End - c006 (v01) - p164 [VIZ Media] [Digital] [1r0n].png,164-164
6,1,163,Frieren - Beyond Journey's End - c006 (v01) - p165 [VIZ Media] [Digital] [1r0n].png,165-165
6,1,164,Frieren - Beyond Journey's End - c006 (v01) - p166 [VIZ Media] [Digital] [1r0n].png,166-166
7,1,165,Frieren - Beyond Journey's End - c007 (v01) - p167 [VIZ Media] [Digital] [1r0n].png,167-167
7,1,166,Frieren - Beyond Journey's End - c007 (v01) - p168 [VIZ Media] [Digital] [1r0n].png,168-168
7,1,167,Frieren - Beyond Journey's End - c007 (v01) - p169 [VIZ Media] [Digital] [1r0n].png,169-169
7,1,168,Frieren - Beyond Journey's End - c007 (v01) - p170 [VIZ Media] [Digital] [1r0n].png,170-170
7,1,169,Frieren - Beyond Journey's End - c007 (v01) - p171 [VIZ Media] [Digital] [1r0n].png,171-171
7,1,170,Frieren - Beyond Journey's End - c007 (v01) - p172 [VIZ Media] [Digital] [1r0n].png,172-172
7,1,171,Frieren - Beyond Journey's End - c007 (v01) - p173 [VIZ Media] [Digital] [1r0n].png,173-173
7,1,172,Frieren - Beyond Journey's End - c007 (v01) - p174 [VIZ Media] [Digital] [1r0n].png,174-174
7,1,173,Frieren - Beyond Journey's End - c007 (v01) - p175 [VIZ Media] [Digital] [1r0n].png,175-175
7,1,174,Frieren - Beyond Journey's End - c007 (v01) - p176 [VIZ Media] [Digital] [1r0n].png,176-176
7,1,175,Frieren - Beyond Journey's End - c007 (v01) - p177 [VIZ Media] [Digital] [1r0n].png,177-177
7,1,176,Frieren - Beyond Journey's End - c007 (v01) - p178 [VIZ Media] [Digital] [1r0n].png,178-178
7,1,177,Frieren - Beyond Journey's End - c007 (v01) - p179 [VIZ Media] [Digital] [1r0n].png,179-179
7,1,178,Frieren - Beyond Journey's End - c007 (v01) - p180 [VIZ Media] [Digital] [1r0n].png,180-180
7,1,179,Frieren - Beyond Journey's End - c007 (v01) - p181 [VIZ Media] [Digital] [1r0n].png,181-181
7,1,180,Frieren - Beyond Journey's End - c007 (v01) - p182 [VIZ Media] [Digital] [1r0n].png,182-182
7,1,181,Frieren - Beyond Journey's End - c007 (v01) - p183 [VIZ Media] [Digital] [1r0n].png,183-183
7,1,182,Frieren - Beyond Journey's End - c007 (v01) - p184 [VIZ Media] [Digital] [1r0n].png,184-184
7,1,183,Frieren - Beyond Journey's End - c007 (v01) - p185 [VIZ Media] [Digital] [1r0n].png,185-185
7,1,184,Frieren - Beyond Journey's End - c007 (v01) - p186-p187 [VIZ Media] [Digital] [1r0n].png,186-187
7,1,185,Frieren - Beyond Journey's End - c007 (v01) - p188 [VIZ Media] [Digital] [1r0n].png,188-188
8,2,3,Frieren - Beyond Journey's End - c008 (v02) - p003 [VIZ Media] [Digital] [1r0n].png,3-3
8,2,4,Frieren - Beyond Journey's End - c008 (v02) - p004 [VIZ Media] [Digital] [1r0n].png,4-4
8,2,5,Frieren - Beyond Journey's End - c008 (v02) - p005 [VIZ Media] [Digital] [1r0n].png,5-5
8,2,6,Frieren - Beyond Journey's End - c008 (v02) - p006 [VIZ Media] [Digital] [1r0n].png,6-6
8,2,7,Frieren - Beyond Journey's End - c008 (v02) - p007 [VIZ Media] [Digital] [1r0n].png,7-7
8,2,8,Frieren - Beyond Journey's End - c008 (v02) - p008 [VIZ Media] [Digital] [1r0n].png,8-8
8,2,9,Frieren - Beyond Journey's End - c008 (v02) - p009 [VIZ Media] [Digital] [1r0n].png,9-9
8,2,10,Frieren - Beyond Journey's End - c008 (v02) - p010 [VIZ Media] [Digital] [1r0n].png,10-10
8,2,11,Frieren - Beyond Journey's End - c008 (v02) - p011 [VIZ Media] [Digital] [1r0n].png,11-11
8,2,12,Frieren - Beyond Journey's End - c008 (v02) - p012 [VIZ Media] [Digital] [1r0n].png,12-12
8,2,13,Frieren - Beyond Journey's End - c008 (v02) - p013 [VIZ Media] [Digital] [1r0n].png,13-13
8,2,14,Frieren - Beyond Journey's End - c008 (v02) - p014 [VIZ Media] [Digital] [1r0n].png,14-14
8,2,15,Frieren - Beyond Journey's End - c008 (v02) - p015 [VIZ Media] [Digital] [1r0n].png,15-15
8,2,16,Frieren - Beyond Journey's End - c008 (v02) - p016 [VIZ Media] [Digital] [1r0n].png,16-16
8,2,17,Frieren - Beyond Journey's End - c008 (v02) - p017 [VIZ Media] [Digital] [1r0n].png,17-17
8,2,18,Frieren - Beyond Journey's End - c008 (v02) - p018 [VIZ Media] [Digital] [1r0n].png,18-18
8,2,19,Frieren - Beyond Journey's End - c008 (v02) - p019 [VIZ Media] [Digital] [1r0n].png,19-19
8,2,20,Frieren - Beyond Journey's End - c008 (v02) - p020 [VIZ Media] [Digital] [1r0n].png,20-20
8,2,21,Frieren - Beyond Journey's End - c008 (v02) - p021 [VIZ Media] [Digital] [1r0n].png,21-21
9,2,22,Frieren - Beyond Journey's End - c009 (v02) - p022 [VIZ Media] [Digital] [1r0n].png,22-22
9,2,23,Frieren - Beyond Journey's End - c009 (v02) - p023 [VIZ Media] [Digital] [1r0n].png,23-23
9,2,24,Frieren - Beyond Journey's End - c009 (v02) - p024 [VIZ Media] [Digital] [1r0n].png,24-24
9,2,25,Frieren - Beyond Journey's End - c009 (v02) - p025 [VIZ Media] [Digital] [1r0n].png,25-25
9,2,26,Frieren - Beyond Journey's End - c009 (v02) - p026 [VIZ Media] [Digital] [1r0n].png,26-26
9,2,27,Frieren - Beyond Journey's End - c009 (v02) - p027 [VIZ Media] [Digital] [1r0n].png,27-27
9,2,28,Frieren - Beyond Journey's End - c009 (v02) - p028 [VIZ Media] [Digital] [1r0n].png,28-28
9,2,29,Frieren - Beyond Journey's End - c009 (v02) - p029 [VIZ Media] [Digital] [1r0n].png,29-29
9,2,30,Frieren - Beyond Journey's End - c009 (v02) - p030 [VIZ Media] [Digital] [1r0n].png,30-30
9,2,31,Frieren - Beyond Journey's End - c009 (v02) - p031 [VIZ Media] [Digital] [1r0n].png,31-31
9,2,32,Frieren - Beyond Journey's End - c009 (v02) - p032 [VIZ Media] [Digital] [1r0n].png,32-32
9,2,33,Frieren - Beyond Journey's End - c009 (v02) - p033 [VIZ Media] [Digital] [1r0n].png,33-33
9,2,34,Frieren - Beyond Journey's End - c009 (v02) - p034 [VIZ Media] [Digital] [1r0n].png,34-34
9,2,35,Frieren - Beyond Journey's End - c009 (v02) - p035 [VIZ Media] [Digital] [1r0n].png,35-35
9,2,36,Frieren - Beyond Journey's End - c009 (v02) - p036 [VIZ Media] [Digital] [1r0n].png,36-36
9,2,37,Frieren - Beyond Journey's End - c009 (v02) - p037 [VIZ Media] [Digital] [1r0n].png,37-37
9,2,38,Frieren - Beyond Journey's End - c009 (v02) - p038 [VIZ Media] [Digital] [1r0n].png,38-38
9,2,39,Frieren - Beyond Journey's End - c009 (v02) - p039 [VIZ Media] [Digital] [1r0n].png,39-39
9,2,40,Frieren - Beyond Journey's End - c009 (v02) - p040 [VIZ Media] [Digital] [1r0n].png,40-40
10,2,41,Frieren - Beyond Journey's End - c010 (v02) - p041 [VIZ Media] [Digital] [1r0n].png,41-41
10,2,42,Frieren - Beyond Journey's End - c010 (v02) - p042 [VIZ Media] [Digital] [1r0n].png,42-42
10,2,43,Frieren - Beyond Journey's End - c010 (v02) - p043 [VIZ Media] [Digital] [1r0n].png,43-43
10,2,44,Frieren - Beyond Journey's End - c010 (v02) - p044 [VIZ Media] [Digital] [1r0n].png,44-44
10,2,45,Frieren - Beyond Journey's End - c010 (v02) - p045 [VIZ Media] [Digital] [1r0n].png,45-45
10,2,46,Frieren - Beyond Journey's End - c010 (v02) - p046 [VIZ Media] [Digital] [1r0n].png,46-46
10,2,47,Frieren - Beyond Journey's End - c010 (v02) - p047 [VIZ Media] [Digital] [1r0n].png,47-47
10,2,48,Frieren - Beyond Journey's End - c010 (v02) - p048 [VIZ Media] [Digital] [1r0n].png,48-48
10,2,49,Frieren - Beyond Journey's End - c010 (v02) - p049 [VIZ Media] [Digital] [1r0n].png,49-49
10,2,50,Frieren - Beyond Journey's End - c010 (v02) - p050 [VIZ Media] [Digital] [1r0n].png,50-50
10,2,51,Frieren - Beyond Journey's End - c010 (v02) - p051 [VIZ Media] [Digital] [1r0n].png,51-51
10,2,52,Frieren - Beyond Journey's End - c010 (v02) - p052 [VIZ Media] [Digital] [1r0n].png,52-52
10,2,53,Frieren - Beyond Journey's End - c010 (v02) - p053 [VIZ Media] [Digital] [1r0n].png,53-53
10,2,54,Frieren - Beyond Journey's End - c010 (v02) - p054 [VIZ Media] [Digital] [1r0n].png,54-54
10,2,55,Frieren - Beyond Journey's End - c010 (v02) - p055 [VIZ Media] [Digital] [1r0n].png,55-55
10,2,56,Frieren - Beyond Journey's End - c010 (v02) - p056 [VIZ Media] [Digital] [1r0n].png,56-56
10,2,57,Frieren - Beyond Journey's End - c010 (v02) - p057 [VIZ Media] [Digital] [1r0n].png,57-57
10,2,58,Frieren - Beyond Journey's End - c010 (v02) - p058 [VIZ Media] [Digital] [1r0n].png,58-58
10,2,59,Frieren - Beyond Journey's End - c010 (v02) - p059 [VIZ Media] [Digital] [1r0n].png,59-59
10,2,60,Frieren - Beyond Journey's End - c010 (v02) - p060 [VIZ Media] [Digital] [1r0n].png,60-60
10,2,61,Frieren - Beyond Journey's End - c010 (v02) - p061 [VIZ Media] [Digital] [1r0n].png,61-61
10,2,62,Frieren - Beyond Journey's End - c010 (v02) - p062 [VIZ Media] [Digital] [1r0n].png,62-62
11,2,63,Frieren - Beyond Journey's End - c011 (v02) - p063 [VIZ Media] [Digital] [1r0n].png,63-63
11,2,64,Frieren - Beyond Journey's End - c011 (v02) - p064 [VIZ Media] [Digital] [1r0n].png,64-64
11,2,65,Frieren - Beyond Journey's End - c011 (v02) - p065 [VIZ Media] [Digital] [1r0n].png,65-65
11,2,66,Frieren - Beyond Journey's End - c011 (v02) - p066 [VIZ Media] [Digital] [1r0n].png,66-66
11,2,67,Frieren - Beyond Journey's End - c011 (v02) - p067 [VIZ Media] [Digital] [1r0n].png,67-67
11,2,68,Frieren - Beyond Journey's End - c011 (v02) - p068 [VIZ Media] [Digital] [1r0n].png,68-68
11,2,69,Frieren - Beyond Journey's End - c011 (v02) - p069 [VIZ Media] [Digital] [1r0n].png,69-69
11,2,70,Frieren - Beyond Journey's End - c011 (v02) - p070 [VIZ Media] [Digital] [1r0n].png,70-70
11,2,71,Frieren - Beyond Journey's End - c011 (v02) - p071 [VIZ Media] [Digital] [1r0n].png,71-71
11,2,72,Frieren - Beyond Journey's End - c011 (v02) - p072 [VIZ Media] [Digital] [1r0n].png,72-72
11,2,73,Frieren - Beyond Journey's End - c011 (v02) - p073 [VIZ Media] [Digital] [1r0n].png,73-73
11,2,74,Frieren - Beyond Journey's End - c011 (v02) - p074 [VIZ Media] [Digital] [1r0n].png,74-74
11,2,75,Frieren - Beyond Journey's End - c011 (v02) - p075 [VIZ Media] [Digital] [1r0n].png,75-75
11,2,76,Frieren - Beyond Journey's End - c011 (v02) - p076 [VIZ Media] [Digital] [1r0n].png,76-76
11,2,77,Frieren - Beyond Journey's End - c011 (v02) - p077 [VIZ Media] [Digital] [1r0n].png,77-77
11,2,78,Frieren - Beyond Journey's End - c011 (v02) - p078 [VIZ Media] [Digital] [1r0n].png,78-78
11,2,79,Frieren - Beyond Journey's End - c011 (v02) - p079 [VIZ Media] [Digital] [1r0n].png,79-79
11,2,80,Frieren - Beyond Journey's End - c011 (v02) - p080 [VIZ Media] [Digital] [1r0n].png,80-80
11,2,81,Frieren - Beyond Journey's End - c011 (v02) - p081 [VIZ Media] [Digital] [1r0n].png,81-81
11,2,82,Frieren - Beyond Journey's End - c011 (v02) - p082 [VIZ Media] [Digital] [1r0n].png,82-82
12,2,83,Frieren - Beyond Journey's End - c012 (v02) - p083 [VIZ Media] [Digital] [1r0n].png,83-83
12,2,84,Frieren - Beyond Journey's End - c012 (v02) - p084-p085 [VIZ Media] [Digital] [1r0n].png,84-85
12,2,85,Frieren - Beyond Journey's End - c012 (v02) - p086 [VIZ Media] [Digital] [1r0n].png,86-86
12,2,86,Frieren - Beyond Journey's End - c012 (v02) - p087 [VIZ Media] [Digital] [1r0n].png,87-87
12,2,87,Frieren - Beyond Journey's End - c012 (v02) - p088 [VIZ Media] [Digital] [1r0n].png,88-88
12,2,88,Frieren - Beyond Journey's End - c012 (v02) - p089 [VIZ Media] [Digital] [1r0n].png,89-89
12,2,89,Frieren - Beyond Journey's End - c012 (v02) - p090 [VIZ Media] [Digital] [1r0n].png,90-90
12,2,90,Frieren - Beyond Journey's End - c012 (v02) - p091 [VIZ Media] [Digital] [1r0n].png,91-91
12,2,91,Frieren - Beyond Journey's End - c012 (v02) - p092 [VIZ Media] [Digital] [1r0n].png,92-92
12,2,92,Frieren - Beyond Journey's End - c012 (v02) - p093 [VIZ Media] [Digital] [1r0n].png,93-93
12,2,93,Frieren - Beyond Journey's End - c012 (v02) - p094 [VIZ Media] [Digital] [1r0n].png,94-94
12,2,94,Frieren - Beyond Journey's End - c012 (v02) - p095 [VIZ Media] [Digital] [1r0n].png,95-95
12,2,95,Frieren - Beyond Journey's End - c012 (v02) - p096 [VIZ Media] [Digital] [1r0n].png,96-96
12,2,96,Frieren - Beyond Journey's End - c012 (v02) - p097 [VIZ Media] [Digital] [1r0n].png,97-97
12,2,97,Frieren - Beyond Journey's End - c012 (v02) - p098 [VIZ Media] [Digital] [1r0n].png,98-98
12,2,98,Frieren - Beyond Journey's End - c012 (v02) - p099 [VIZ Media] [Digital] [1r0n].png,99-99
12,2,99,Frieren - Beyond Journey's End - c012 (v02) - p100 [VIZ Media] [Digital] [1r0n].png,100-100
12,2,100,Frieren - Beyond Journey's End - c012 (v02) - p101 [VIZ Media] [Digital] [1r0n].png,101-101
12,2,101,Frieren - Beyond Journey's End - c012 (v02) - p102 [VIZ Media] [Digital] [1r0n].png,102-102
13,2,102,Frieren - Beyond Journey's End - c013 (v02) - p103 [VIZ Media] [Digital] [1r0n].png,103-103
13,2,103,Frieren - Beyond Journey's End - c013 (v02) - p104 [VIZ Media] [Digital] [1r0n].png,104-104
13,2,104,Frieren - Beyond Journey's End - c013 (v02) - p105 [VIZ Media] [Digital] [1r0n].png,105-105
13,2,105,Frieren - Beyond Journey's End - c013 (v02) - p106 [VIZ Media] [Digital] [1r0n].png,106-106
13,2,106,Frieren - Beyond Journey's End - c013 (v02) - p107 [VIZ Media] [Digital] [1r0n].png,107-107
13,2,107,Frieren - Beyond Journey's End - c013 (v02) - p108 [VIZ Media] [Digital] [1r0n].png,108-108
13,2,108,Frieren - Beyond Journey's End - c013 (v02) - p109 [VIZ Media] [Digital] [1r0n].png,109-109
13,2,109,Frieren - Beyond Journey's End - c013 (v02) - p110 [VIZ Media] [Digital] [1r0n].png,110-110
13,2,110,Frieren - Beyond Journey's End - c013 (v02) - p111 [VIZ Media] [Digital] [1r0n].png,111-111
13,2,111,Frieren - Beyond Journey's End - c013 (v02) - p112 [VIZ Media] [Digital] [1r0n].png,112-112
13,2,112,Frieren - Beyond Journey's End - c013 (v02) - p113 [VIZ Media] [Digital] [1r0n].png,113-113
13,2,113,Frieren - Beyond Journey's End - c013 (v02) - p114 [VIZ Media] [Digital] [1r0n].png,114-114
13,2,114,Frieren - Beyond Journey's End - c013 (v02) - p115 [VIZ Media] [Digital] [1r0n].png,115-115
13,2,115,Frieren - Beyond Journey's End - c013 (v02) - p116 [VIZ Media] [Digital] [1r0n].png,116-116
13,2,116,Frieren - Beyond Journey's End - c013 (v02) - p117 [VIZ Media] [Digital] [1r0n].png,117-117
13,2,117,Frieren - Beyond Journey's End - c013 (v02) - p118 [VIZ Media] [Digital] [1r0n].png,118-118
13,2,118,Frieren - Beyond Journey's End - c013 (v02) - p119 [VIZ Media] [Digital] [1r0n].png,119-119
13,2,119,Frieren - Beyond Journey's End - c013 (v02) - p120 [VIZ Media] [Digital] [1r0n].png,120-120
14,2,120,Frieren - Beyond Journey's End - c014 (v02) - p121 [VIZ Media] [Digital] [1r0n].png,121-121
14,2,121,Frieren - Beyond Journey's End - c014 (v02) - p122 [VIZ Media] [Digital] [1r0n].png,122-122
14,2,122,Frieren - Beyond Journey's End - c014 (v02) - p123 [VIZ Media] [Digital] [1r0n].png,123-123
14,2,123,Frieren - Beyond Journey's End - c014 (v02) - p124 [VIZ Media] [Digital] [1r0n].png,124-124
14,2,124,Frieren - Beyond Journey's End - c014 (v02) - p125 [VIZ Media] [Digital] [1r0n].png,125-125
14,2,125,Frieren - Beyond Journey's End - c014 (v02) - p126 [VIZ Media] [Digital] [1r0n].png,126-126
14,2,126,Frieren - Beyond Journey's End - c014 (v02) - p127 [VIZ Media] [Digital] [1r0n].png,127-127
14,2,127,Frieren - Beyond Journey's End - c014 (v02) - p128 [VIZ Media] [Digital] [1r0n].png,128-128
14,2,128,Frieren - Beyond Journey's End - c014 (v02) - p129 [VIZ Media] [Digital] [1r0n].png,129-129
14,2,129,Frieren - Beyond Journey's End - c014 (v02) - p130 [VIZ Media] [Digital] [1r0n].png,130-130
14,2,130,Frieren - Beyond Journey's End - c014 (v02) - p131 [VIZ Media] [Digital] [1r0n].png,131-131
14,2,131,Frieren - Beyond Journey's End - c014 (v02) - p132 [VIZ Media] [Digital] [1r0n].png,132-132
14,2,132,Frieren - Beyond Journey's End - c014 (v02) - p133 [VIZ Media] [Digital] [1r0n].png,133-133
14,2,133,Frieren - Beyond Journey's End - c014 (v02) - p134 [VIZ Media] [Digital] [1r0n].png,134-134
14,2,134,Frieren - Beyond Journey's End - c014 (v02) - p135 [VIZ Media] [Digital] [1r0n].png,135-135
14,2,135,Frieren - Beyond Journey's End - c014 (v02) - p136 [VIZ Media] [Digital] [1r0n].png,136-136
14,2,136,Frieren - Beyond Journey's End - c014 (v02) - p137 [VIZ Media] [Digital] [1r0n].png,137-137
14,2,137,Frieren - Beyond Journey's End - c014 (v02) - p138 [VIZ Media] [Digital] [1r0n].png,138-138
15,2,138,Frieren - Beyond Journey's End - c015 (v02) - p139 [VIZ Media] [Digital] [1r0n].png,139-139
15,2,139,Frieren - Beyond Journey's End - c015 (v02) - p140 [VIZ Media] [Digital] [1r0n].png,140-140
15,2,140,Frieren - Beyond Journey's End - c015 (v02) - p141 [VIZ Media] [Digital] [1r0n].png,141-141
15,2,141,Frieren - Beyond Journey's End - c015 (v02) - p142 [VIZ Media] [Digital] [1r0n].png,142-142
15,2,142,Frieren - Beyond Journey's End - c015 (v02) - p143 [VIZ Media] [Digital] [1r0n].png,143-143
15,2,143,Frieren - Beyond Journey's End - c015 (v02) - p144 [VIZ Media] [Digital] [1r0n].png,144-144
15,2,144,Frieren - Beyond Journey's End - c015 (v02) - p145 [VIZ Media] [Digital] [1r0n].png,145-145
15,2,145,Frieren - Beyond Journey's End - c015 (v02) - p146 [VIZ Media] [Digital] [1r0n].png,146-146
15,2,146,Frieren - Beyond Journey's End - c015 (v02) - p147 [VIZ Media] [Digital] [1r0n].png,147-147
15,2,147,Frieren - Beyond Journey's End - c015 (v02) - p148 [VIZ Media] [Digital] [1r0n].png,148-148
15,2,148,Frieren - Beyond Journey's End - c015 (v02) - p149 [VIZ Media] [Digital] [1r0n].png,149-149
15,2,149,Frieren - Beyond Journey's End - c015 (v02) - p150 [VIZ Media] [Digital] [1r0n].png,150-150
15,2,150,Frieren - Beyond Journey's End - c015 (v02) - p151 [VIZ Media] [Digital] [1r0n].png,151-151
15,2,151,Frieren - Beyond Journey's End - c015 (v02) - p152 [VIZ Media] [Digital] [1r0n].png,152-152
15,2,152,Frieren - Beyond Journey's End - c015 (v02) - p153 [VIZ Media] [Digital] [1r0n].png,153-153
15,2,153,Frieren - Beyond Journey's End - c015 (v02) - p154 [VIZ Media] [Digital] [1r0n].png,154-154
15,2,154,Frieren - Beyond Journey's End - c015 (v02) - p155 [VIZ Media] [Digital] [1r0n].png,155-155
15,2,155,Frieren - Beyond Journey's End - c015 (v02) - p156 [VIZ Media] [Digital] [1r0n].png,156-156
16,2,156,Frieren - Beyond Journey's End - c016 (v02) - p157 [VIZ Media] [Digital] [1r0n].png,157-157
16,2,157,Frieren - Beyond Journey's End - c016 (v02) - p158 [VIZ Media] [Digital] [1r0n].png,158-158
16,2,158,Frieren - Beyond Journey's End - c016 (v02) - p159 [VIZ Media] [Digital] [1r0n].png,159-159
16,2,159,Frieren - Beyond Journey's End - c016 (v02) - p160 [VIZ Media] [Digital] [1r0n].png,160-160
16,2,160,Frieren - Beyond Journey's End - c016 (v02) - p161 [VIZ Media] [Digital] [1r0n].png,161-161
16,2,161,Frieren - Beyond Journey's End - c016 (v02) - p162 [VIZ Media] [Digital] [1r0n].png,162-162
16,2,162,Frieren - Beyond Journey's End - c016 (v02) - p163 [VIZ Media] [Digital] [1r0n].png,163-163
16,2,163,Frieren - Beyond Journey's End - c016 (v02) - p164 [VIZ Media] [Digital] [1r0n].png,164-164
16,2,164,Frieren - Beyond Journey's End - c016 (v02) - p165 [VIZ Media] [Digital] [1r0n].png,165-165
16,2,165,Frieren - Beyond Journey's End - c016 (v02) - p166 [VIZ Media] [Digital] [1r0n].png,166-166
16,2,166,Frieren - Beyond Journey's End - c016 (v02) - p167 [VIZ Media] [Digital] [1r0n].png,167-167
16,2,167,Frieren - Beyond Journey's End - c016 (v02) - p168 [VIZ Media] [Digital] [1r0n].png,168-168
16,2,168,Frieren - Beyond Journey's End - c016 (v02) - p169 [VIZ Media] [Digital] [1r0n].png,169-169
16,2,169,Frieren - Beyond Journey's End - c016 (v02) - p170 [VIZ Media] [Digital] [1r0n].png,170-170
16,2,170,Frieren - Beyond Journey's End - c016 (v02) - p171 [VIZ Media] [Digital] [1r0n].png,171-171
16,2,171,Frieren - Beyond Journey's End - c016 (v02) - p172 [VIZ Media] [Digital] [1r0n].png,172-172
16,2,172,Frieren - Beyond Journey's End - c016 (v02) - p173 [VIZ Media] [Digital] [1r0n].png,173-173
16,2,173,Frieren - Beyond Journey's End - c016 (v02) - p174 [VIZ Media] [Digital] [1r0n].png,174-174
16,2,174,Frieren - Beyond Journey's End - c016 (v02) - p175 [VIZ Media] [Digital] [1r0n].png,175-175
17,2,175,Frieren - Beyond Journey's End - c017 (v02) - p176 [VIZ Media] [Digital] [1r0n].png,176-176
17,2,176,Frieren - Beyond Journey's End - c017 (v02) - p177 [VIZ Media] [Digital] [1r0n].png,177-177
17,2,177,Frieren - Beyond Journey's End - c017 (v02) - p178 [VIZ Media] [Digital] [1r0n].png,178-178
17,2,178,Frieren - Beyond Journey's End - c017 (v02) - p179 [VIZ Media] [Digital] [1r0n].png,179-179
17,2,179,Frieren - Beyond Journey's End - c017 (v02) - p180 [VIZ Media] [Digital] [1r0n].png,180-180
17,2,180,Frieren - Beyond Journey's End - c017 (v02) - p181 [VIZ Media] [Digital] [1r0n].png,181-181
17,2,181,Frieren - Beyond Journey's End - c017 (v02) - p182 [VIZ Media] [Digital] [1r0n].png,182-182
17,2,182,Frieren - Beyond Journey's End - c017 (v02) - p183 [VIZ Media] [Digital] [1r0n].png,183-183
17,2,183,Frieren - Beyond Journey's End - c017 (v02) - p184 [VIZ Media] [Digital] [1r0n].png,184-184
17,2,184,Frieren - Beyond Journey's End - c017 (v02) - p185 [VIZ Media] [Digital] [1r0n].png,185-185
17,2,185,Frieren - Beyond Journey's End - c017 (v02) - p186 [VIZ Media] [Digital] [1r0n].png,186-186
17,2,186,Frieren - Beyond Journey's End - c017 (v02) - p187 [VIZ Media] [Digital] [1r0n].png,187-187
17,2,187,Frieren - Beyond Journey's End - c017 (v02) - p188 [VIZ Media] [Digital] [1r0n].png,188-188
17,2,188,Frieren - Beyond Journey's End - c017 (v02) - p189 [VIZ Media] [Digital] [1r0n].png,189-189
17,2,189,Frieren - Beyond Journey's End - c017 (v02) - p190 [VIZ Media] [Digital] [1r0n].png,190-190
17,2,190,Frieren - Beyond Journey's End - c017 (v02) - p191 [VIZ Media] [Digital] [1r0n].png,191-191
17,2,191,Frieren - Beyond Journey's End - c017 (v02) - p192 [VIZ Media] [Digital] [1r0n].png,192-192
17,2,192,Frieren - Beyond Journey's End - c017 (v02) - p193 [VIZ Media] [Digital] [1r0n].png,193-193
17,2,193,Frieren - Beyond Journey's End - c017 (v02) - p194 [VIZ Media] [Digital] [1r0n].png,194-194
17,2,194,Frieren - Beyond Journey's End - c017 (v02) - p195 [VIZ Media] [Digital] [1r0n].png,195-195
17,2,195,Frieren - Beyond Journey's End - c017 (v02) - p196 [VIZ Media] [Digital] [1r0n].png,196-196
17,2,196,Frieren - Beyond Journey's End - c017 (v02) - p197 [VIZ Media] [Digital] [1r0n].png,197-197
18,3,3,Frieren - Beyond Journey's End - c018 (v03) - p003 [VIZ Media] [Digital] [1r0n].png,3-3
18,3,4,Frieren - Beyond Journey's End - c018 (v03) - p004 [VIZ Media] [Digital] [1r0n].png,4-4
18,3,5,Frieren - Beyond Journey's End - c018 (v03) - p005 [VIZ Media] [Digital] [1r0n].png,5-5
18,3,6,Frieren - Beyond Journey's End - c018 (v03) - p006 [VIZ Media] [Digital] [1r0n].png,6-6
18,3,7,Frieren - Beyond Journey's End - c018 (v03) - p007 [VIZ Media] [Digital] [1r0n].png,7-7
18,3,8,Frieren - Beyond Journey's End - c018 (v03) - p008 [VIZ Media] [Digital] [1r0n].png,8-8
18,3,9,Frieren - Beyond Journey's End - c018 (v03) - p009 [VIZ Media] [Digital] [1r0n].png,9-9
18,3,10,Frieren - Beyond Journey's End - c018 (v03) - p010 [VIZ Media] [Digital] [1r0n].png,10-10
18,3,11,Frieren - Beyond Journey's End - c018 (v03) - p011 [VIZ Media] [Digital] [1r0n].png,11-11
18,3,12,Frieren - Beyond Journey's End - c018 (v03) - p012 [VIZ Media] [Digital] [1r0n].png,12-12
18,3,13,Frieren - Beyond Journey's End - c018 (v03) - p013 [VIZ Media] [Digital] [1r0n].png,13-13
18,3,14,Frieren - Beyond Journey's End - c018 (v03) - p014 [VIZ Media] [Digital] [1r0n].png,14-14
18,3,15,Frieren - Beyond Journey's End - c018 (v03) - p015 [VIZ Media] [Digital] [1r0n].png,15-15
18,3,16,Frieren - Beyond Journey's End - c018 (v03) - p016 [VIZ Media] [Digital] [1r0n].png,16-16
18,3,17,Frieren - Beyond Journey's End - c018 (v03) - p017 [VIZ Media] [Digital] [1r0n].png,17-17
18,3,18,Frieren - Beyond Journey's End - c018 (v03) - p018 [VIZ Media] [Digital] [1r0n].png,18-18
18,3,19,Frieren - Beyond Journey's End - c018 (v03) - p019 [VIZ Media] [Digital] [1r0n].png,19-19
18,3,20,Frieren - Beyond Journey's End - c018 (v03) - p020 [VIZ Media] [Digital] [1r0n].png,20-20
19,3,21,Frieren - Beyond Journey's End - c019 (v03) - p021 [VIZ Media] [Digital] [1r0n].png,21-21
19,3,22,Frieren - Beyond Journey's End - c019 (v03) - p022 [VIZ Media] [Digital] [1r0n].png,22-22
19,3,23,Frieren - Beyond Journey's End - c019 (v03) - p023 [VIZ Media] [Digital] [1r0n].png,23-23
19,3,24,Frieren - Beyond Journey's End - c019 (v03) - p024 [VIZ Media] [Digital] [1r0n].png,24-24
19,3,25,Frieren - Beyond Journey's End - c019 (v03) - p025 [VIZ Media] [Digital] [1r0n].png,25-25
19,3,26,Frieren - Beyond Journey's End - c019 (v03) - p026 [VIZ Media] [Digital] [1r0n].png,26-26
19,3,27,Frieren - Beyond Journey's End - c019 (v03) - p027 [VIZ Media] [Digital] [1r0n].png,27-27
19,3,28,Frieren - Beyond Journey's End - c019 (v03) - p028 [VIZ Media] [Digital] [1r0n].png,28-28
19,3,29,Frieren - Beyond Journey's End - c019 (v03) - p029 [VIZ Media] [Digital] [1r0n].png,29-29
19,3,30,Frieren - Beyond Journey's End - c019 (v03) - p030 [VIZ Media] [Digital] [1r0n].png,30-30
19,3,31,Frieren - Beyond Journey's End - c019 (v03) - p031 [VIZ Media] [Digital] [1r0n].png,31-31
19,3,32,Frieren - Beyond Journey's End - c019 (v03) - p032 [VIZ Media] [Digital] [1r0n].png,32-32
19,3,33,Frieren - Beyond Journey's End - c019 (v03) - p033 [VIZ Media] [Digital] [1r0n].png,33-33
19,3,34,Frieren - Beyond Journey's End - c019 (v03) - p034 [VIZ Media] [Digital] [1r0n].png,34-34
19,3,35,Frieren - Beyond Journey's End - c019 (v03) - p035 [VIZ Media] [Digital] [1r0n].png,35-35
19,3,36,Frieren - Beyond Journey's End - c019 (v03) - p036 [VIZ Media] [Digital] [1r0n].png,36-36
19,3,37,Frieren - Beyond Journey's End - c019 (v03) - p037 [VIZ Media] [Digital] [1r0n].png,37-37
19,3,38,Frieren - Beyond Journey's End - c019 (v03) - p038 [VIZ Media] [Digital] [1r0n].png,38-38
20,3,39,Frieren - Beyond Journey's End - c020 (v03) - p039 [VIZ Media] [Digital] [1r0n].png,39-39
20,3,40,Frieren - Beyond Journey's End - c020 (v03) - p040 [VIZ Media] [Digital] [1r0n].png,40-40
20,3,41,Frieren - Beyond Journey's End - c020 (v03) - p041 [VIZ Media] [Digital] [1r0n].png,41-41
20,3,42,Frieren - Beyond Journey's End - c020 (v03) - p042 [VIZ Media] [Digital] [1r0n].png,42-42
20,3,43,Frieren - Beyond Journey's End - c020 (v03) - p043 [VIZ Media] [Digital] [1r0n].png,43-43
20,3,44,Frieren - Beyond Journey's End - c020 (v03) - p044 [VIZ Media] [Digital] [1r0n].png,44-44
20,3,45,Frieren - Beyond Journey's End - c020 (v03) - p045 [VIZ Media] [Digital] [1r0n].png,45-45
20,3,46,Frieren - Beyond Journey's End - c020 (v03) - p046 [VIZ Media] [Digital] [1r0n].png,46-46
20,3,47,Frieren - Beyond Journey's End - c020 (v03) - p047 [VIZ Media] [Digital] [1r0n].png,47-47
20,3,48,Frieren - Beyond Journey's End - c020 (v03) - p048 [VIZ Media] [Digital] [1r0n].png,48-48
20,3,49,Frieren - Beyond Journey's End - c020 (v03) - p049 [VIZ Media] [Digital] [1r0n].png,49-49
20,3,50,Frieren - Beyond Journey's End - c020 (v03) - p050 [VIZ Media] [Digital] [1r0n].png,50-50
20,3,51,Frieren - Beyond Journey's End - c020 (v03) - p051 [VIZ Media] [Digital] [1r0n].png,51-51
20,3,52,Frieren - Beyond Journey's End - c020 (v03) - p052 [VIZ Media] [Digital] [1r0n].png,52-52
20,3,53,Frieren - Beyond Journey's End - c020 (v03) - p053 [VIZ Media] [Digital] [1r0n].png,53-53
20,3,54,Frieren - Beyond Journey's End - c020 (v03) - p054 [VIZ Media] [Digital] [1r0n].png,54-54
20,3,55,Frieren - Beyond Journey's End - c020 (v03) - p055 [VIZ Media] [Digital] [1r0n].png,55-55
20,3,56,Frieren - Beyond Journey's End - c020 (v03) - p056 [VIZ Media] [Digital] [1r0n].png,56-56
21,3,57,Frieren - Beyond Journey's End - c021 (v03) - p057 [VIZ Media] [Digital] [1r0n].png,57-57
21,3,58,Frieren - Beyond Journey's End - c021 (v03) - p058 [VIZ Media] [Digital] [1r0n].png,58-58
21,3,59,Frieren - Beyond Journey's End - c021 (v03) - p059 [VIZ Media] [Digital] [1r0n].png,59-59
21,3,60,Frieren - Beyond Journey's End - c021 (v03) - p060 [VIZ Media] [Digital] [1r0n].png,60-60
21,3,61,Frieren - Beyond Journey's End - c021 (v03) - p061 [VIZ Media] [Digital] [1r0n].png,61-61
21,3,62,Frieren - Beyond Journey's End - c021 (v03) - p062 [VIZ Media] [Digital] [1r0n].png,62-62
21,3,63,Frieren - Beyond Journey's End - c021 (v03) - p063 [VIZ Media] [Digital] [1r0n].png,63-63
21,3,64,Frieren - Beyond Journey's End - c021 (v03) - p064 [VIZ Media] [Digital] [1r0n].png,64-64
21,3,65,Frieren - Beyond Journey's End - c021 (v03) - p065 [VIZ Media] [Digital] [1r0n].png,65-65
21,3,66,Frieren - Beyond Journey's End - c021 (v03) - p066 [VIZ Media] [Digital] [1r0n].png,66-66
21,3,67,Frieren - Beyond Journey's End - c021 (v03) - p067 [VIZ Media] [Digital] [1r0n].png,67-67
21,3,68,Frieren - Beyond Journey's End - c021 (v03) - p068 [VIZ Media] [Digital] [1r0n].png,68-68
21,3,69,Frieren - Beyond Journey's End - c021 (v03) - p069 [VIZ Media] [Digital] [1r0n].png,69-69
21,3,70,Frieren - Beyond Journey's End - c021 (v03) - p070 [VIZ Media] [Digital] [1r0n].png,70-70
21,3,71,Frieren - Beyond Journey's End - c021 (v03) - p071 [VIZ Media] [Digital] [1r0n].png,71-71
21,3,72,Frieren - Beyond Journey's End - c021 (v03) - p072 [VIZ Media] [Digital] [1r0n].png,72-72
21,3,73,Frieren - Beyond Journey's End - c021 (v03) - p073 [VIZ Media] [Digital] [1r0n].png,73-73
21,3,74,Frieren - Beyond Journey's End - c021 (v03) - p074 [VIZ Media] [Digital] [1r0n].png,74-74
22,3,75,Frieren - Beyond Journey's End - c022 (v03) - p075 [VIZ Media] [Digital] [1r0n].png,75-75
22,3,76,Frieren - Beyond Journey's End - c022 (v03) - p076 [VIZ Media] [Digital] [1r0n].png,76-76
22,3,77,Frieren - Beyond Journey's End - c022 (v03) - p077 [VIZ Media] [Digital] [1r0n].png,77-77
22,3,78,Frieren - Beyond Journey's End - c022 (v03) - p078 [VIZ Media] [Digital] [1r0n].png,78-78
22,3,79,Frieren - Beyond Journey's End - c022 (v03) - p079 [VIZ Media] [Digital] [1r0n].png,79-79
22,3,80,Frieren - Beyond Journey's End - c022 (v03) - p080 [VIZ Media] [Digital] [1r0n].png,80-80
22,3,81,Frieren - Beyond Journey's End - c022 (v03) - p081 [VIZ Media] [Digital] [1r0n].png,81-81
22,3,82,Frieren - Beyond Journey's End - c022 (v03) - p082 [VIZ Media] [Digital] [1r0n].png,82-82
22,3,83,Frieren - Beyond Journey's End - c022 (v03) - p083 [VIZ Media] [Digital] [1r0n].png,83-83
22,3,84,Frieren - Beyond Journey's End - c022 (v03) - p084 [VIZ Media] [Digital] [1r0n].png,84-84
22,3,85,Frieren - Beyond Journey's End - c022 (v03) - p085 [VIZ Media] [Digital] [1r0n].png,85-85
22,3,86,Frieren - Beyond Journey's End - c022 (v03) - p086 [VIZ Media] [Digital] [1r0n].png,86-86
22,3,87,Frieren - Beyond Journey's End - c022 (v03) - p087 [VIZ Media] [Digital] [1r0n].png,87-87
22,3,88,Frieren - Beyond Journey's End - c022 (v03) - p088 [VIZ Media] [Digital] [1r0n].png,88-88
22,3,89,Frieren - Beyond Journey's End - c022 (v03) - p089 [VIZ Media] [Digital] [1r0n].png,89-89
22,3,90,Frieren - Beyond Journey's End - c022 (v03) - p090 [VIZ Media] [Digital] [1r0n].png,90-90
22,3,91,Frieren - Beyond Journey's End - c022 (v03) - p091 [VIZ Media] [Digital] [1r0n].png,91-91
22,3,92,Frieren - Beyond Journey's End - c022 (v03) - p092 [VIZ Media] [Digital] [1r0n].png,92-92
22,3,93,Frieren - Beyond Journey's End - c022 (v03) - p093 [VIZ Media] [Digital] [1r0n].png,93-93
22,3,94,Frieren - Beyond Journey's End - c022 (v03) - p094 [VIZ Media] [Digital] [1r0n].png,94-94
22,3,95,Frieren - Beyond Journey's End - c022 (v03) - p095 [VIZ Media] [Digital] [1r0n].png,95-95
22,3,96,Frieren - Beyond Journey's End - c022 (v03) - p096 [VIZ Media] [Digital] [1r0n].png,96-96
23,3,97,Frieren - Beyond Journey's End - c023 (v03) - p097 [VIZ Media] [Digital] [1r0n].png,97-97
23,3,98,Frieren - Beyond Journey's End - c023 (v03) - p098-p099 [VIZ Media] [Digital] [1r0n].png,98-99
23,3,99,Frieren - Beyond Journey's End - c023 (v03) - p100 [VIZ Media] [Digital] [1r0n].png,100-100
23,3,100,Frieren - Beyond Journey's End - c023 (v03) - p101 [VIZ Media] [Digital] [1r0n].png,101-101
23,3,101,Frieren - Beyond Journey's End - c023 (v03) - p102 [VIZ Media] [Digital] [1r0n].png,102-102
23,3,102,Frieren - Beyond Journey's End - c023 (v03) - p103 [VIZ Media] [Digital] [1r0n].png,103-103
23,3,103,Frieren - Beyond Journey's End - c023 (v03) - p104 [VIZ Media] [Digital] [1r0n].png,104-104
23,3,104,Frieren - Beyond Journey's End - c023 (v03) - p105 [VIZ Media] [Digital] [1r0n].png,105-105
23,3,105,Frieren - Beyond Journey's End - c023 (v03) - p106 [VIZ Media] [Digital] [1r0n].png,106-106
23,3,106,Frieren - Beyond Journey's End - c023 (v03) - p107 [VIZ Media] [Digital] [1r0n].png,107-107
23,3,107,Frieren - Beyond Journey's End - c023 (v03) - p108 [VIZ Media] [Digital] [1r0n].png,108-108
23,3,108,Frieren - Beyond Journey's End - c023 (v03) - p109 [VIZ Media] [Digital] [1r0n].png,109-109
23,3,109,Frieren - Beyond Journey's End - c023 (v03) - p110 [VIZ Media] [Digital] [1r0n].png,110-110
23,3,110,Frieren - Beyond Journey's End - c023 (v03) - p111 [VIZ Media] [Digital] [1r0n].png,111-111
23,3,111,Frieren - Beyond Journey's End - c023 (v03) - p112 [VIZ Media] [Digital] [1r0n].png,112-112
23,3,112,Frieren - Beyond Journey's End - c023 (v03) - p113 [VIZ Media] [Digital] [1r0n].png,113-113
23,3,113,Frieren - Beyond Journey's End - c023 (v03) - p114 [VIZ Media] [Digital] [1r0n].png,114-114
23,3,114,Frieren - Beyond Journey's End - c023 (v03) - p115 [VIZ Media] [Digital] [1r0n].png,115-115
23,3,115,Frieren - Beyond Journey's End - c023 (v03) - p116 [VIZ Media] [Digital] [1r0n].png,116-116
23,3,116,Frieren - Beyond Journey's End - c023 (v03) - p117 [VIZ Media] [Digital] [1r0n].png,117-117
23,3,117,Frieren - Beyond Journey's End - c023 (v03) - p118 [VIZ Media] [Digital] [1r0n].png,118-118
24,3,118,Frieren - Beyond Journey's End - c024 (v03) - p119 [VIZ Media] [Digital] [1r0n].png,119-119
24,3,119,Frieren - Beyond Journey's End - c024 (v03) - p120 [VIZ Media] [Digital] [1r0n].png,120-120
24,3,120,Frieren - Beyond Journey's End - c024 (v03) - p121 [VIZ Media] [Digital] [1r0n].png,121-121
24,3,121,Frieren - Beyond Journey's End - c024 (v03) - p122 [VIZ Media] [Digital] [1r0n].png,122-122
24,3,122,Frieren - Beyond Journey's End - c024 (v03) - p123 [VIZ Media] [Digital] [1r0n].png,123-123
24,3,123,Frieren - Beyond Journey's End - c024 (v03) - p124 [VIZ Media] [Digital] [1r0n].png,124-124
24,3,124,Frieren - Beyond Journey's End - c024 (v03) - p125 [VIZ Media] [Digital] [1r0n].png,125-125
24,3,125,Frieren - Beyond Journey's End - c024 (v03) - p126 [VIZ Media] [Digital] [1r0n].png,126-126
24,3,126,Frieren - Beyond Journey's End - c024 (v03) - p127 [VIZ Media] [Digital] [1r0n].png,127-127
24,3,127,Frieren - Beyond Journey's End - c024 (v03) - p128 [VIZ Media] [Digital] [1r0n].png,128-128
24,3,128,Frieren - Beyond Journey's End - c024 (v03) - p129 [VIZ Media] [Digital] [1r0n].png,129-129
24,3,129,Frieren - Beyond Journey's End - c024 (v03) - p130 [VIZ Media] [Digital] [1r0n].png,130-130
24,3,130,Frieren - Beyond Journey's End - c024 (v03) - p131 [VIZ Media] [Digital] [1r0n].png,131-131
24,3,131,Frieren - Beyond Journey's End - c024 (v03) - p132 [VIZ Media] [Digital] [1r0n].png,132-132
24,3,132,Frieren - Beyond Journey's End - c024 (v03) - p133 [VIZ Media] [Digital] [1r0n].png,133-133
24,3,133,Frieren - Beyond Journey's End - c024 (v03) - p134 [VIZ Media] [Digital] [1r0n].png,134-134
24,3,134,Frieren - Beyond Journey's End - c024 (v03) - p135 [VIZ Media] [Digital] [1r0n].png,135-135
24,3,135,Frieren - Beyond Journey's End - c024 (v03) - p136 [VIZ Media] [Digital] [1r0n].png,136-136
24,3,136,Frieren - Beyond Journey's End - c024 (v03) - p137 [VIZ Media] [Digital] [1r0n].png,137-137
24,3,137,Frieren - Beyond Journey's End - c024 (v03) - p138 [VIZ Media] [Digital] [1r0n].png,138-138
25,3,138,Frieren - Beyond Journey's End - c025 (v03) - p139 [VIZ Media] [Digital] [1r0n].png,139-139
25,3,139,Frieren - Beyond Journey's End - c025 (v03) - p140 [VIZ Media] [Digital] [1r0n].png,140-140
25,3,140,Frieren - Beyond Journey's End - c025 (v03) - p141 [VIZ Media] [Digital] [1r0n].png,141-141
25,3,141,Frieren - Beyond Journey's End - c025 (v03) - p142 [VIZ Media] [Digital] [1r0n].png,142-142
25,3,142,Frieren - Beyond Journey's End - c025 (v03) - p143 [VIZ Media] [Digital] [1r0n].png,143-143
25,3,143,Frieren - Beyond Journey's End - c025 (v03) - p144 [VIZ Media] [Digital] [1r0n].png,144-144
25,3,144,Frieren - Beyond Journey's End - c025 (v03) - p145 [VIZ Media] [Digital] [1r0n].png,145-145
25,3,145,Frieren - Beyond Journey's End - c025 (v03) - p146 [VIZ Media] [Digital] [1r0n].png,146-146
25,3,146,Frieren - Beyond Journey's End - c025 (v03) - p147 [VIZ Media] [Digital] [1r0n].png,147-147
25,3,147,Frieren - Beyond Journey's End - c025 (v03) - p148 [VIZ Media] [Digital] [1r0n].png,148-148
25,3,148,Frieren - Beyond Journey's End - c025 (v03) - p149 [VIZ Media] [Digital] [1r0n].png,149-149
25,3,149,Frieren - Beyond Journey's End - c025 (v03) - p150 [VIZ Media] [Digital] [1r0n].png,150-150
25,3,150,Frieren - Beyond Journey's End - c025 (v03) - p151 [VIZ Media] [Digital] [1r0n].png,151-151
25,3,151,Frieren - Beyond Journey's End - c025 (v03) - p152 [VIZ Media] [Digital] [1r0n].png,152-152
25,3,152,Frieren - Beyond Journey's End - c025 (v03) - p153 [VIZ Media] [Digital] [1r0n].png,153-153
25,3,153,Frieren - Beyond Journey's End - c025 (v03) - p154 [VIZ Media] [Digital] [1r0n].png,154-154
25,3,154,Frieren - Beyond Journey's End - c025 (v03) - p155 [VIZ Media] [Digital] [1r0n].png,155-155
25,3,155,Frieren - Beyond Journey's End - c025 (v03) - p156 [VIZ Media] [Digital] [1r0n].png,156-156
25,3,156,Frieren - Beyond Journey's End - c025 (v03) - p157 [VIZ Media] [Digital] [1r0n].png,157-157
25,3,157,Frieren - Beyond Journey's End - c025 (v03) - p158 [VIZ Media] [Digital] [1r0n].png,158-158
26,3,158,Frieren - Beyond Journey's End - c026 (v03) - p159 [VIZ Media] [Digital] [1r0n].png,159-159
26,3,159,Frieren - Beyond Journey's End - c026 (v03) - p160 [VIZ Media] [Digital] [1r0n].png,160-160
26,3,160,Frieren - Beyond Journey's End - c026 (v03) - p161 [VIZ Media] [Digital] [1r0n].png,161-161
26,3,161,Frieren - Beyond Journey's End - c026 (v03) - p162 [VIZ Media] [Digital] [1r0n].png,162-162
26,3,162,Frieren - Beyond Journey's End - c026 (v03) - p163 [VIZ Media] [Digital] [1r0n].png,163-163
26,3,163,Frieren - Beyond Journey's End - c026 (v03) - p164 [VIZ Media] [Digital] [1r0n].png,164-164
26,3,164,Frieren - Beyond Journey's End - c026 (v03) - p165 [VIZ Media] [Digital] [1r0n].png,165-165
26,3,165,Frieren - Beyond Journey's End - c026 (v03) - p166 [VIZ Media] [Digital] [1r0n].png,166-166
26,3,166,Frieren - Beyond Journey's End - c026 (v03) - p167 [VIZ Media] [Digital] [1r0n].png,167-167
26,3,167,Frieren - Beyond Journey's End - c026 (v03) - p168 [VIZ Media] [Digital] [1r0n].png,168-168
26,3,168,Frieren - Beyond Journey's End - c026 (v03) - p169 [VIZ Media] [Digital] [1r0n].png,169-169
26,3,169,Frieren - Beyond Journey's End - c026 (v03) - p170 [VIZ Media] [Digital] [1r0n].png,170-170
26,3,170,Frieren - Beyond Journey's End - c026 (v03) - p171 [VIZ Media] [Digital] [1r0n].png,171-171
26,3,171,Frieren - Beyond Journey's End - c026 (v03) - p172 [VIZ Media] [Digital] [1r0n].png,172-172
26,3,172,Frieren - Beyond Journey's End - c026 (v03) - p173 [VIZ Media] [Digital] [1r0n].png,173-173
26,3,173,Frieren - Beyond Journey's End - c026 (v03) - p174 [VIZ Media] [Digital] [1r0n].png,174-174
26,3,174,Frieren - Beyond Journey's End - c026 (v03) - p175 [VIZ Media] [Digital] [1r0n].png,175-175
26,3,175,Frieren - Beyond Journey's End - c026 (v03) - p176 [VIZ Media] [Digital] [1r0n].png,176-176
26,3,176,Frieren - Beyond Journey's End - c026 (v03) - p177 [VIZ Media] [Digital] [1r0n].png,177-177
27,3,177,Frieren - Beyond Journey's End - c027 (v03) - p178 [VIZ Media] [Digital] [1r0n].png,178-178
27,3,178,Frieren - Beyond Journey's End - c027 (v03) - p179 [VIZ Media] [Digital] [1r0n].png,179-179
27,3,179,Frieren - Beyond Journey's End - c027 (v03) - p180 [VIZ Media] [Digital] [1r0n].png,180-180
27,3,180,Frieren - Beyond Journey's End - c027 (v03) - p181 [VIZ Media] [Digital] [1r0n].png,181-181
27,3,181,Frieren - Beyond Journey's End - c027 (v03) - p182 [VIZ Media] [Digital] [1r0n].png,182-182
27,3,182,Frieren - Beyond Journey's End - c027 (v03) - p183 [VIZ Media] [Digital] [1r0n].png,183-183
27,3,183,Frieren - Beyond Journey's End - c027 (v03) - p184 [VIZ Media] [Digital] [1r0n].png,184-184
27,3,184,Frieren - Beyond Journey's End - c027 (v03) - p185 [VIZ Media] [Digital] [1r0n].png,185-185
27,3,185,Frieren - Beyond Journey's End - c027 (v03) - p186 [VIZ Media] [Digital] [1r0n].png,186-186
27,3,186,Frieren - Beyond Journey's End - c027 (v03) - p187 [VIZ Media] [Digital] [1r0n].png,187-187
27,3,187,Frieren - Beyond Journey's End - c027 (v03) - p188 [VIZ Media] [Digital] [1r0n].png,188-188
27,3,188,Frieren - Beyond Journey's End - c027 (v03) - p189 [VIZ Media] [Digital] [1r0n].png,189-189
27,3,189,Frieren - Beyond Journey's End - c027 (v03) - p190 [VIZ Media] [Digital] [1r0n].png,190-190
27,3,190,Frieren - Beyond Journey's End - c027 (v03) - p191 [VIZ Media] [Digital] [1r0n].png,191-191
27,3,191,Frieren - Beyond Journey's End - c027 (v03) - p192 [VIZ Media] [Digital] [1r0n].png,192-192
27,3,192,Frieren - Beyond Journey's End - c027 (v03) - p193 [VIZ Media] [Digital] [1r0n].png,193-193
27,3,193,Frieren - Beyond Journey's End - c027 (v03) - p194 [VIZ Media] [Digital] [1r0n].png,194-194
27,3,194,Frieren - Beyond Journey's End - c027 (v03) - p195 [VIZ Media] [Digital] [1r0n].png,195-195
27,3,195,Frieren - Beyond Journey's End - c027 (v03) - p196 [VIZ Media] [Digital] [1r0n].png,196-196
27,3,196,Frieren - Beyond Journey's End - c027 (v03) - p197 [VIZ Media] [Digital] [1r0n].png,197-197
28,4,3,Frieren - Beyond Journey's End - c028 (v04) - p003 [VIZ Media] [Digital] [1r0n].png,3-3
28,4,4,Frieren - Beyond Journey's End - c028 (v04) - p004 [VIZ Media] [Digital] [1r0n].png,4-4
28,4,5,Frieren - Beyond Journey's End - c028 (v04) - p005 [VIZ Media] [Digital] [1r0n].png,5-5
28,4,6,Frieren - Beyond Journey's End - c028 (v04) - p006 [VIZ Media] [Digital] [1r0n].png,6-6
28,4,7,Frieren - Beyond Journey's End - c028 (v04) - p007 [VIZ Media] [Digital] [1r0n].png,7-7
28,4,8,Frieren - Beyond Journey's End - c028 (v04) - p008 [VIZ Media] [Digital] [1r0n].png,8-8
28,4,9,Frieren - Beyond Journey's End - c028 (v04) - p009 [VIZ Media] [Digital] [1r0n].png,9-9
28,4,10,Frieren - Beyond Journey's End - c028 (v04) - p010 [VIZ Media] [Digital] [1r0n].png,10-10
28,4,11,Frieren - Beyond Journey's End - c028 (v04) - p011 [VIZ Media] [Digital] [1r0n].png,11-11
28,4,12,Frieren - Beyond Journey's End - c028 (v04) - p012 [VIZ Media] [Digital] [1r0n].png,12-12
28,4,13,Frieren - Beyond Journey's End - c028 (v04) - p013 [VIZ Media] [Digital] [1r0n].png,13-13
28,4,14,Frieren - Beyond Journey's End - c028 (v04) - p014 [VIZ Media] [Digital] [1r0n].png,14-14
28,4,15,Frieren - Beyond Journey's End - c028 (v04) - p015 [VIZ Media] [Digital] [1r0n].png,15-15
28,4,16,Frieren - Beyond Journey's End - c028 (v04) - p016 [VIZ Media] [Digital] [1r0n].png,16-16
28,4,17,Frieren - Beyond Journey's End - c028 (v04) - p017 [VIZ Media] [Digital] [1r0n].png,17-17
28,4,18,Frieren - Beyond Journey's End - c028 (v04) - p018 [VIZ Media] [Digital] [1r0n].png,18-18
28,4,19,Frieren - Beyond Journey's End - c028 (v04) - p019 [VIZ Media] [Digital] [1r0n].png,19-19
28,4,20,Frieren - Beyond Journey's End - c028 (v04) - p020 [VIZ Media] [Digital] [1r0n].png,20-20
28,4,21,Frieren - Beyond Journey's End - c028 (v04) - p021 [VIZ Media] [Digital] [1r0n].png,21-21
28,4,22,Frieren - Beyond Journey's End - c028 (v04) - p022 [VIZ Media] [Digital] [1r0n].png,22-22
29,4,23,Frieren - Beyond Journey's End - c029 (v04) - p023 [VIZ Media] [Digital] [1r0n].png,23-23
29,4,24,Frieren - Beyond Journey's End - c029 (v04) - p024 [VIZ Media] [Digital] [1r0n].png,24-24
29,4,25,Frieren - Beyond Journey's End - c029 (v04) - p025 [VIZ Media] [Digital] [1r0n].png,25-25
29,4,26,Frieren - Beyond Journey's End - c029 (v04) - p026 [VIZ Media] [Digital] [1r0n].png,26-26
29,4,27,Frieren - Beyond Journey's End - c029 (v04) - p027 [VIZ Media] [Digital] [1r0n].png,27-27
29,4,28,Frieren - Beyond Journey's End - c029 (v04) - p028 [VIZ Media] [Digital] [1r0n].png,28-28
29,4,29,Frieren - Beyond Journey's End - c029 (v04) - p029 [VIZ Media] [Digital] [1r0n].png,29-29
29,4,30,Frieren - Beyond Journey's End - c029 (v04) - p030 [VIZ Media] [Digital] [1r0n].png,30-30
29,4,31,Frieren - Beyond Journey's End - c029 (v04) - p031 [VIZ Media] [Digital] [1r0n].png,31-31
29,4,32,Frieren - Beyond Journey's End - c029 (v04) - p032 [VIZ Media] [Digital] [1r0n].png,32-32
29,4,33,Frieren - Beyond Journey's End - c029 (v04) - p033 [VIZ Media] [Digital] [1r0n].png,33-33
29,4,34,Frieren - Beyond Journey's End - c029 (v04) - p034 [VIZ Media] [Digital] [1r0n].png,34-34
29,4,35,Frieren - Beyond Journey's End - c029 (v04) - p035 [VIZ Media] [Digital] [1r0n].png,35-35
29,4,36,Frieren - Beyond Journey's End - c029 (v04) - p036 [VIZ Media] [Digital] [1r0n].png,36-36
29,4,37,Frieren - Beyond Journey's End - c029 (v04) - p037 [VIZ Media] [Digital] [1r0n].png,37-37
29,4,38,Frieren - Beyond Journey's End - c029 (v04) - p038 [VIZ Media] [Digital] [1r0n].png,38-38
29,4,39,Frieren - Beyond Journey's End - c029 (v04) - p039 [VIZ Media] [Digital] [1r0n].png,39-39
29,4,40,Frieren - Beyond Journey's End - c029 (v04) - p040 [VIZ Media] [Digital] [1r0n].png,40-40
30,4,41,Frieren - Beyond Journey's End - c030 (v04) - p041 [VIZ Media] [Digital] [1r0n].png,41-41
30,4,42,Frieren - Beyond Journey's End - c030 (v04) - p042 [VIZ Media] [Digital] [1r0n].png,42-42
30,4,43,Frieren - Beyond Journey's End - c030 (v04) - p043 [VIZ Media] [Digital] [1r0n].png,43-43
30,4,44,Frieren - Beyond Journey's End - c030 (v04) - p044 [VIZ Media] [Digital] [1r0n].png,44-44
30,4,45,Frieren - Beyond Journey's End - c030 (v04) - p045 [VIZ Media] [Digital] [1r0n].png,45-45
30,4,46,Frieren - Beyond Journey's End - c030 (v04) - p046 [VIZ Media] [Digital] [1r0n].png,46-46
30,4,47,Frieren - Beyond Journey's End - c030 (v04) - p047 [VIZ Media] [Digital] [1r0n].png,47-47
30,4,48,Frieren - Beyond Journey's End - c030 (v04) - p048 [VIZ Media] [Digital] [1r0n].png,48-48
30,4,49,Frieren - Beyond Journey's End - c030 (v04) - p049 [VIZ Media] [Digital] [1r0n].png,49-49
30,4,50,Frieren - Beyond Journey's End - c030 (v04) - p050 [VIZ Media] [Digital] [1r0n].png,50-50
30,4,51,Frieren - Beyond Journey's End - c030 (v04) - p051 [VIZ Media] [Digital] [1r0n].png,51-51
30,4,52,Frieren - Beyond Journey's End - c030 (v04) - p052 [VIZ Media] [Digital] [1r0n].png,52-52
30,4,53,Frieren - Beyond Journey's End - c030 (v04) - p053 [VIZ Media] [Digital] [1r0n].png,53-53
30,4,54,Frieren - Beyond Journey's End - c030 (v04) - p054 [VIZ Media] [Digital] [1r0n].png,54-54
30,4,55,Frieren - Beyond Journey's End - c030 (v04) - p055 [VIZ Media] [Digital] [1r0n].png,55-55
30,4,56,Frieren - Beyond Journey's End - c030 (v04) - p056 [VIZ Media] [Digital] [1r0n].png,56-56
30,4,57,Frieren - Beyond Journey's End - c030 (v04) - p057 [VIZ Media] [Digital] [1r0n].png,57-57
30,4,58,Frieren - Beyond Journey's End - c030 (v04) - p058 [VIZ Media] [Digital] [1r0n].png,58-58
30,4,59,Frieren - Beyond Journey's End - c030 (v04) - p059 [VIZ Media] [Digital] [1r0n].png,59-59
31,4,60,Frieren - Beyond Journey's End - c031 (v04) - p060 [VIZ Media] [Digital] [1r0n].png,60-60
31,4,61,Frieren - Beyond Journey's End - c031 (v04) - p061 [VIZ Media] [Digital] [1r0n].png,61-61
31,4,62,Frieren - Beyond Journey's End - c031 (v04) - p062 [VIZ Media] [Digital] [1r0n].png,62-62
31,4,63,Frieren - Beyond Journey's End - c031 (v04) - p063 [VIZ Media] [Digital] [1r0n].png,63-63
31,4,64,Frieren - Beyond Journey's End - c031 (v04) - p064 [VIZ Media] [Digital] [1r0n].png,64-64
31,4,65,Frieren - Beyond Journey's End - c031 (v04) - p065 [VIZ Media] [Digital] [1r0n].png,65-65
31,4,66,Frieren - Beyond Journey's End - c031 (v04) - p066 [VIZ Media] [Digital] [1r0n].png,66-66
31,4,67,Frieren - Beyond Journey's End - c031 (v04) - p067 [VIZ Media] [Digital] [1r0n].png,67-67
31,4,68,Frieren - Beyond Journey's End - c031 (v04) - p068 [VIZ Media] [Digital] [1r0n].png,68-68
31,4,69,Frieren - Beyond Journey's End - c031 (v04) - p069 [VIZ Media] [Digital] [1r0n].png,69-69
31,4,70,Frieren - Beyond Journey's End - c031 (v04) - p070 [VIZ Media] [Digital] [1r0n].png,70-70
31,4,71,Frieren - Beyond Journey's End - c031 (v04) - p071 [VIZ Media] [Digital] [1r0n].png,71-71
31,4,72,Frieren - Beyond Journey's End - c031 (v04) - p072 [VIZ Media] [Digital] [1r0n].png,72-72
31,4,73,Frieren - Beyond Journey's End - c031 (v04) - p073 [VIZ Media] [Digital] [1r0n].png,73-73
31,4,74,Frieren - Beyond Journey's End - c031 (v04) - p074 [VIZ Media] [Digital] [1r0n].png,74-74
31,4,75,Frieren - Beyond Journey's End - c031 (v04) - p075 [VIZ Media] [Digital] [1r0n].png,75-75
31,4,76,Frieren - Beyond Journey's End - c031 (v04) - p076 [VIZ Media] [Digital] [1r0n].png,76-76
31,4,77,Frieren - Beyond Journey's End - c031 (v04) - p077 [VIZ Media] [Digital] [1r0n].png,77-77
32,4,78,Frieren - Beyond Journey's End - c032 (v04) - p078-p079 [VIZ Media] [Digital] [1r0n].png,78-79
32,4,79,Frieren - Beyond Journey's End - c032 (v04) - p080 [VIZ Media] [Digital] [1r0n].png,80-80
32,4,80,Frieren - Beyond Journey's End - c032 (v04) - p081 [VIZ Media] [Digital] [1r0n].png,81-81
32,4,81,Frieren - Beyond Journey's End - c032 (v04) - p082 [VIZ Media] [Digital] [1r0n].png,82-82
32,4,82,Frieren - Beyond Journey's End - c032 (v04) - p083 [VIZ Media] [Digital] [1r0n].png,83-83
32,4,83,Frieren - Beyond Journey's End - c032 (v04) - p084 [VIZ Media] [Digital] [1r0n].png,84-84
32,4,84,Frieren - Beyond Journey's End - c032 (v04) - p085 [VIZ Media] [Digital] [1r0n].png,85-85
32,4,85,Frieren - Beyond Journey's End - c032 (v04) - p086 [VIZ Media] [Digital] [1r0n].png,86-86
32,4,86,Frieren - Beyond Journey's End - c032 (v04) - p087 [VIZ Media] [Digital] [1r0n].png,87-87
32,4,87,Frieren - Beyond Journey's End - c032 (v04) - p088 [VIZ Media] [Digital] [1r0n].png,88-88
32,4,88,Frieren - Beyond Journey's End - c032 (v04) - p089 [VIZ Media] [Digital] [1r0n].png,89-89
32,4,89,Frieren - Beyond Journey's End - c032 (v04) - p090 [VIZ Media] [Digital] [1r0n].png,90-90
32,4,90,Frieren - Beyond Journey's End - c032 (v04) - p091 [VIZ Media] [Digital] [1r0n].png,91-91
32,4,91,Frieren - Beyond Journey's End - c032 (v04) - p092 [VIZ Media] [Digital] [1r0n].png,92-92
32,4,92,Frieren - Beyond Journey's End - c032 (v04) - p093 [VIZ Media] [Digital] [1r0n].png,93-93
32,4,93,Frieren - Beyond Journey's End - c032 (v04) - p094 [VIZ Media] [Digital] [1r0n].png,94-94
32,4,94,Frieren - Beyond Journey's End - c032 (v04) - p095 [VIZ Media] [Digital] [1r0n].png,95-95
32,4,95,Frieren - Beyond Journey's End - c032 (v04) - p096 [VIZ Media] [Digital] [1r0n].png,96-96
33,4,96,Frieren - Beyond Journey's End - c033 (v04) - p097 [VIZ Media] [Digital] [1r0n].png,97-97
33,4,97,Frieren - Beyond Journey's End - c033 (v04) - p098 [VIZ Media] [Digital] [1r0n].png,98-98
33,4,98,Frieren - Beyond Journey's End - c033 (v04) - p099 [VIZ Media] [Digital] [1r0n].png,99-99
33,4,99,Frieren - Beyond Journey's End - c033 (v04) - p100 [VIZ Media] [Digital] [1r0n].png,100-100
33,4,100,Frieren - Beyond Journey's End - c033 (v04) - p101 [VIZ Media] [Digital] [1r0n].png,101-101
33,4,101,Frieren - Beyond Journey's End - c033 (v04) - p102 [VIZ Media] [Digital] [1r0n].png,102-102
33,4,102,Frieren - Beyond Journey's End - c033 (v04) - p103 [VIZ Media] [Digital] [1r0n].png,103-103
33,4,103,Frieren - Beyond Journey's End - c033 (v04) - p104 [VIZ Media] [Digital] [1r0n].png,104-104
33,4,104,Frieren - Beyond Journey's End - c033 (v04) - p105 [VIZ Media] [Digital] [1r0n].png,105-105
33,4,105,Frieren - Beyond Journey's End - c033 (v04) - p106 [VIZ Media] [Digital] [1r0n].png,106-106
33,4,106,Frieren - Beyond Journey's End - c033 (v04) - p107 [VIZ Media] [Digital] [1r0n].png,107-107
33,4,107,Frieren - Beyond Journey's End - c033 (v04) - p108 [VIZ Media] [Digital] [1r0n].png,108-108
33,4,108,Frieren - Beyond Journey's End - c033 (v04) - p109 [VIZ Media] [Digital] [1r0n].png,109-109
33,4,109,Frieren - Beyond Journey's End - c033 (v04) - p110 [VIZ Media] [Digital] [1r0n].png,110-110
33,4,110,Frieren - Beyond Journey's End - c033 (v04) - p111 [VIZ Media] [Digital] [1r0n].png,111-111
33,4,111,Frieren - Beyond Journey's End - c033 (v04) - p112 [VIZ Media] [Digital] [1r0n].png,112-112
33,4,112,Frieren - Beyond Journey's End - c033 (v04) - p113 [VIZ Media] [Digital] [1r0n].png,113-113
33,4,113,Frieren - Beyond Journey's End - c033 (v04) - p114 [VIZ Media] [Digital] [1r0n].png,114-114
34,4,114,Frieren - Beyond Journey's End - c034 (v04) - p115 [VIZ Media] [Digital] [1r0n].png,115-115
34,4,115,Frieren - Beyond Journey's End - c034 (v04) - p116 [VIZ Media] [Digital] [1r0n].png,116-116
34,4,116,Frieren - Beyond Journey's End - c034 (v04) - p117 [VIZ Media] [Digital] [1r0n].png,117-117
34,4,117,Frieren - Beyond Journey's End - c034 (v04) - p118 [VIZ Media] [Digital] [1r0n].png,118-118
34,4,118,Frieren - Beyond Journey's End - c034 (v04) - p119 [VIZ Media] [Digital] [1r0n].png,119-119
34,4,119,Frieren - Beyond Journey's End - c034 (v04) - p120 [VIZ Media] [Digital] [1r0n].png,120-120
34,4,120,Frieren - Beyond Journey's End - c034 (v04) - p121 [VIZ Media] [Digital] [1r0n].png,121-121
34,4,121,Frieren - Beyond Journey's End - c034 (v04) - p122 [VIZ Media] [Digital] [1r0n].png,122-122
34,4,122,Frieren - Beyond Journey's End - c034 (v04) - p123 [VIZ Media] [Digital] [1r0n].png,123-123
34,4,123,Frieren - Beyond Journey's End - c034 (v04) - p124 [VIZ Media] [Digital] [1r0n].png,124-124
34,4,124,Frieren - Beyond Journey's End - c034 (v04) - p125 [VIZ Media] [Digital] [1r0n].png,125-125
34,4,125,Frieren - Beyond Journey's End - c034 (v04) - p126 [VIZ Media] [Digital] [1r0n].png,126-126
34,4,126,Frieren - Beyond Journey's End - c034 (v04) - p127 [VIZ Media] [Digital] [1r0n].png,127-127
34,4,127,Frieren - Beyond Journey's End - c034 (v04) - p128 [VIZ Media] [Digital] [1r0n].png,128-128
34,4,128,Frieren - Beyond Journey's End - c034 (v04) - p129 [VIZ Media] [Digital] [1r0n].png,129-129
34,4,129,Frieren - Beyond Journey's End - c034 (v04) - p130 [VIZ Media] [Digital] [1r0n].png,130-130
34,4,130,Frieren - Beyond Journey's End - c034 (v04) - p131 [VIZ Media] [Digital] [1r0n].png,131-131
34,4,131,Frieren - Beyond Journey's End - c034 (v04) - p132 [VIZ Media] [Digital] [1r0n].png,132-132
35,4,132,Frieren - Beyond Journey's End - c035 (v04) - p133 [VIZ Media] [Digital] [1r0n].png,133-133
35,4,133,Frieren - Beyond Journey's End - c035 (v04) - p134 [VIZ Media] [Digital] [1r0n].png,134-134
35,4,134,Frieren - Beyond Journey's End - c035 (v04) - p135 [VIZ Media] [Digital] [1r0n].png,135-135
35,4,135,Frieren - Beyond Journey's End - c035 (v04) - p136 [VIZ Media] [Digital] [1r0n].png,136-136
35,4,136,Frieren - Beyond Journey's End - c035 (v04) - p137 [VIZ Media] [Digital] [1r0n].png,137-137
35,4,137,Frieren - Beyond Journey's End - c035 (v04) - p138 [VIZ Media] [Digital] [1r0n].png,138-138
35,4,138,Frieren - Beyond Journey's End - c035 (v04) - p139 [VIZ Media] [Digital] [1r0n].png,139-139
35,4,139,Frieren - Beyond Journey's End - c035 (v04) - p140 [VIZ Media] [Digital] [1r0n].png,140-140
35,4,140,Frieren - Beyond Journey's End - c035 (v04) - p141 [VIZ Media] [Digital] [1r0n].png,141-141
35,4,141,Frieren - Beyond Journey's End - c035 (v04) - p142 [VIZ Media] [Digital] [1r0n].png,142-142
35,4,142,Frieren - Beyond Journey's End - c035 (v04) - p143 [VIZ Media] [Digital] [1r0n].png,143-143
35,4,143,Frieren - Beyond Journey's End - c035 (v04) - p144 [VIZ Media] [Digital] [1r0n].png,144-144
35,4,144,Frieren - Beyond Journey's End - c035 (v04) - p145 [VIZ Media] [Digital] [1r0n].png,145-145
35,4,145,Frieren - Beyond Journey's End - c035 (v04) - p146 [VIZ Media] [Digital] [1r0n].png,146-146
35,4,146,Frieren - Beyond Journey's End - c035 (v04) - p147 [VIZ Media] [Digital] [1r0n].png,147-147
35,4,147,Frieren - Beyond Journey's End - c035 (v04) - p148 [VIZ Media] [Digital] [1r0n].png,148-148
35,4,148,Frieren - Beyond Journey's End - c035 (v04) - p149 [VIZ Media] [Digital] [1r0n].png,149-149
35,4,149,Frieren - Beyond Journey's End - c035 (v04) - p150 [VIZ Media] [Digital] [1r0n].png,150-150
36,4,150,Frieren - Beyond Journey's End - c036 (v04) - p151 [VIZ Media] [Digital] [1r0n].png,151-151
36,4,151,Frieren - Beyond Journey's End - c036 (v04) - p152 [VIZ Media] [Digital] [1r0n].png,152-152
36,4,152,Frieren - Beyond Journey's End - c036 (v04) - p153 [VIZ Media] [Digital] [1r0n].png,153-153
36,4,153,Frieren - Beyond Journey's End - c036 (v04) - p154 [VIZ Media] [Digital] [1r0n].png,154-154
36,4,154,Frieren - Beyond Journey's End - c036 (v04) - p155 [VIZ Media] [Digital] [1r0n].png,155-155
36,4,155,Frieren - Beyond Journey's End - c036 (v04) - p156 [VIZ Media] [Digital] [1r0n].png,156-156
36,4,156,Frieren - Beyond Journey's End - c036 (v04) - p157 [VIZ Media] [Digital] [1r0n].png,157-157
36,4,157,Frieren - Beyond Journey's End - c036 (v04) - p158 [VIZ Media] [Digital] [1r0n].png,158-158
36,4,158,Frieren - Beyond Journey's End - c036 (v04) - p159 [VIZ Media] [Digital] [1r0n].png,159-159
36,4,159,Frieren - Beyond Journey's End - c036 (v04) - p160 [VIZ Media] [Digital] [1r0n].png,160-160
36,4,160,Frieren - Beyond Journey's End - c036 (v04) - p161 [VIZ Media] [Digital] [1r0n].png,161-161
36,4,161,Frieren - Beyond Journey's End - c036 (v04) - p162 [VIZ Media] [Digital] [1r0n].png,162-162
36,4,162,Frieren - Beyond Journey's End - c036 (v04) - p163 [VIZ Media] [Digital] [1r0n].png,163-163
36,4,163,Frieren - Beyond Journey's End - c036 (v04) - p164 [VIZ Media] [Digital] [1r0n].png,164-164
36,4,164,Frieren - Beyond Journey's End - c036 (v04) - p165 [VIZ Media] [Digital] [1r0n].png,165-165
36,4,165,Frieren - Beyond Journey's End - c036 (v04) - p166 [VIZ Media] [Digital] [1r0n].png,166-166
36,4,166,Frieren - Beyond Journey's End - c036 (v04) - p167 [VIZ Media] [Digital] [1r0n].png,167-167
37,4,167,Frieren - Beyond Journey's End - c037 (v04) - p168 [VIZ Media] [Digital] [1r0n].png,168-168
37,4,168,Frieren - Beyond Journey's End - c037 (v04) - p169 [VIZ Media] [Digital] [1r0n].png,169-169
37,4,169,Frieren - Beyond Journey's End - c037 (v04) - p170 [VIZ Media] [Digital] [1r0n].png,170-170
37,4,170,Frieren - Beyond Journey's End - c037 (v04) - p171 [VIZ Media] [Digital] [1r0n].png,171-171
37,4,171,Frieren - Beyond Journey's End - c037 (v04) - p172 [VIZ Media] [Digital] [1r0n].png,172-172
37,4,172,Frieren - Beyond Journey's End - c037 (v04) - p173 [VIZ Media] [Digital] [1r0n].png,173-173
37,4,173,Frieren - Beyond Journey's End - c037 (v04) - p174 [VIZ Media] [Digital] [1r0n].png,174-174
37,4,174,Frieren - Beyond Journey's End - c037 (v04) - p175 [VIZ Media] [Digital] [1r0n].png,175-175
37,4,175,Frieren - Beyond Journey's End - c037 (v04) - p176 [VIZ Media] [Digital] [1r0n].png,176-176
37,4,176,Frieren - Beyond Journey's End - c037 (v04) - p177 [VIZ Media] [Digital] [1r0n].png,177-177
37,4,177,Frieren - Beyond Journey's End - c037 (v04) - p178 [VIZ Media] [Digital] [1r0n].png,178-178
37,4,178,Frieren - Beyond Journey's End - c037 (v04) - p179 [VIZ Media] [Digital] [1r0n].png,179-179
37,4,179,Frieren - Beyond Journey's End - c037 (v04) - p180 [VIZ Media] [Digital] [1r0n].png,180-180
37,4,180,Frieren - Beyond Journey's End - c037 (v04) - p181 [VIZ Media] [Digital] [1r0n].png,181-181
37,4,181,Frieren - Beyond Journey's End - c037 (v04) - p182 [VIZ Media] [Digital] [1r0n].png,182-182
37,4,182,Frieren - Beyond Journey's End - c037 (v04) - p183 [VIZ Media] [Digital] [1r0n].png,183-183
37,4,183,Frieren - Beyond Journey's End - c037 (v04) - p184 [VIZ Media] [Digital] [1r0n].png,184-184
37,4,184,Frieren - Beyond Journey's End - c037 (v04) - p185 [VIZ Media] [Digital] [1r0n].png,185-185
37,4,185,Frieren - Beyond Journey's End - c037 (v04) - p186 [VIZ Media] [Digital] [1r0n].png,186-186
37,4,186,Frieren - Beyond Journey's End - c037 (v04) - p187 [VIZ Media] [Digital] [1r0n].png,187-187
37,4,187,Frieren - Beyond Journey's End - c037 (v04) - p188 [VIZ Media] [Digital] [1r0n].png,188-188
38,5,3,Frieren - Beyond Journey's End - c038 (v05) - p003 [VIZ Media] [Digital] [1r0n].png,3-3
38,5,4,Frieren - Beyond Journey's End - c038 (v05) - p004 [VIZ Media] [Digital] [1r0n].png,4-4
38,5,5,Frieren - Beyond Journey's End - c038 (v05) - p005 [VIZ Media] [Digital] [1r0n].png,5-5
38,5,6,Frieren - Beyond Journey's End - c038 (v05) - p006 [VIZ Media] [Digital] [1r0n].png,6-6
38,5,7,Frieren - Beyond Journey's End - c038 (v05) - p007 [VIZ Media] [Digital] [1r0n].png,7-7
38,5,8,Frieren - Beyond Journey's End - c038 (v05) - p008 [VIZ Media] [Digital] [1r0n].png,8-8
38,5,9,Frieren - Beyond Journey's End - c038 (v05) - p009 [VIZ Media] [Digital] [1r0n].png,9-9
38,5,10,Frieren - Beyond Journey's End - c038 (v05) - p010 [VIZ Media] [Digital] [1r0n].png,10-10
38,5,11,Frieren - Beyond Journey's End - c038 (v05) - p011 [VIZ Media] [Digital] [1r0n].png,11-11
38,5,12,Frieren - Beyond Journey's End - c038 (v05) - p012 [VIZ Media] [Digital] [1r0n].png,12-12
38,5,13,Frieren - Beyond Journey's End - c038 (v05) - p013 [VIZ Media] [Digital] [1r0n].png,13-13
38,5,14,Frieren - Beyond Journey's End - c038 (v05) - p014 [VIZ Media] [Digital] [1r0n].png,14-14
38,5,15,Frieren - Beyond Journey's End - c038 (v05) - p015 [VIZ Media] [Digital] [1r0n].png,15-15
38,5,16,Frieren - Beyond Journey's End - c038 (v05) - p016 [VIZ Media] [Digital] [1r0n].png,16-16
38,5,17,Frieren - Beyond Journey's End - c038 (v05) - p017 [VIZ Media] [Digital] [1r0n].png,17-17
38,5,18,Frieren - Beyond Journey's End - c038 (v05) - p018 [VIZ Media] [Digital] [1r0n].png,18-18
38,5,19,Frieren - Beyond Journey's End - c038 (v05) - p019 [VIZ Media] [Digital] [1r0n].png,19-19
38,5,20,Frieren - Beyond Journey's End - c038 (v05) - p020 [VIZ Media] [Digital] [1r0n].png,20-20
39,5,21,Frieren - Beyond Journey's End - c039 (v05) - p021 [VIZ Media] [Digital] [1r0n].png,21-21
39,5,22,Frieren - Beyond Journey's End - c039 (v05) - p022 [VIZ Media] [Digital] [1r0n].png,22-22
39,5,23,Frieren - Beyond Journey's End - c039 (v05) - p023 [VIZ Media] [Digital] [1r0n].png,23-23
39,5,24,Frieren - Beyond Journey's End - c039 (v05) - p024 [VIZ Media] [Digital] [1r0n].png,24-24
39,5,25,Frieren - Beyond Journey's End - c039 (v05) - p025 [VIZ Media] [Digital] [1r0n].png,25-25
39,5,26,Frieren - Beyond Journey's End - c039 (v05) - p026 [VIZ Media] [Digital] [1r0n].png,26-26
39,5,27,Frieren - Beyond Journey's End - c039 (v05) - p027 [VIZ Media] [Digital] [1r0n].png,27-27
39,5,28,Frieren - Beyond Journey's End - c039 (v05) - p028 [VIZ Media] [Digital] [1r0n].png,28-28
39,5,29,Frieren - Beyond Journey's End - c039 (v05) - p029 [VIZ Media] [Digital] [1r0n].png,29-29
39,5,30,Frieren - Beyond Journey's End - c039 (v05) - p030 [VIZ Media] [Digital] [1r0n].png,30-30
39,5,31,Frieren - Beyond Journey's End - c039 (v05) - p031 [VIZ Media] [Digital] [1r0n].png,31-31
39,5,32,Frieren - Beyond Journey's End - c039 (v05) - p032 [VIZ Media] [Digital] [1r0n].png,32-32
39,5,33,Frieren - Beyond Journey's End - c039 (v05) - p033 [VIZ Media] [Digital] [1r0n].png,33-33
39,5,34,Frieren - Beyond Journey's End - c039 (v05) - p034 [VIZ Media] [Digital] [1r0n].png,34-34
39,5,35,Frieren - Beyond Journey's End - c039 (v05) - p035 [VIZ Media] [Digital] [1r0n].png,35-35
39,5,36,Frieren - Beyond Journey's End - c039 (v05) - p036 [VIZ Media] [Digital] [1r0n].png,36-36
39,5,37,Frieren - Beyond Journey's End - c039 (v05) - p037 [VIZ Media] [Digital] [1r0n].png,37-37
39,5,38,Frieren - Beyond Journey's End - c039 (v05) - p038 [VIZ Media] [Digital] [1r0n].png,38-38
40,5,39,Frieren - Beyond Journey's End - c040 (v05) - p039 [VIZ Media] [Digital] [1r0n].png,39-39
40,5,40,Frieren - Beyond Journey's End - c040 (v05) - p040 [VIZ Media] [Digital] [1r0n].png,40-40
40,5,41,Frieren - Beyond Journey's End - c040 (v05) - p041 [VIZ Media] [Digital] [1r0n].png,41-41
40,5,42,Frieren - Beyond Journey's End - c040 (v05) - p042 [VIZ Media] [Digital] [1r0n].png,42-42
40,5,43,Frieren - Beyond Journey's End - c040 (v05) - p043 [VIZ Media] [Digital] [1r0n].png,43-43
40,5,44,Frieren - Beyond Journey's End - c040 (v05) - p044 [VIZ Media] [Digital] [1r0n].png,44-44
40,5,45,Frieren - Beyond Journey's End - c040 (v05) - p045 [VIZ Media] [Digital] [1r0n].png,45-45
40,5,46,Frieren - Beyond Journey's End - c040 (v05) - p046 [VIZ Media] [Digital] [1r0n].png,46-46
40,5,47,Frieren - Beyond Journey's End - c040 (v05) - p047 [VIZ Media] [Digital] [1r0n].png,47-47
40,5,48,Frieren - Beyond Journey's End - c040 (v05) - p048 [VIZ Media] [Digital] [1r0n].png,48-48
40,5,49,Frieren - Beyond Journey's End - c040 (v05) - p049 [VIZ Media] [Digital] [1r0n].png,49-49
40,5,50,Frieren - Beyond Journey's End - c040 (v05) - p050 [VIZ Media] [Digital] [1r0n].png,50-50
40,5,51,Frieren - Beyond Journey's End - c040 (v05) - p051 [VIZ Media] [Digital] [1r0n].png,51-51
40,5,52,Frieren - Beyond Journey's End - c040 (v05) - p052 [VIZ Media] [Digital] [1r0n].png,52-52
40,5,53,Frieren - Beyond Journey's End - c040 (v05) - p053 [VIZ Media] [Digital] [1r0n].png,53-53
40,5,54,Frieren - Beyond Journey's End - c040 (v05) - p054 [VIZ Media] [Digital] [1r0n].png,54-54
40,5,55,Frieren - Beyond Journey's End - c040 (v05) - p055 [VIZ Media] [Digital] [1r0n].png,55-55
40,5,56,Frieren - Beyond Journey's End - c040 (v05) - p056 [VIZ Media] [Digital] [1r0n].png,56-56
41,5,57,Frieren - Beyond Journey's End - c041 (v05) - p057 [VIZ Media] [Digital] [1r0n].png,57-57
41,5,58,Frieren - Beyond Journey's End - c041 (v05) - p058 [VIZ Media] [Digital] [1r0n].png,58-58
41,5,59,Frieren - Beyond Journey's End - c041 (v05) - p059 [VIZ Media] [Digital] [1r0n].png,59-59
41,5,60,Frieren - Beyond Journey's End - c041 (v05) - p060 [VIZ Media] [Digital] [1r0n].png,60-60
41,5,61,Frieren - Beyond Journey's End - c041 (v05) - p061 [VIZ Media] [Digital] [1r0n].png,61-61
41,5,62,Frieren - Beyond Journey's End - c041 (v05) - p062 [VIZ Media] [Digital] [1r0n].png,62-62
41,5,63,Frieren - Beyond Journey's End - c041 (v05) - p063 [VIZ Media] [Digital] [1r0n].png,63-63
41,5,64,Frieren - Beyond Journey's End - c041 (v05) - p064 [VIZ Media] [Digital] [1r0n].png,64-64
41,5,65,Frieren - Beyond Journey's End - c041 (v05) - p065 [VIZ Media] [Digital] [1r0n].png,65-65
41,5,66,Frieren - Beyond Journey's End - c041 (v05) - p066 [VIZ Media] [Digital] [1r0n].png,66-66
41,5,67,Frieren - Beyond Journey's End - c041 (v05) - p067 [VIZ Media] [Digital] [1r0n].png,67-67
41,5,68,Frieren - Beyond Journey's End - c041 (v05) - p068 [VIZ Media] [Digital] [1r0n].png,68-68
41,5,69,Frieren - Beyond Journey's End - c041 (v05) - p069 [VIZ Media] [Digital] [1r0n].png,69-69
41,5,70,Frieren - Beyond Journey's End - c041 (v05) - p070 [VIZ Media] [Digital] [1r0n].png,70-70
41,5,71,Frieren - Beyond Journey's End - c041 (v05) - p071 [VIZ Media] [Digital] [1r0n].png,71-71
41,5,72,Frieren - Beyond Journey's End - c041 (v05) - p072 [VIZ Media] [Digital] [1r0n].png,72-72
41,5,73,Frieren - Beyond Journey's End - c041 (v05) - p073 [VIZ Media] [Digital] [1r0n].png,73-73
41,5,74,Frieren - Beyond Journey's End - c041 (v05) - p074 [VIZ Media] [Digital] [1r0n].png,74-74
42,5,75,Frieren - Beyond Journey's End - c042 (v05) - p075 [VIZ Media] [Digital] [1r0n].png,75-75
42,5,76,Frieren - Beyond Journey's End - c042 (v05) - p076 [VIZ Media] [Digital] [1r0n].png,76-76
42,5,77,Frieren - Beyond Journey's End - c042 (v05) - p077 [VIZ Media] [Digital] [1r0n].png,77-77
42,5,78,Frieren - Beyond Journey's End - c042 (v05) - p078 [VIZ Media] [Digital] [1r0n].png,78-78
42,5,79,Frieren - Beyond Journey's End - c042 (v05) - p079 [VIZ Media] [Digital] [1r0n].png,79-79
42,5,80,Frieren - Beyond Journey's End - c042 (v05) - p080 [VIZ Media] [Digital] [1r0n].png,80-80
42,5,81,Frieren - Beyond Journey's End - c042 (v05) - p081 [VIZ Media] [Digital] [1r0n].png,81-81
42,5,82,Frieren - Beyond Journey's End - c042 (v05) - p082 [VIZ Media] [Digital] [1r0n].png,82-82
42,5,83,Frieren - Beyond Journey's End - c042 (v05) - p083 [VIZ Media] [Digital] [1r0n].png,83-83
42,5,84,Frieren - Beyond Journey's End - c042 (v05) - p084 [VIZ Media] [Digital] [1r0n].png,84-84
42,5,85,Frieren - Beyond Journey's End - c042 (v05) - p085 [VIZ Media] [Digital] [1r0n].png,85-85
42,5,86,Frieren - Beyond Journey's End - c042 (v05) - p086 [VIZ Media] [Digital] [1r0n].png,86-86
42,5,87,Frieren - Beyond Journey's End - c042 (v05) - p087 [VIZ Media] [Digital] [1r0n].png,87-87
42,5,88,Frieren - Beyond Journey's End - c042 (v05) - p088 [VIZ Media] [Digital] [1r0n].png,88-88
42,5,89,Frieren - Beyond Journey's End - c042 (v05) - p089 [VIZ Media] [Digital] [1r0n].png,89-89
42,5,90,Frieren - Beyond Journey's End - c042 (v05) - p090 [VIZ Media] [Digital] [1r0n].png,90-90
42,5,91,Frieren - Beyond Journey's End - c042 (v05) - p091 [VIZ Media] [Digital] [1r0n].png,91-91
42,5,92,Frieren - Beyond Journey's End - c042 (v05) - p092 [VIZ Media] [Digital] [1r0n].png,92-92
42,5,93,Frieren - Beyond Journey's End - c042 (v05) - p093 [VIZ Media] [Digital] [1r0n].png,93-93
43,5,94,Frieren - Beyond Journey's End - c043 (v05) - p094 [VIZ Media] [Digital] [1r0n].png,94-94
43,5,95,Frieren - Beyond Journey's End - c043 (v05) - p095 [VIZ Media] [Digital] [1r0n].png,95-95
43,5,96,Frieren - Beyond Journey's End - c043 (v05) - p096 [VIZ Media] [Digital] [1r0n].png,96-96
43,5,97,Frieren - Beyond Journey's End - c043 (v05) - p097 [VIZ Media] [Digital] [1r0n].png,97-97
43,5,98,Frieren - Beyond Journey's End - c043 (v05) - p098 [VIZ Media] [Digital] [1r0n].png,98-98
43,5,99,Frieren - Beyond Journey's End - c043 (v05) - p099 [VIZ Media] [Digital] [1r0n].png,99-99
43,5,100,Frieren - Beyond Journey's End - c043 (v05) - p100 [VIZ Media] [Digital] [1r0n].png,100-100
43,5,101,Frieren - Beyond Journey's End - c043 (v05) - p101 [VIZ Media] [Digital] [1r0n].png,101-101
43,5,102,Frieren - Beyond Journey's End - c043 (v05) - p102 [VIZ Media] [Digital] [1r0n].png,102-102
43,5,103,Frieren - Beyond Journey's End - c043 (v05) - p103 [VIZ Media] [Digital] [1r0n].png,103-103
43,5,104,Frieren - Beyond Journey's End - c043 (v05) - p104 [VIZ Media] [Digital] [1r0n].png,104-104
43,5,105,Frieren - Beyond Journey's End - c043 (v05) - p105 [VIZ Media] [Digital] [1r0n].png,105-105
43,5,106,Frieren - Beyond Journey's End - c043 (v05) - p106 [VIZ Media] [Digital] [1r0n].png,106-106
43,5,107,Frieren - Beyond Journey's End - c043 (v05) - p107 [VIZ Media] [Digital] [1r0n].png,107-107
43,5,108,Frieren - Beyond Journey's End - c043 (v05) - p108 [VIZ Media] [Digital] [1r0n].png,108-108
43,5,109,Frieren - Beyond Journey's End - c043 (v05) - p109 [VIZ Media] [Digital] [1r0n].png,109-109
43,5,110,Frieren - Beyond Journey's End - c043 (v05) - p110 [VIZ Media] [Digital] [1r0n].png,110-110
43,5,111,Frieren - Beyond Journey's End - c043 (v05) - p111 [VIZ Media] [Digital] [1r0n].png,111-111
43,5,112,Frieren - Beyond Journey's End - c043 (v05) - p112 [VIZ Media] [Digital] [1r0n].png,112-112
43,5,113,Frieren - Beyond Journey's End - c043 (v05) - p113 [VIZ Media] [Digital] [1r0n].png,113-113
43,5,114,Frieren - Beyond Journey's End - c043 (v05) - p114 [VIZ Media] [Digital] [1r0n].png,114-114
44,5,115,Frieren - Beyond Journey's End - c044 (v05) - p115 [VIZ Media] [Digital] [1r0n].png,115-115
44,5,116,Frieren - Beyond Journey's End - c044 (v05) - p116 [VIZ Media] [Digital] [1r0n].png,116-116
44,5,117,Frieren - Beyond Journey's End - c044 (v05) - p117 [VIZ Media] [Digital] [1r0n].png,117-117
44,5,118,Frieren - Beyond Journey's End - c044 (v05) - p118 [VIZ Media] [Digital] [1r0n].png,118-118
44,5,119,Frieren - Beyond Journey's End - c044 (v05) - p119 [VIZ Media] [Digital] [1r0n].png,119-119
44,5,120,Frieren - Beyond Journey's End - c044 (v05) - p120 [VIZ Media] [Digital] [1r0n].png,120-120
44,5,121,Frieren - Beyond Journey's End - c044 (v05) - p121 [VIZ Media] [Digital] [1r0n].png,121-121
44,5,122,Frieren - Beyond Journey's End - c044 (v05) - p122 [VIZ Media] [Digital] [1r0n].png,122-122
44,5,123,Frieren - Beyond Journey's End - c044 (v05) - p123 [VIZ Media] [Digital] [1r0n].png,123-123
44,5,124,Frieren - Beyond Journey's End - c044 (v05) - p124 [VIZ Media] [Digital] [1r0n].png,124-124
44,5,125,Frieren - Beyond Journey's End - c044 (v05) - p125 [VIZ Media] [Digital] [1r0n].png,125-125
44,5,126,Frieren - Beyond Journey's End - c044 (v05) - p126 [VIZ Media] [Digital] [1r0n].png,126-126
44,5,127,Frieren - Beyond Journey's End - c044 (v05) - p127 [VIZ Media] [Digital] [1r0n].png,127-127
44,5,128,Frieren - Beyond Journey's End - c044 (v05) - p128 [VIZ Media] [Digital] [1r0n].png,128-128
44,5,129,Frieren - Beyond Journey's End - c044 (v05) - p129 [VIZ Media] [Digital] [1r0n].png,129-129
44,5,130,Frieren - Beyond Journey's End - c044 (v05) - p130 [VIZ Media] [Digital] [1r0n].png,130-130
44,5,131,Frieren - Beyond Journey's End - c044 (v05) - p131 [VIZ Media] [Digital] [1r0n].png,131-131
44,5,132,Frieren - Beyond Journey's End - c044 (v05) - p132 [VIZ Media] [Digital] [1r0n].png,132-132
45,5,133,Frieren - Beyond Journey's End - c045 (v05) - p133 [VIZ Media] [Digital] [1r0n].png,133-133
45,5,134,Frieren - Beyond Journey's End - c045 (v05) - p134 [VIZ Media] [Digital] [1r0n].png,134-134
45,5,135,Frieren - Beyond Journey's End - c045 (v05) - p135 [VIZ Media] [Digital] [1r0n].png,135-135
45,5,136,Frieren - Beyond Journey's End - c045 (v05) - p136 [VIZ Media] [Digital] [1r0n].png,136-136
45,5,137,Frieren - Beyond Journey's End - c045 (v05) - p137 [VIZ Media] [Digital] [1r0n].png,137-137
45,5,138,Frieren - Beyond Journey's End - c045 (v05) - p138 [VIZ Media] [Digital] [1r0n].png,138-138
45,5,139,Frieren - Beyond Journey's End - c045 (v05) - p139 [VIZ Media] [Digital] [1r0n].png,139-139
45,5,140,Frieren - Beyond Journey's End - c045 (v05) - p140 [VIZ Media] [Digital] [1r0n].png,140-140
45,5,141,Frieren - Beyond Journey's End - c045 (v05) - p141 [VIZ Media] [Digital] [1r0n].png,141-141
45,5,142,Frieren - Beyond Journey's End - c045 (v05) - p142 [VIZ Media] [Digital] [1r0n].png,142-142
45,5,143,Frieren - Beyond Journey's End - c045 (v05) - p143 [VIZ Media] [Digital] [1r0n].png,143-143
45,5,144,Frieren - Beyond Journey's End - c045 (v05) - p144 [VIZ Media] [Digital] [1r0n].png,144-144
45,5,145,Frieren - Beyond Journey's End - c045 (v05) - p145 [VIZ Media] [Digital] [1r0n].png,145-145
45,5,146,Frieren - Beyond Journey's End - c045 (v05) - p146 [VIZ Media] [Digital] [1r0n].png,146-146
45,5,147,Frieren - Beyond Journey's End - c045 (v05) - p147 [VIZ Media] [Digital] [1r0n].png,147-147
45,5,148,Frieren - Beyond Journey's End - c045 (v05) - p148 [VIZ Media] [Digital] [1r0n].png,148-148
45,5,149,Frieren - Beyond Journey's End - c045 (v05) - p149 [VIZ Media] [Digital] [1r0n].png,149-149
45,5,150,Frieren - Beyond Journey's End - c045 (v05) - p150 [VIZ Media] [Digital] [1r0n].png,150-150
46,5,151,Frieren - Beyond Journey's End - c046 (v05) - p151 [VIZ Media] [Digital] [1r0n].png,151-151
46,5,152,Frieren - Beyond Journey's End - c046 (v05) - p152 [VIZ Media] [Digital] [1r0n].png,152-152
46,5,153,Frieren - Beyond Journey's End - c046 (v05) - p153 [VIZ Media] [Digital] [1r0n].png,153-153
46,5,154,Frieren - Beyond Journey's End - c046 (v05) - p154 [VIZ Media] [Digital] [1r0n].png,154-154
46,5,155,Frieren - Beyond Journey's End - c046 (v05) - p155 [VIZ Media] [Digital] [1r0n].png,155-155
46,5,156,Frieren - Beyond Journey's End - c046 (v05) - p156 [VIZ Media] [Digital] [1r0n].png,156-156
46,5,157,Frieren - Beyond Journey's End - c046 (v05) - p157 [VIZ Media] [Digital] [1r0n].png,157-157
46,5,158,Frieren - Beyond Journey's End - c046 (v05) - p158 [VIZ Media] [Digital] [1r0n].png,158-158
46,5,159,Frieren - Beyond Journey's End - c046 (v05) - p159 [VIZ Media] [Digital] [1r0n].png,159-159
46,5,160,Frieren - Beyond Journey's End - c046 (v05) - p160 [VIZ Media] [Digital] [1r0n].png,160-160
46,5,161,Frieren - Beyond Journey's End - c046 (v05) - p161 [VIZ Media] [Digital] [1r0n].png,161-161
46,5,162,Frieren - Beyond Journey's End - c046 (v05) - p162 [VIZ Media] [Digital] [1r0n].png,162-162
46,5,163,Frieren - Beyond Journey's End - c046 (v05) - p163 [VIZ Media] [Digital] [1r0n].png,163-163
46,5,164,Frieren - Beyond Journey's End - c046 (v05) - p164 [VIZ Media] [Digital] [1r0n].png,164-164
46,5,165,Frieren - Beyond Journey's End - c046 (v05) - p165 [VIZ Media] [Digital] [1r0n].png,165-165
46,5,166,Frieren - Beyond Journey's End - c046 (v05) - p166 [VIZ Media] [Digital] [1r0n].png,166-166
46,5,167,Frieren - Beyond Journey's End - c046 (v05) - p167 [VIZ Media] [Digital] [1r0n].png,167-167
46,5,168,Frieren - Beyond Journey's End - c046 (v05) - p168 [VIZ Media] [Digital] [1r0n].png,168-168
46,5,169,Frieren - Beyond Journey's End - c046 (v05) - p169 [VIZ Media] [Digital] [1r0n].png,169-169
46,5,170,Frieren - Beyond Journey's End - c046 (v05) - p170 [VIZ Media] [Digital] [1r0n].png,170-170
47,5,171,Frieren - Beyond Journey's End - c047 (v05) - p171 [VIZ Media] [Digital] [1r0n].png,171-171
47,5,172,Frieren - Beyond Journey's End - c047 (v05) - p172 [VIZ Media] [Digital] [1r0n].png,172-172
47,5,173,Frieren - Beyond Journey's End - c047 (v05) - p173 [VIZ Media] [Digital] [1r0n].png,173-173
47,5,174,Frieren - Beyond Journey's End - c047 (v05) - p174 [VIZ Media] [Digital] [1r0n].png,174-174
47,5,175,Frieren - Beyond Journey's End - c047 (v05) - p175 [VIZ Media] [Digital] [1r0n].png,175-175
47,5,176,Frieren - Beyond Journey's End - c047 (v05) - p176 [VIZ Media] [Digital] [1r0n].png,176-176
47,5,177,Frieren - Beyond Journey's End - c047 (v05) - p177 [VIZ Media] [Digital] [1r0n].png,177-177
47,5,178,Frieren - Beyond Journey's End - c047 (v05) - p178 [VIZ Media] [Digital] [1r0n].png,178-178
47,5,179,Frieren - Beyond Journey's End - c047 (v05) - p179 [VIZ Media] [Digital] [1r0n].png,179-179
47,5,180,Frieren - Beyond Journey's End - c047 (v05) - p180 [VIZ Media] [Digital] [1r0n].png,180-180
47,5,181,Frieren - Beyond Journey's End - c047 (v05) - p181 [VIZ Media] [Digital] [1r0n].png,181-181
47,5,182,Frieren - Beyond Journey's End - c047 (v05) - p182 [VIZ Media] [Digital] [1r0n].png,182-182
47,5,183,Frieren - Beyond Journey's End - c047 (v05) - p183 [VIZ Media] [Digital] [1r0n].png,183-183
47,5,184,Frieren - Beyond Journey's End - c047 (v05) - p184 [VIZ Media] [Digital] [1r0n].png,184-184
47,5,185,Frieren - Beyond Journey's End - c047 (v05) - p185 [VIZ Media] [Digital] [1r0n].png,185-185
47,5,186,Frieren - Beyond Journey's End - c047 (v05) - p186 [VIZ Media] [Digital] [1r0n].png,186-186
47,5,187,Frieren - Beyond Journey's End - c047 (v05) - p187 [VIZ Media] [Digital] [1r0n].png,187-187
47,5,188,Frieren - Beyond Journey's End - c047 (v05) - p188 [VIZ Media] [Digital] [1r0n].png,188-188
48,6,3,Frieren - Beyond Journey's End - c048 (v06) - p003 [VIZ Media] [Digital] [1r0n].png,3-3
48,6,4,Frieren - Beyond Journey's End - c048 (v06) - p004 [VIZ Media] [Digital] [1r0n].png,4-4
48,6,5,Frieren - Beyond Journey's End - c048 (v06) - p005 [VIZ Media] [Digital] [1r0n].png,5-5
48,6,6,Frieren - Beyond Journey's End - c048 (v06) - p006 [VIZ Media] [Digital] [1r0n].png,6-6
48,6,7,Frieren - Beyond Journey's End - c048 (v06) - p007 [VIZ Media] [Digital] [1r0n].png,7-7
48,6,8,Frieren - Beyond Journey's End - c048 (v06) - p008 [VIZ Media] [Digital] [1r0n].png,8-8
48,6,9,Frieren - Beyond Journey's End - c048 (v06) - p009 [VIZ Media] [Digital] [1r0n].png,9-9
48,6,10,Frieren - Beyond Journey's End - c048 (v06) - p010 [VIZ Media] [Digital] [1r0n].png,10-10
48,6,11,Frieren - Beyond Journey's End - c048 (v06) - p011 [VIZ Media] [Digital] [1r0n].png,11-11
48,6,12,Frieren - Beyond Journey's End - c048 (v06) - p012 [VIZ Media] [Digital] [1r0n].png,12-12
48,6,13,Frieren - Beyond Journey's End - c048 (v06) - p013 [VIZ Media] [Digital] [1r0n].png,13-13
48,6,14,Frieren - Beyond Journey's End - c048 (v06) - p014 [VIZ Media] [Digital] [1r0n].png,14-14
48,6,15,Frieren - Beyond Journey's End - c048 (v06) - p015 [VIZ Media] [Digital] [1r0n].png,15-15
48,6,16,Frieren - Beyond Journey's End - c048 (v06) - p016 [VIZ Media] [Digital] [1r0n].png,16-16
48,6,17,Frieren - Beyond Journey's End - c048 (v06) - p017 [VIZ Media] [Digital] [1r0n].png,17-17
48,6,18,Frieren - Beyond Journey's End - c048 (v06) - p018 [VIZ Media] [Digital] [1r0n].png,18-18
48,6,19,Frieren - Beyond Journey's End - c048 (v06) - p019 [VIZ Media] [Digital] [1r0n].png,19-19
48,6,20,Frieren - Beyond Journey's End - c048 (v06) - p020 [VIZ Media] [Digital] [1r0n].png,20-20
49,6,21,Frieren - Beyond Journey's End - c049 (v06) - p021 [VIZ Media] [Digital] [1r0n].png,21-21
49,6,22,Frieren - Beyond Journey's End - c049 (v06) - p022 [VIZ Media] [Digital] [1r0n].png,22-22
49,6,23,Frieren - Beyond Journey's End - c049 (v06) - p023 [VIZ Media] [Digital] [1r0n].png,23-23
49,6,24,Frieren - Beyond Journey's End - c049 (v06) - p024 [VIZ Media] [Digital] [1r0n].png,24-24
49,6,25,Frieren - Beyond Journey's End - c049 (v06) - p025 [VIZ Media] [Digital] [1r0n].png,25-25
49,6,26,Frieren - Beyond Journey's End - c049 (v06) - p026 [VIZ Media] [Digital] [1r0n].png,26-26
49,6,27,Frieren - Beyond Journey's End - c049 (v06) - p027 [VIZ Media] [Digital] [1r0n].png,27-27
49,6,28,Frieren - Beyond Journey's End - c049 (v06) - p028 [VIZ Media] [Digital] [1r0n].png,28-28
49,6,29,Frieren - Beyond Journey's End - c049 (v06) - p029 [VIZ Media] [Digital] [1r0n].png,29-29
49,6,30,Frieren - Beyond Journey's End - c049 (v06) - p030 [VIZ Media] [Digital] [1r0n].png,30-30
49,6,31,Frieren - Beyond Journey's End - c049 (v06) - p031 [VIZ Media] [Digital] [1r0n].png,31-31
49,6,32,Frieren - Beyond Journey's End - c049 (v06) - p032 [VIZ Media] [Digital] [1r0n].png,32-32
49,6,33,Frieren - Beyond Journey's End - c049 (v06) - p033 [VIZ Media] [Digital] [1r0n].png,33-33
49,6,34,Frieren - Beyond Journey's End - c049 (v06) - p034 [VIZ Media] [Digital] [1r0n].png,34-34
49,6,35,Frieren - Beyond Journey's End - c049 (v06) - p035 [VIZ Media] [Digital] [1r0n].png,35-35
49,6,36,Frieren - Beyond Journey's End - c049 (v06) - p036 [VIZ Media] [Digital] [1r0n].png,36-36
49,6,37,Frieren - Beyond Journey's End - c049 (v06) - p037 [VIZ Media] [Digital] [1r0n].png,37-37
49,6,38,Frieren - Beyond Journey's End - c049 (v06) - p038 [VIZ Media] [Digital] [1r0n].png,38-38
50,6,39,Frieren - Beyond Journey's End - c050 (v06) - p039 [VIZ Media] [Digital] [1r0n].png,39-39
50,6,40,Frieren - Beyond Journey's End - c050 (v06) - p040 [VIZ Media] [Digital] [1r0n].png,40-40
50,6,41,Frieren - Beyond Journey's End - c050 (v06) - p041 [VIZ Media] [Digital] [1r0n].png,41-41
50,6,42,Frieren - Beyond Journey's End - c050 (v06) - p042 [VIZ Media] [Digital] [1r0n].png,42-42
50,6,43,Frieren - Beyond Journey's End - c050 (v06) - p043 [VIZ Media] [Digital] [1r0n].png,43-43
50,6,44,Frieren - Beyond Journey's End - c050 (v06) - p044 [VIZ Media] [Digital] [1r0n].png,44-44
50,6,45,Frieren - Beyond Journey's End - c050 (v06) - p045 [VIZ Media] [Digital] [1r0n].png,45-45
50,6,46,Frieren - Beyond Journey's End - c050 (v06) - p046 [VIZ Media] [Digital] [1r0n].png,46-46
50,6,47,Frieren - Beyond Journey's End - c050 (v06) - p047 [VIZ Media] [Digital] [1r0n].png,47-47
50,6,48,Frieren - Beyond Journey's End - c050 (v06) - p048 [VIZ Media] [Digital] [1r0n].png,48-48
50,6,49,Frieren - Beyond Journey's End - c050 (v06) - p049 [VIZ Media] [Digital] [1r0n].png,49-49
50,6,50,Frieren - Beyond Journey's End - c050 (v06) - p050 [VIZ Media] [Digital] [1r0n].png,50-50
50,6,51,Frieren - Beyond Journey's End - c050 (v06) - p051 [VIZ Media] [Digital] [1r0n].png,51-51
50,6,52,Frieren - Beyond Journey's End - c050 (v06) - p052 [VIZ Media] [Digital] [1r0n].png,52-52
50,6,53,Frieren - Beyond Journey's End - c050 (v06) - p053 [VIZ Media] [Digital] [1r0n].png,53-53
50,6,54,Frieren - Beyond Journey's End - c050 (v06) - p054 [VIZ Media] [Digital] [1r0n].png,54-54
50,6,55,Frieren - Beyond Journey's End - c050 (v06) - p055 [VIZ Media] [Digital] [1r0n].png,55-55
50,6,56,Frieren - Beyond Journey's End - c050 (v06) - p056 [VIZ Media] [Digital] [1r0n].png,56-56
51,6,57,Frieren - Beyond Journey's End - c051 (v06) - p057 [VIZ Media] [Digital] [1r0n].png,57-57
51,6,58,Frieren - Beyond Journey's End - c051 (v06) - p058 [VIZ Media] [Digital] [1r0n].png,58-58
51,6,59,Frieren - Beyond Journey's End - c051 (v06) - p059 [VIZ Media] [Digital] [1r0n].png,59-59
51,6,60,Frieren - Beyond Journey's End - c051 (v06) - p060 [VIZ Media] [Digital] [1r0n].png,60-60
51,6,61,Frieren - Beyond Journey's End - c051 (v06) - p061 [VIZ Media] [Digital] [1r0n].png,61-61
51,6,62,Frieren - Beyond Journey's End - c051 (v06) - p062 [VIZ Media] [Digital] [1r0n].png,62-62
51,6,63,Frieren - Beyond Journey's End - c051 (v06) - p063 [VIZ Media] [Digital] [1r0n].png,63-63
51,6,64,Frieren - Beyond Journey's End - c051 (v06) - p064 [VIZ Media] [Digital] [1r0n].png,64-64
51,6,65,Frieren - Beyond Journey's End - c051 (v06) - p065 [VIZ Media] [Digital] [1r0n].png,65-65
51,6,66,Frieren - Beyond Journey's End - c051 (v06) - p066 [VIZ Media] [Digital] [1r0n].png,66-66
51,6,67,Frieren - Beyond Journey's End - c051 (v06) - p067 [VIZ Media] [Digital] [1r0n].png,67-67
51,6,68,Frieren - Beyond Journey's End - c051 (v06) - p068 [VIZ Media] [Digital] [1r0n].png,68-68
51,6,69,Frieren - Beyond Journey's End - c051 (v06) - p069 [VIZ Media] [Digital] [1r0n].png,69-69
51,6,70,Frieren - Beyond Journey's End - c051 (v06) - p070 [VIZ Media] [Digital] [1r0n].png,70-70
51,6,71,Frieren - Beyond Journey's End - c051 (v06) - p071 [VIZ Media] [Digital] [1r0n].png,71-71
51,6,72,Frieren - Beyond Journey's End - c051 (v06) - p072 [VIZ Media] [Digital] [1r0n].png,72-72
51,6,73,Frieren - Beyond Journey's End - c051 (v06) - p073 [VIZ Media] [Digital] [1r0n].png,73-73
51,6,74,Frieren - Beyond Journey's End - c051 (v06) - p074 [VIZ Media] [Digital] [1r0n].png,74-74
52,6,75,Frieren - Beyond Journey's End - c052 (v06) - p075 [VIZ Media] [Digital] [1r0n].png,75-75
52,6,76,Frieren - Beyond Journey's End - c052 (v06) - p076 [VIZ Media] [Digital] [1r0n].png,76-76
52,6,77,Frieren - Beyond Journey's End - c052 (v06) - p077 [VIZ Media] [Digital] [1r0n].png,77-77
52,6,78,Frieren - Beyond Journey's End - c052 (v06) - p078 [VIZ Media] [Digital] [1r0n].png,78-78
52,6,79,Frieren - Beyond Journey's End - c052 (v06) - p079 [VIZ Media] [Digital] [1r0n].png,79-79
52,6,80,Frieren - Beyond Journey's End - c052 (v06) - p080 [VIZ Media] [Digital] [1r0n].png,80-80
52,6,81,Frieren - Beyond Journey's End - c052 (v06) - p081 [VIZ Media] [Digital] [1r0n].png,81-81
52,6,82,Frieren - Beyond Journey's End - c052 (v06) - p082 [VIZ Media] [Digital] [1r0n].png,82-82
52,6,83,Frieren - Beyond Journey's End - c052 (v06) - p083 [VIZ Media] [Digital] [1r0n].png,83-83
52,6,84,Frieren - Beyond Journey's End - c052 (v06) - p084 [VIZ Media] [Digital] [1r0n].png,84-84
52,6,85,Frieren - Beyond Journey's End - c052 (v06) - p085 [VIZ Media] [Digital] [1r0n].png,85-85
52,6,86,Frieren - Beyond Journey's End - c052 (v06) - p086 [VIZ Media] [Digital] [1r0n].png,86-86
52,6,87,Frieren - Beyond Journey's End - c052 (v06) - p087 [VIZ Media] [Digital] [1r0n].png,87-87
52,6,88,Frieren - Beyond Journey's End - c052 (v06) - p088 [VIZ Media] [Digital] [1r0n].png,88-88
52,6,89,Frieren - Beyond Journey's End - c052 (v06) - p089 [VIZ Media] [Digital] [1r0n].png,89-89
52,6,90,Frieren - Beyond Journey's End - c052 (v06) - p090 [VIZ Media] [Digital] [1r0n].png,90-90
52,6,91,Frieren - Beyond Journey's End - c052 (v06) - p091 [VIZ Media] [Digital] [1r0n].png,91-91
52,6,92,Frieren - Beyond Journey's End - c052 (v06) - p092 [VIZ Media] [Digital] [1r0n].png,92-92
52,6,93,Frieren - Beyond Journey's End - c052 (v06) - p093 [VIZ Media] [Digital] [1r0n].png,93-93
52,6,94,Frieren - Beyond Journey's End - c052 (v06) - p094 [VIZ Media] [Digital] [1r0n].png,94-94
53,6,95,Frieren - Beyond Journey's End - c053 (v06) - p095 [VIZ Media] [Digital] [1r0n].png,95-95
53,6,96,Frieren - Beyond Journey's End - c053 (v06) - p096 [VIZ Media] [Digital] [1r0n].png,96-96
53,6,97,Frieren - Beyond Journey's End - c053 (v06) - p097 [VIZ Media] [Digital] [1r0n].png,97-97
53,6,98,Frieren - Beyond Journey's End - c053 (v06) - p098 [VIZ Media] [Digital] [1r0n].png,98-98
53,6,99,Frieren - Beyond Journey's End - c053 (v06) - p099 [VIZ Media] [Digital] [1r0n].png,99-99
53,6,100,Frieren - Beyond Journey's End - c053 (v06) - p100 [VIZ Media] [Digital] [1r0n].png,100-100
53,6,101,Frieren - Beyond Journey's End - c053 (v06) - p101 [VIZ Media] [Digital] [1r0n].png,101-101
53,6,102,Frieren - Beyond Journey's End - c053 (v06) - p102 [VIZ Media] [Digital] [1r0n].png,102-102
53,6,103,Frieren - Beyond Journey's End - c053 (v06) - p103 [VIZ Media] [Digital] [1r0n].png,103-103
53,6,104,Frieren - Beyond Journey's End - c053 (v06) - p104 [VIZ Media] [Digital] [1r0n].png,104-104
53,6,105,Frieren - Beyond Journey's End - c053 (v06) - p105 [VIZ Media] [Digital] [1r0n].png,105-105
53,6,106,Frieren - Beyond Journey's End - c053 (v06) - p106 [VIZ Media] [Digital] [1r0n].png,106-106
53,6,107,Frieren - Beyond Journey's End - c053 (v06) - p107 [VIZ Media] [Digital] [1r0n].png,107-107
53,6,108,Frieren - Beyond Journey's End - c053 (v06) - p108 [VIZ Media] [Digital] [1r0n].png,108-108
53,6,109,Frieren - Beyond Journey's End - c053 (v06) - p109 [VIZ Media] [Digital] [1r0n].png,109-109
53,6,110,Frieren - Beyond Journey's End - c053 (v06) - p110 [VIZ Media] [Digital] [1r0n].png,110-110
53,6,111,Frieren - Beyond Journey's End - c053 (v06) - p111 [VIZ Media] [Digital] [1r0n].png,111-111
53,6,112,Frieren - Beyond Journey's End - c053 (v06) - p112 [VIZ Media] [Digital] [1r0n].png,112-112
54,6,113,Frieren - Beyond Journey's End - c054 (v06) - p113 [VIZ Media] [Digital] [1r0n].png,113-113
54,6,114,Frieren - Beyond Journey's End - c054 (v06) - p114 [VIZ Media] [Digital] [1r0n].png,114-114
54,6,115,Frieren - Beyond Journey's End - c054 (v06) - p115 [VIZ Media] [Digital] [1r0n].png,115-115
54,6,116,Frieren - Beyond Journey's End - c054 (v06) - p116 [VIZ Media] [Digital] [1r0n].png,116-116
54,6,117,Frieren - Beyond Journey's End - c054 (v06) - p117 [VIZ Media] [Digital] [1r0n].png,117-117
54,6,118,Frieren - Beyond Journey's End - c054 (v06) - p118 [VIZ Media] [Digital] [1r0n].png,118-118
54,6,119,Frieren - Beyond Journey's End - c054 (v06) - p119 [VIZ Media] [Digital] [1r0n].png,119-119
54,6,120,Frieren - Beyond Journey's End - c054 (v06) - p120 [VIZ Media] [Digital] [1r0n].png,120-120
54,6,121,Frieren - Beyond Journey's End - c054 (v06) - p121 [VIZ Media] [Digital] [1r0n].png,121-121
54,6,122,Frieren - Beyond Journey's End - c054 (v06) - p122 [VIZ Media] [Digital] [1r0n].png,122-122
54,6,123,Frieren - Beyond Journey's End - c054 (v06) - p123 [VIZ Media] [Digital] [1r0n].png,123-123
54,6,124,Frieren - Beyond Journey's End - c054 (v06) - p124 [VIZ Media] [Digital] [1r0n].png,124-124
54,6,125,Frieren - Beyond Journey's End - c054 (v06) - p125 [VIZ Media] [Digital] [1r0n].png,125-125
54,6,126,Frieren - Beyond Journey's End - c054 (v06) - p126 [VIZ Media] [Digital] [1r0n].png,126-126
54,6,127,Frieren - Beyond Journey's End - c054 (v06) - p127 [VIZ Media] [Digital] [1r0n].png,127-127
54,6,128,Frieren - Beyond Journey's End - c054 (v06) - p128 [VIZ Media] [Digital] [1r0n].png,128-128
54,6,129,Frieren - Beyond Journey's End - c054 (v06) - p129 [VIZ Media] [Digital] [1r0n].png,129-129
54,6,130,Frieren - Beyond Journey's End - c054 (v06) - p130 [VIZ Media] [Digital] [1r0n].png,130-130
54,6,131,Frieren - Beyond Journey's End - c054 (v06) - p131 [VIZ Media] [Digital] [1r0n].png,131-131
55,6,132,Frieren - Beyond Journey's End - c055 (v06) - p132-p133 [VIZ Media] [Digital] [1r0n].png,132-133
55,6,133,Frieren - Beyond Journey's End - c055 (v06) - p134 [VIZ Media] [Digital] [1r0n].png,134-134
55,6,134,Frieren - Beyond Journey's End - c055 (v06) - p135 [VIZ Media] [Digital] [1r0n].png,135-135
55,6,135,Frieren - Beyond Journey's End - c055 (v06) - p136 [VIZ Media] [Digital] [1r0n].png,136-136
55,6,136,Frieren - Beyond Journey's End - c055 (v06) - p137 [VIZ Media] [Digital] [1r0n].png,137-137
55,6,137,Frieren - Beyond Journey's End - c055 (v06) - p138 [VIZ Media] [Digital] [1r0n].png,138-138
55,6,138,Frieren - Beyond Journey's End - c055 (v06) - p139 [VIZ Media] [Digital] [1r0n].png,139-139
55,6,139,Frieren - Beyond Journey's End - c055 (v06) - p140 [VIZ Media] [Digital] [1r0n].png,140-140
55,6,140,Frieren - Beyond Journey's End - c055 (v06) - p141 [VIZ Media] [Digital] [1r0n].png,141-141
55,6,141,Frieren - Beyond Journey's End - c055 (v06) - p142 [VIZ Media] [Digital] [1r0n].png,142-142
55,6,142,Frieren - Beyond Journey's End - c055 (v06) - p143 [VIZ Media] [Digital] [1r0n].png,143-143
55,6,143,Frieren - Beyond Journey's End - c055 (v06) - p144 [VIZ Media] [Digital] [1r0n].png,144-144
55,6,144,Frieren - Beyond Journey's End - c055 (v06) - p145 [VIZ Media] [Digital] [1r0n].png,145-145
55,6,145,Frieren - Beyond Journey's End - c055 (v06) - p146 [VIZ Media] [Digital] [1r0n].png,146-146
55,6,146,Frieren - Beyond Journey's End - c055 (v06) - p147 [VIZ Media] [Digital] [1r0n].png,147-147
55,6,147,Frieren - Beyond Journey's End - c055 (v06) - p148 [VIZ Media] [Digital] [1r0n].png,148-148
55,6,148,Frieren - Beyond Journey's End - c055 (v06) - p149 [VIZ Media] [Digital] [1r0n].png,149-149
55,6,149,Frieren - Beyond Journey's End - c055 (v06) - p150 [VIZ Media] [Digital] [1r0n].png,150-150
56,6,150,Frieren - Beyond Journey's End - c056 (v06) - p151 [VIZ Media] [Digital] [1r0n].png,151-151
56,6,151,Frieren - Beyond Journey's End - c056 (v06) - p152 [VIZ Media] [Digital] [1r0n].png,152-152
56,6,152,Frieren - Beyond Journey's End - c056 (v06) - p153 [VIZ Media] [Digital] [1r0n].png,153-153
56,6,153,Frieren - Beyond Journey's End - c056 (v06) - p154 [VIZ Media] [Digital] [1r0n].png,154-154
56,6,154,Frieren - Beyond Journey's End - c056 (v06) - p155 [VIZ Media] [Digital] [1r0n].png,155-155
56,6,155,Frieren - Beyond Journey's End - c056 (v06) - p156 [VIZ Media] [Digital] [1r0n].png,156-156
56,6,156,Frieren - Beyond Journey's End - c056 (v06) - p157 [VIZ Media] [Digital] [1r0n].png,157-157
56,6,157,Frieren - Beyond Journey's End - c056 (v06) - p158 [VIZ Media] [Digital] [1r0n].png,158-158
56,6,158,Frieren - Beyond Journey's End - c056 (v06) - p159 [VIZ Media] [Digital] [1r0n].png,159-159
56,6,159,Frieren - Beyond Journey's End - c056 (v06) - p160 [VIZ Media] [Digital] [1r0n].png,160-160
56,6,160,Frieren - Beyond Journey's End - c056 (v06) - p161 [VIZ Media] [Digital] [1r0n].png,161-161
56,6,161,Frieren - Beyond Journey's End - c056 (v06) - p162 [VIZ Media] [Digital] [1r0n].png,162-162
56,6,162,Frieren - Beyond Journey's End - c056 (v06) - p163 [VIZ Media] [Digital] [1r0n].png,163-163
56,6,163,Frieren - Beyond Journey's End - c056 (v06) - p164 [VIZ Media] [Digital] [1r0n].png,164-164
56,6,164,Frieren - Beyond Journey's End - c056 (v06) - p165 [VIZ Media] [Digital] [1r0n].png,165-165
56,6,165,Frieren - Beyond Journey's End - c056 (v06) - p166 [VIZ Media] [Digital] [1r0n].png,166-166
56,6,166,Frieren - Beyond Journey's End - c056 (v06) - p167 [VIZ Media] [Digital] [1r0n].png,167-167
56,6,167,Frieren - Beyond Journey's End - c056 (v06) - p168 [VIZ Media] [Digital] [1r0n].png,168-168
56,6,168,Frieren - Beyond Journey's End - c056 (v06) - p169 [VIZ Media] [Digital] [1r0n].png,169-169
56,6,169,Frieren - Beyond Journey's End - c056 (v06) - p170 [VIZ Media] [Digital] [1r0n].png,170-170
57,6,170,Frieren - Beyond Journey's End - c057 (v06) - p171 [VIZ Media] [Digital] [1r0n].png,171-171
57,6,171,Frieren - Beyond Journey's End - c057 (v06) - p172 [VIZ Media] [Digital] [1r0n].png,172-172
57,6,172,Frieren - Beyond Journey's End - c057 (v06) - p173 [VIZ Media] [Digital] [1r0n].png,173-173
57,6,173,Frieren - Beyond Journey's End - c057 (v06) - p174 [VIZ Media] [Digital] [1r0n].png,174-174
57,6,174,Frieren - Beyond Journey's End - c057 (v06) - p175 [VIZ Media] [Digital] [1r0n].png,175-175
57,6,175,Frieren - Beyond Journey's End - c057 (v06) - p176 [VIZ Media] [Digital] [1r0n].png,176-176
57,6,176,Frieren - Beyond Journey's End - c057 (v06) - p177 [VIZ Media] [Digital] [1r0n].png,177-177
57,6,177,Frieren - Beyond Journey's End - c057 (v06) - p178 [VIZ Media] [Digital] [1r0n].png,178-178
57,6,178,Frieren - Beyond Journey's End - c057 (v06) - p179 [VIZ Media] [Digital] [1r0n].png,179-179
57,6,179,Frieren - Beyond Journey's End - c057 (v06) - p180 [VIZ Media] [Digital] [1r0n].png,180-180
57,6,180,Frieren - Beyond Journey's End - c057 (v06) - p181 [VIZ Media] [Digital] [1r0n].png,181-181
57,6,181,Frieren - Beyond Journey's End - c057 (v06) - p182 [VIZ Media] [Digital] [1r0n].png,182-182
57,6,182,Frieren - Beyond Journey's End - c057 (v06) - p183 [VIZ Media] [Digital] [1r0n].png,183-183
57,6,183,Frieren - Beyond Journey's End - c057 (v06) - p184 [VIZ Media] [Digital] [1r0n].png,184-184
57,6,184,Frieren - Beyond Journey's End - c057 (v06) - p185 [VIZ Media] [Digital] [1r0n].png,185-185
57,6,185,Frieren - Beyond Journey's End - c057 (v06) - p186 [VIZ Media] [Digital] [1r0n].png,186-186
57,6,186,Frieren - Beyond Journey's End - c057 (v06) - p187 [VIZ Media] [Digital] [1r0n].png,187-187
57,6,187,Frieren - Beyond Journey's End - c057 (v06) - p188 [VIZ Media] [Digital] [1r0n].png,188-188
57,6,188,Frieren - Beyond Journey's End - c057 (v06) - p189 [VIZ Media] [Digital] [1r0n].png,189-189
57,6,189,Frieren - Beyond Journey's End - c057 (v06) - p190 [VIZ Media] [Digital] [1r0n].png,190-190
58,7,3,Frieren - Beyond Journey's End - c058 (v07) - p003 [VIZ Media] [Digital] [1r0n].png,3-3
58,7,4,Frieren - Beyond Journey's End - c058 (v07) - p004 [VIZ Media] [Digital] [1r0n].png,4-4
58,7,5,Frieren - Beyond Journey's End - c058 (v07) - p005 [VIZ Media] [Digital] [1r0n].png,5-5
58,7,6,Frieren - Beyond Journey's End - c058 (v07) - p006 [VIZ Media] [Digital] [1r0n].png,6-6
58,7,7,Frieren - Beyond Journey's End - c058 (v07) - p007 [VIZ Media] [Digital] [1r0n].png,7-7
58,7,8,Frieren - Beyond Journey's End - c058 (v07) - p008 [VIZ Media] [Digital] [1r0n].png,8-8
58,7,9,Frieren - Beyond Journey's End - c058 (v07) - p009 [VIZ Media] [Digital] [1r0n].png,9-9
58,7,10,Frieren - Beyond Journey's End - c058 (v07) - p010 [VIZ Media] [Digital] [1r0n].png,10-10
58,7,11,Frieren - Beyond Journey's End - c058 (v07) - p011 [VIZ Media] [Digital] [1r0n].png,11-11
58,7,12,Frieren - Beyond Journey's End - c058 (v07) - p012 [VIZ Media] [Digital] [1r0n].png,12-12
58,7,13,Frieren - Beyond Journey's End - c058 (v07) - p013 [VIZ Media] [Digital] [1r0n].png,13-13
58,7,14,Frieren - Beyond Journey's End - c058 (v07) - p014 [VIZ Media] [Digital] [1r0n].png,14-14
58,7,15,Frieren - Beyond Journey's End - c058 (v07) - p015 [VIZ Media] [Digital] [1r0n].png,15-15
58,7,16,Frieren - Beyond Journey's End - c058 (v07) - p016 [VIZ Media] [Digital] [1r0n].png,16-16
58,7,17,Frieren - Beyond Journey's End - c058 (v07) - p017 [VIZ Media] [Digital] [1r0n].png,17-17
58,7,18,Frieren - Beyond Journey's End - c058 (v07) - p018 [VIZ Media] [Digital] [1r0n].png,18-18
58,7,19,Frieren - Beyond Journey's End - c058 (v07) - p019 [VIZ Media] [Digital] [1r0n].png,19-19
58,7,20,Frieren - Beyond Journey's End - c058 (v07) - p020 [VIZ Media] [Digital] [1r0n].png,20-20
58,7,21,Frieren - Beyond Journey's End - c058 (v07) - p021 [VIZ Media] [Digital] [1r0n].png,21-21
58,7,22,Frieren - Beyond Journey's End - c058 (v07) - p022 [VIZ Media] [Digital] [1r0n].png,22-22
59,7,23,Frieren - Beyond Journey's End - c059 (v07) - p023 [VIZ Media] [Digital] [1r0n].png,23-23
59,7,24,Frieren - Beyond Journey's End - c059 (v07) - p024 [VIZ Media] [Digital] [1r0n].png,24-24
59,7,25,Frieren - Beyond Journey's End - c059 (v07) - p025 [VIZ Media] [Digital] [1r0n].png,25-25
59,7,26,Frieren - Beyond Journey's End - c059 (v07) - p026 [VIZ Media] [Digital] [1r0n].png,26-26
59,7,27,Frieren - Beyond Journey's End - c059 (v07) - p027 [VIZ Media] [Digital] [1r0n].png,27-27
59,7,28,Frieren - Beyond Journey's End - c059 (v07) - p028 [VIZ Media] [Digital] [1r0n].png,28-28
59,7,29,Frieren - Beyond Journey's End - c059 (v07) - p029 [VIZ Media] [Digital] [1r0n].png,29-29
59,7,30,Frieren - Beyond Journey's End - c059 (v07) - p030 [VIZ Media] [Digital] [1r0n].png,30-30
59,7,31,Frieren - Beyond Journey's End - c059 (v07) - p031 [VIZ Media] [Digital] [1r0n].png,31-31
59,7,32,Frieren - Beyond Journey's End - c059 (v07) - p032 [VIZ Media] [Digital] [1r0n].png,32-32
59,7,33,Frieren - Beyond Journey's End - c059 (v07) - p033 [VIZ Media] [Digital] [1r0n].png,33-33
59,7,34,Frieren - Beyond Journey's End - c059 (v07) - p034 [VIZ Media] [Digital] [1r0n].png,34-34
59,7,35,Frieren - Beyond Journey's End - c059 (v07) - p035 [VIZ Media] [Digital] [1r0n].png,35-35
59,7,36,Frieren - Beyond Journey's End - c059 (v07) - p036 [VIZ Media] [Digital] [1r0n].png,36-36
59,7,37,Frieren - Beyond Journey's End - c059 (v07) - p037 [VIZ Media] [Digital] [1r0n].png,37-37
59,7,38,Frieren - Beyond Journey's End - c059 (v07) - p038 [VIZ Media] [Digital] [1r0n].png,38-38
59,7,39,Frieren - Beyond Journey's End - c059 (v07) - p039 [VIZ Media] [Digital] [1r0n].png,39-39
59,7,40,Frieren - Beyond Journey's End - c059 (v07) - p040 [VIZ Media] [Digital] [1r0n].png,40-40
60,7,41,Frieren - Beyond Journey's End - c060 (v07) - p041 [VIZ Media] [Digital] [1r0n].png,41-41
60,7,42,Frieren - Beyond Journey's End - c060 (v07) - p042 [VIZ Media] [Digital] [1r0n].png,42-42
60,7,43,Frieren - Beyond Journey's End - c060 (v07) - p043 [VIZ Media] [Digital] [1r0n].png,43-43
60,7,44,Frieren - Beyond Journey's End - c060 (v07) - p044 [VIZ Media] [Digital] [1r0n].png,44-44
60,7,45,Frieren - Beyond Journey's End - c060 (v07) - p045 [VIZ Media] [Digital] [1r0n].png,45-45
60,7,46,Frieren - Beyond Journey's End - c060 (v07) - p046 [VIZ Media] [Digital] [1r0n].png,46-46
60,7,47,Frieren - Beyond Journey's End - c060 (v07) - p047 [VIZ Media] [Digital] [1r0n].png,47-47
60,7,48,Frieren - Beyond Journey's End - c060 (v07) - p048 [VIZ Media] [Digital] [1r0n].png,48-48
60,7,49,Frieren - Beyond Journey's End - c060 (v07) - p049 [VIZ Media] [Digital] [1r0n].png,49-49
60,7,50,Frieren - Beyond Journey's End - c060 (v07) - p050 [VIZ Media] [Digital] [1r0n].png,50-50
60,7,51,Frieren - Beyond Journey's End - c060 (v07) - p051 [VIZ Media] [Digital] [1r0n].png,51-51
60,7,52,Frieren - Beyond Journey's End - c060 (v07) - p052 [VIZ Media] [Digital] [1r0n].png,52-52
60,7,53,Frieren - Beyond Journey's End - c060 (v07) - p053 [VIZ Media] [Digital] [1r0n].png,53-53
60,7,54,Frieren - Beyond Journey's End - c060 (v07) - p054 [VIZ Media] [Digital] [1r0n].png,54-54
60,7,55,Frieren - Beyond Journey's End - c060 (v07) - p055 [VIZ Media] [Digital] [1r0n].png,55-55
60,7,56,Frieren - Beyond Journey's End - c060 (v07) - p056 [VIZ Media] [Digital] [1r0n].png,56-56
60,7,57,Frieren - Beyond Journey's End - c060 (v07) - p057 [VIZ Media] [Digital] [1r0n].png,57-57
60,7,58,Frieren - Beyond Journey's End - c060 (v07) - p058 [VIZ Media] [Digital] [1r0n].png,58-58
60,7,59,Frieren - Beyond Journey's End - c060 (v07) - p059 [VIZ Media] [Digital] [1r0n].png,59-59
61,7,60,Frieren - Beyond Journey's End - c061 (v07) - p061 [VIZ Media] [Digital] [1r0n].png,61-61
61,7,61,Frieren - Beyond Journey's End - c061 (v07) - p062 [VIZ Media] [Digital] [1r0n].png,62-62
61,7,62,Frieren - Beyond Journey's End - c061 (v07) - p063 [VIZ Media] [Digital] [1r0n].png,63-63
61,7,63,Frieren - Beyond Journey's End - c061 (v07) - p064 [VIZ Media] [Digital] [1r0n].png,64-64
61,7,64,Frieren - Beyond Journey's End - c061 (v07) - p065 [VIZ Media] [Digital] [1r0n].png,65-65
61,7,65,Frieren - Beyond Journey's End - c061 (v07) - p066 [VIZ Media] [Digital] [1r0n].png,66-66
61,7,66,Frieren - Beyond Journey's End - c061 (v07) - p067 [VIZ Media] [Digital] [1r0n].png,67-67
61,7,67,Frieren - Beyond Journey's End - c061 (v07) - p068 [VIZ Media] [Digital] [1r0n].png,68-68
61,7,68,Frieren - Beyond Journey's End - c061 (v07) - p069 [VIZ Media] [Digital] [1r0n].png,69-69
61,7,69,Frieren - Beyond Journey's End - c061 (v07) - p070 [VIZ Media] [Digital] [1r0n].png,70-70
61,7,70,Frieren - Beyond Journey's End - c061 (v07) - p071 [VIZ Media] [Digital] [1r0n].png,71-71
61,7,71,Frieren - Beyond Journey's End - c061 (v07) - p072 [VIZ Media] [Digital] [1r0n].png,72-72
61,7,72,Frieren - Beyond Journey's End - c061 (v07) - p073 [VIZ Media] [Digital] [1r0n].png,73-73
61,7,73,Frieren - Beyond Journey's End - c061 (v07) - p074 [VIZ Media] [Digital] [1r0n].png,74-74
61,7,74,Frieren - Beyond Journey's End - c061 (v07) - p075 [VIZ Media] [Digital] [1r0n].png,75-75
61,7,75,Frieren - Beyond Journey's End - c061 (v07) - p076 [VIZ Media] [Digital] [1r0n].png,76-76
61,7,76,Frieren - Beyond Journey's End - c061 (v07) - p077 [VIZ Media] [Digital] [1r0n].png,77-77
61,7,77,Frieren - Beyond Journey's End - c061 (v07) - p078 [VIZ Media] [Digital] [1r0n].png,78-78
62,7,78,Frieren - Beyond Journey's End - c062 (v07) - p079 [VIZ Media] [Digital] [1r0n].png,79-79
62,7,79,Frieren - Beyond Journey's End - c062 (v07) - p080 [VIZ Media] [Digital] [1r0n].png,80-80
62,7,80,Frieren - Beyond Journey's End - c062 (v07) - p081 [VIZ Media] [Digital] [1r0n].png,81-81
62,7,81,Frieren - Beyond Journey's End - c062 (v07) - p082 [VIZ Media] [Digital] [1r0n].png,82-82
62,7,82,Frieren - Beyond Journey's End - c062 (v07) - p083 [VIZ Media] [Digital] [1r0n].png,83-83
62,7,83,Frieren - Beyond Journey's End - c062 (v07) - p084 [VIZ Media] [Digital] [1r0n].png,84-84
62,7,84,Frieren - Beyond Journey's End - c062 (v07) - p085 [VIZ Media] [Digital] [1r0n].png,85-85
62,7,85,Frieren - Beyond Journey's End - c062 (v07) - p086 [VIZ Media] [Digital] [1r0n].png,86-86
62,7,86,Frieren - Beyond Journey's End - c062 (v07) - p087 [VIZ Media] [Digital] [1r0n].png,87-87
62,7,87,Frieren - Beyond Journey's End - c062 (v07) - p088 [VIZ Media] [Digital] [1r0n].png,88-88
62,7,88,Frieren - Beyond Journey's End - c062 (v07) - p089 [VIZ Media] [Digital] [1r0n].png,89-89
62,7,89,Frieren - Beyond Journey's End - c062 (v07) - p090 [VIZ Media] [Digital] [1r0n].png,90-90
62,7,90,Frieren - Beyond Journey's End - c062 (v07) - p091 [VIZ Media] [Digital] [1r0n].png,91-91
62,7,91,Frieren - Beyond Journey's End - c062 (v07) - p092 [VIZ Media] [Digital] [1r0n].png,92-92
62,7,92,Frieren - Beyond Journey's End - c062 (v07) - p093 [VIZ Media] [Digital] [1r0n].png,93-93
62,7,93,Frieren - Beyond Journey's End - c062 (v07) - p094 [VIZ Media] [Digital] [1r0n].png,94-94
62,7,94,Frieren - Beyond Journey's End - c062 (v07) - p095 [VIZ Media] [Digital] [1r0n].png,95-95
62,7,95,Frieren - Beyond Journey's End - c062 (v07) - p096 [VIZ Media] [Digital] [1r0n].png,96-96
63,7,96,Frieren - Beyond Journey's End - c063 (v07) - p097 [VIZ Media] [Digital] [1r0n].png,97-97
63,7,97,Frieren - Beyond Journey's End - c063 (v07) - p098 [VIZ Media] [Digital] [1r0n].png,98-98
63,7,98,Frieren - Beyond Journey's End - c063 (v07) - p099 [VIZ Media] [Digital] [1r0n].png,99-99
63,7,99,Frieren - Beyond Journey's End - c063 (v07) - p100 [VIZ Media] [Digital] [1r0n].png,100-100
63,7,100,Frieren - Beyond Journey's End - c063 (v07) - p101 [VIZ Media] [Digital] [1r0n].png,101-101
63,7,101,Frieren - Beyond Journey's End - c063 (v07) - p102 [VIZ Media] [Digital] [1r0n].png,102-102
63,7,102,Frieren - Beyond Journey's End - c063 (v07) - p103 [VIZ Media] [Digital] [1r0n].png,103-103
63,7,103,Frieren - Beyond Journey's End - c063 (v07) - p104 [VIZ Media] [Digital] [1r0n].png,104-104
63,7,104,Frieren - Beyond Journey's End - c063 (v07) - p105 [VIZ Media] [Digital] [1r0n].png,105-105
63,7,105,Frieren - Beyond Journey's End - c063 (v07) - p106 [VIZ Media] [Digital] [1r0n].png,106-106
63,7,106,Frieren - Beyond Journey's End - c063 (v07) - p107 [VIZ Media] [Digital] [1r0n].png,107-107
63,7,107,Frieren - Beyond Journey's End - c063 (v07) - p108 [VIZ Media] [Digital] [1r0n].png,108-108
63,7,108,Frieren - Beyond Journey's End - c063 (v07) - p109 [VIZ Media] [Digital] [1r0n].png,109-109
63,7,109,Frieren - Beyond Journey's End - c063 (v07) - p110 [VIZ Media] [Digital] [1r0n].png,110-110
63,7,110,Frieren - Beyond Journey's End - c063 (v07) - p111 [VIZ Media] [Digital] [1r0n].png,111-111
63,7,111,Frieren - Beyond Journey's End - c063 (v07) - p112 [VIZ Media] [Digital] [1r0n].png,112-112
63,7,112,Frieren - Beyond Journey's End - c063 (v07) - p113 [VIZ Media] [Digital] [1r0n].png,113-113
63,7,113,Frieren - Beyond Journey's End - c063 (v07) - p114 [VIZ Media] [Digital] [1r0n].png,114-114
64,7,114,Frieren - Beyond Journey's End - c064 (v07) - p115 [VIZ Media] [Digital] [1r0n].png,115-115
64,7,115,Frieren - Beyond Journey's End - c064 (v07) - p116 [VIZ Media] [Digital] [1r0n].png,116-116
64,7,116,Frieren - Beyond Journey's End - c064 (v07) - p117 [VIZ Media] [Digital] [1r0n].png,117-117
64,7,117,Frieren - Beyond Journey's End - c064 (v07) - p118 [VIZ Media] [Digital] [1r0n].png,118-118
64,7,118,Frieren - Beyond Journey's End - c064 (v07) - p119 [VIZ Media] [Digital] [1r0n].png,119-119
64,7,119,Frieren - Beyond Journey's End - c064 (v07) - p120 [VIZ Media] [Digital] [1r0n].png,120-120
64,7,120,Frieren - Beyond Journey's End - c064 (v07) - p121 [VIZ Media] [Digital] [1r0n].png,121-121
64,7,121,Frieren - Beyond Journey's End - c064 (v07) - p122 [VIZ Media] [Digital] [1r0n].png,122-122
64,7,122,Frieren - Beyond Journey's End - c064 (v07) - p123 [VIZ Media] [Digital] [1r0n].png,123-123
64,7,123,Frieren - Beyond Journey's End - c064 (v07) - p124 [VIZ Media] [Digital] [1r0n].png,124-124
64,7,124,Frieren - Beyond Journey's End - c064 (v07) - p125 [VIZ Media] [Digital] [1r0n].png,125-125
64,7,125,Frieren - Beyond Journey's End - c064 (v07) - p126 [VIZ Media] [Digital] [1r0n].png,126-126
64,7,126,Frieren - Beyond Journey's End - c064 (v07) - p127 [VIZ Media] [Digital] [1r0n].png,127-127
64,7,127,Frieren - Beyond Journey's End - c064 (v07) - p128 [VIZ Media] [Digital] [1r0n].png,128-128
64,7,128,Frieren - Beyond Journey's End - c064 (v07) - p129 [VIZ Media] [Digital] [1r0n].png,129-129
64,7,129,Frieren - Beyond Journey's End - c064 (v07) - p130 [VIZ Media] [Digital] [1r0n].png,130-130
64,7,130,Frieren - Beyond Journey's End - c064 (v07) - p131 [VIZ Media] [Digital] [1r0n].png,131-131
64,7,131,Frieren - Beyond Journey's End - c064 (v07) - p132 [VIZ Media] [Digital] [1r0n].png,132-132
65,7,132,Frieren - Beyond Journey's End - c065 (v07) - p133 [VIZ Media] [Digital] [1r0n].png,133-133
65,7,133,Frieren - Beyond Journey's End - c065 (v07) - p134 [VIZ Media] [Digital] [1r0n].png,134-134
65,7,134,Frieren - Beyond Journey's End - c065 (v07) - p135 [VIZ Media] [Digital] [1r0n].png,135-135
65,7,135,Frieren - Beyond Journey's End - c065 (v07) - p136 [VIZ Media] [Digital] [1r0n].png,136-136
65,7,136,Frieren - Beyond Journey's End - c065 (v07) - p137 [VIZ Media] [Digital] [1r0n].png,137-137
65,7,137,Frieren - Beyond Journey's End - c065 (v07) - p138 [VIZ Media] [Digital] [1r0n].png,138-138
65,7,138,Frieren - Beyond Journey's End - c065 (v07) - p139 [VIZ Media] [Digital] [1r0n].png,139-139
65,7,139,Frieren - Beyond Journey's End - c065 (v07) - p140 [VIZ Media] [Digital] [1r0n].png,140-140
65,7,140,Frieren - Beyond Journey's End - c065 (v07) - p141 [VIZ Media] [Digital] [1r0n].png,141-141
65,7,141,Frieren - Beyond Journey's End - c065 (v07) - p142 [VIZ Media] [Digital] [1r0n].png,142-142
65,7,142,Frieren - Beyond Journey's End - c065 (v07) - p143 [VIZ Media] [Digital] [1r0n].png,143-143
65,7,143,Frieren - Beyond Journey's End - c065 (v07) - p144 [VIZ Media] [Digital] [1r0n].png,144-144
65,7,144,Frieren - Beyond Journey's End - c065 (v07) - p145 [VIZ Media] [Digital] [1r0n].png,145-145
65,7,145,Frieren - Beyond Journey's End - c065 (v07) - p146 [VIZ Media] [Digital] [1r0n].png,146-146
65,7,146,Frieren - Beyond Journey's End - c065 (v07) - p147 [VIZ Media] [Digital] [1r0n].png,147-147
65,7,147,Frieren - Beyond Journey's End - c065 (v07) - p148 [VIZ Media] [Digital] [1r0n].png,148-148
65,7,148,Frieren - Beyond Journey's End - c065 (v07) - p149 [VIZ Media] [Digital] [1r0n].png,149-149
65,7,149,Frieren - Beyond Journey's End - c065 (v07) - p150 [VIZ Media] [Digital] [1r0n].png,150-150
66,7,150,Frieren - Beyond Journey's End - c066 (v07) - p151 [VIZ Media] [Digital] [1r0n].png,151-151
66,7,151,Frieren - Beyond Journey's End - c066 (v07) - p152 [VIZ Media] [Digital] [1r0n].png,152-152
66,7,152,Frieren - Beyond Journey's End - c066 (v07) - p153 [VIZ Media] [Digital] [1r0n].png,153-153
66,7,153,Frieren - Beyond Journey's End - c066 (v07) - p154 [VIZ Media] [Digital] [1r0n].png,154-154
66,7,154,Frieren - Beyond Journey's End - c066 (v07) - p155 [VIZ Media] [Digital] [1r0n].png,155-155
66,7,155,Frieren - Beyond Journey's End - c066 (v07) - p156 [VIZ Media] [Digital] [1r0n].png,156-156
66,7,156,Frieren - Beyond Journey's End - c066 (v07) - p157 [VIZ Media] [Digital] [1r0n].png,157-157
66,7,157,Frieren - Beyond Journey's End - c066 (v07) - p158 [VIZ Media] [Digital] [1r0n].png,158-158
66,7,158,Frieren - Beyond Journey's End - c066 (v07) - p159 [VIZ Media] [Digital] [1r0n].png,159-159
66,7,159,Frieren - Beyond Journey's End - c066 (v07) - p160 [VIZ Media] [Digital] [1r0n].png,160-160
66,7,160,Frieren - Beyond Journey's End - c066 (v07) - p161 [VIZ Media] [Digital] [1r0n].png,161-161
66,7,161,Frieren - Beyond Journey's End - c066 (v07) - p162 [VIZ Media] [Digital] [1r0n].png,162-162
66,7,162,Frieren - Beyond Journey's End - c066 (v07) - p163 [VIZ Media] [Digital] [1r0n].png,163-163
66,7,163,Frieren - Beyond Journey's End - c066 (v07) - p164 [VIZ Media] [Digital] [1r0n].png,164-164
66,7,164,Frieren - Beyond Journey's End - c066 (v07) - p165 [VIZ Media] [Digital] [1r0n].png,165-165
66,7,165,Frieren - Beyond Journey's End - c066 (v07) - p166 [VIZ Media] [Digital] [1r0n].png,166-166
66,7,166,Frieren - Beyond Journey's End - c066 (v07) - p167 [VIZ Media] [Digital] [1r0n].png,167-167
66,7,167,Frieren - Beyond Journey's End - c066 (v07) - p168 [VIZ Media] [Digital] [1r0n].png,168-168
66,7,168,Frieren - Beyond Journey's End - c066 (v07) - p169 [VIZ Media] [Digital] [1r0n].png,169-169
67,7,169,Frieren - Beyond Journey's End - c067 (v07) - p170 [VIZ Media] [Digital] [1r0n].png,170-170
67,7,170,Frieren - Beyond Journey's End - c067 (v07) - p171 [VIZ Media] [Digital] [1r0n].png,171-171
67,7,171,Frieren - Beyond Journey's End - c067 (v07) - p172 [VIZ Media] [Digital] [1r0n].png,172-172
67,7,172,Frieren - Beyond Journey's End - c067 (v07) - p173 [VIZ Media] [Digital] [1r0n].png,173-173
67,7,173,Frieren - Beyond Journey's End - c067 (v07) - p174 [VIZ Media] [Digital] [1r0n].png,174-174
67,7,174,Frieren - Beyond Journey's End - c067 (v07) - p175 [VIZ Media] [Digital] [1r0n].png,175-175
67,7,175,Frieren - Beyond Journey's End - c067 (v07) - p176 [VIZ Media] [Digital] [1r0n].png,176-176
67,7,176,Frieren - Beyond Journey's End - c067 (v07) - p177 [VIZ Media] [Digital] [1r0n].png,177-177
67,7,177,Frieren - Beyond Journey's End - c067 (v07) - p178 [VIZ Media] [Digital] [1r0n].png,178-178
67,7,178,Frieren - Beyond Journey's End - c067 (v07) - p179 [VIZ Media] [Digital] [1r0n].png,179-179
67,7,179,Frieren - Beyond Journey's End - c067 (v07) - p180 [VIZ Media] [Digital] [1r0n].png,180-180
67,7,180,Frieren - Beyond Journey's End - c067 (v07) - p181 [VIZ Media] [Digital] [1r0n].png,181-181
67,7,181,Frieren - Beyond Journey's End - c067 (v07) - p182 [VIZ Media] [Digital] [1r0n].png,182-182
67,7,182,Frieren - Beyond Journey's End - c067 (v07) - p183 [VIZ Media] [Digital] [1r0n].png,183-183
67,7,183,Frieren - Beyond Journey's End - c067 (v07) - p184 [VIZ Media] [Digital] [1r0n].png,184-184
67,7,184,Frieren - Beyond Journey's End - c067 (v07) - p185 [VIZ Media] [Digital] [1r0n].png,185-185
67,7,185,Frieren - Beyond Journey's End - c067 (v07) - p186 [VIZ Media] [Digital] [1r0n].png,186-186
67,7,186,Frieren - Beyond Journey's End - c067 (v07) - p187 [VIZ Media] [Digital] [1r0n].png,187-187
68,8,3,Frieren - Beyond Journey's End - c068 (v08) - p003 [VIZ Media] [Digital] [1r0n].png,3-3
68,8,4,Frieren - Beyond Journey's End - c068 (v08) - p004 [VIZ Media] [Digital] [1r0n].png,4-4
68,8,5,Frieren - Beyond Journey's End - c068 (v08) - p005 [VIZ Media] [Digital] [1r0n].png,5-5
68,8,6,Frieren - Beyond Journey's End - c068 (v08) - p006 [VIZ Media] [Digital] [1r0n].png,6-6
68,8,7,Frieren - Beyond Journey's End - c068 (v08) - p007 [VIZ Media] [Digital] [1r0n].png,7-7
68,8,8,Frieren - Beyond Journey's End - c068 (v08) - p008 [VIZ Media] [Digital] [1r0n].png,8-8
68,8,9,Frieren - Beyond Journey's End - c068 (v08) - p009 [VIZ Media] [Digital] [1r0n].png,9-9
68,8,10,Frieren - Beyond Journey's End - c068 (v08) - p010 [VIZ Media] [Digital] [1r0n].png,10-10
68,8,11,Frieren - Beyond Journey's End - c068 (v08) - p011 [VIZ Media] [Digital] [1r0n].png,11-11
68,8,12,Frieren - Beyond Journey's End - c068 (v08) - p012 [VIZ Media] [Digital] [1r0n].png,12-12
68,8,13,Frieren - Beyond Journey's End - c068 (v08) - p013 [VIZ Media] [Digital] [1r0n].png,13-13
68,8,14,Frieren - Beyond Journey's End - c068 (v08) - p014 [VIZ Media] [Digital] [1r0n].png,14-14
68,8,15,Frieren - Beyond Journey's End - c068 (v08) - p015 [VIZ Media] [Digital] [1r0n].png,15-15
68,8,16,Frieren - Beyond Journey's End - c068 (v08) - p016 [VIZ Media] [Digital] [1r0n].png,16-16
68,8,17,Frieren - Beyond Journey's End - c068 (v08) - p017 [VIZ Media] [Digital] [1r0n].png,17-17
68,8,18,Frieren - Beyond Journey's End - c068 (v08) - p018 [VIZ Media] [Digital] [1r0n].png,18-18
68,8,19,Frieren - Beyond Journey's End - c068 (v08) - p019 [VIZ Media] [Digital] [1r0n].png,19-19
68,8,20,Frieren - Beyond Journey's End - c068 (v08) - p020 [VIZ Media] [Digital] [1r0n].png,20-20
69,8,21,Frieren - Beyond Journey's End - c069 (v08) - p021 [VIZ Media] [Digital] [1r0n].png,21-21
69,8,22,Frieren - Beyond Journey's End - c069 (v08) - p022 [VIZ Media] [Digital] [1r0n].png,22-22
69,8,23,Frieren - Beyond Journey's End - c069 (v08) - p023 [VIZ Media] [Digital] [1r0n].png,23-23
69,8,24,Frieren - Beyond Journey's End - c069 (v08) - p024 [VIZ Media] [Digital] [1r0n].png,24-24
69,8,25,Frieren - Beyond Journey's End - c069 (v08) - p025 [VIZ Media] [Digital] [1r0n].png,25-25
69,8,26,Frieren - Beyond Journey's End - c069 (v08) - p026 [VIZ Media] [Digital] [1r0n].png,26-26
69,8,27,Frieren - Beyond Journey's End - c069 (v08) - p027 [VIZ Media] [Digital] [1r0n].png,27-27
69,8,28,Frieren - Beyond Journey's End - c069 (v08) - p028 [VIZ Media] [Digital] [1r0n].png,28-28
69,8,29,Frieren - Beyond Journey's End - c069 (v08) - p029 [VIZ Media] [Digital] [1r0n].png,29-29
69,8,30,Frieren - Beyond Journey's End - c069 (v08) - p030 [VIZ Media] [Digital] [1r0n].png,30-30
69,8,31,Frieren - Beyond Journey's End - c069 (v08) - p031 [VIZ Media] [Digital] [1r0n].png,31-31
69,8,32,Frieren - Beyond Journey's End - c069 (v08) - p032 [VIZ Media] [Digital] [1r0n].png,32-32
69,8,33,Frieren - Beyond Journey's End - c069 (v08) - p033 [VIZ Media] [Digital] [1r0n].png,33-33
69,8,34,Frieren - Beyond Journey's End - c069 (v08) - p034 [VIZ Media] [Digital] [1r0n].png,34-34
69,8,35,Frieren - Beyond Journey's End - c069 (v08) - p035 [VIZ Media] [Digital] [1r0n].png,35-35
69,8,36,Frieren - Beyond Journey's End - c069 (v08) - p036 [VIZ Media] [Digital] [1r0n].png,36-36
69,8,37,Frieren - Beyond Journey's End - c069 (v08) - p037 [VIZ Media] [Digital] [1r0n].png,37-37
69,8,38,Frieren - Beyond Journey's End - c069 (v08) - p038 [VIZ Media] [Digital] [1r0n].png,38-38
70,8,39,Frieren - Beyond Journey's End - c070 (v08) - p039 [VIZ Media] [Digital] [1r0n].png,39-39
70,8,40,Frieren - Beyond Journey's End - c070 (v08) - p040 [VIZ Media] [Digital] [1r0n].png,40-40
70,8,41,Frieren - Beyond Journey's End - c070 (v08) - p041 [VIZ Media] [Digital] [1r0n].png,41-41
70,8,42,Frieren - Beyond Journey's End - c070 (v08) - p042 [VIZ Media] [Digital] [1r0n].png,42-42
70,8,43,Frieren - Beyond Journey's End - c070 (v08) - p043 [VIZ Media] [Digital] [1r0n].png,43-43
70,8,44,Frieren - Beyond Journey's End - c070 (v08) - p044 [VIZ Media] [Digital] [1r0n].png,44-44
70,8,45,Frieren - Beyond Journey's End - c070 (v08) - p045 [VIZ Media] [Digital] [1r0n].png,45-45
70,8,46,Frieren - Beyond Journey's End - c070 (v08) - p046 [VIZ Media] [Digital] [1r0n].png,46-46
70,8,47,Frieren - Beyond Journey's End - c070 (v08) - p047 [VIZ Media] [Digital] [1r0n].png,47-47
70,8,48,Frieren - Beyond Journey's End - c070 (v08) - p048 [VIZ Media] [Digital] [1r0n].png,48-48
70,8,49,Frieren - Beyond Journey's End - c070 (v08) - p049 [VIZ Media] [Digital] [1r0n].png,49-49
70,8,50,Frieren - Beyond Journey's End - c070 (v08) - p050 [VIZ Media] [Digital] [1r0n].png,50-50
70,8,51,Frieren - Beyond Journey's End - c070 (v08) - p051 [VIZ Media] [Digital] [1r0n].png,51-51
70,8,52,Frieren - Beyond Journey's End - c070 (v08) - p052 [VIZ Media] [Digital] [1r0n].png,52-52
70,8,53,Frieren - Beyond Journey's End - c070 (v08) - p053 [VIZ Media] [Digital] [1r0n].png,53-53
70,8,54,Frieren - Beyond Journey's End - c070 (v08) - p054 [VIZ Media] [Digital] [1r0n].png,54-54
70,8,55,Frieren - Beyond Journey's End - c070 (v08) - p055 [VIZ Media] [Digital] [1r0n].png,55-55
70,8,56,Frieren - Beyond Journey's End - c070 (v08) - p056 [VIZ Media] [Digital] [1r0n].png,56-56
70,8,57,Frieren - Beyond Journey's End - c070 (v08) - p057 [VIZ Media] [Digital] [1r0n].png,57-57
70,8,58,Frieren - Beyond Journey's End - c070 (v08) - p058 [VIZ Media] [Digital] [1r0n].png,58-58
71,8,59,Frieren - Beyond Journey's End - c071 (v08) - p059 [VIZ Media] [Digital] [1r0n].png,59-59
71,8,60,Frieren - Beyond Journey's End - c071 (v08) - p060 [VIZ Media] [Digital] [1r0n].png,60-60
71,8,61,Frieren - Beyond Journey's End - c071 (v08) - p061 [VIZ Media] [Digital] [1r0n].png,61-61
71,8,62,Frieren - Beyond Journey's End - c071 (v08) - p062 [VIZ Media] [Digital] [1r0n].png,62-62
71,8,63,Frieren - Beyond Journey's End - c071 (v08) - p063 [VIZ Media] [Digital] [1r0n].png,63-63
71,8,64,Frieren - Beyond Journey's End - c071 (v08) - p064 [VIZ Media] [Digital] [1r0n].png,64-64
71,8,65,Frieren - Beyond Journey's End - c071 (v08) - p065 [VIZ Media] [Digital] [1r0n].png,65-65
71,8,66,Frieren - Beyond Journey's End - c071 (v08) - p066 [VIZ Media] [Digital] [1r0n].png,66-66
71,8,67,Frieren - Beyond Journey's End - c071 (v08) - p067 [VIZ Media] [Digital] [1r0n].png,67-67
71,8,68,Frieren - Beyond Journey's End - c071 (v08) - p068 [VIZ Media] [Digital] [1r0n].png,68-68
71,8,69,Frieren - Beyond Journey's End - c071 (v08) - p069 [VIZ Media] [Digital] [1r0n].png,69-69
71,8,70,Frieren - Beyond Journey's End - c071 (v08) - p070 [VIZ Media] [Digital] [1r0n].png,70-70
71,8,71,Frieren - Beyond Journey's End - c071 (v08) - p071 [VIZ Media] [Digital] [1r0n].png,71-71
71,8,72,Frieren - Beyond Journey's End - c071 (v08) - p072 [VIZ Media] [Digital] [1r0n].png,72-72
71,8,73,Frieren - Beyond Journey's End - c071 (v08) - p073 [VIZ Media] [Digital] [1r0n].png,73-73
71,8,74,Frieren - Beyond Journey's End - c071 (v08) - p074 [VIZ Media] [Digital] [1r0n].png,74-74
71,8,75,Frieren - Beyond Journey's End - c071 (v08) - p075 [VIZ Media] [Digital] [1r0n].png,75-75
71,8,76,Frieren - Beyond Journey's End - c071 (v08) - p076 [VIZ Media] [Digital] [1r0n].png,76-76
72,8,77,Frieren - Beyond Journey's End - c072 (v08) - p077 [VIZ Media] [Digital] [1r0n].png,77-77
72,8,78,Frieren - Beyond Journey's End - c072 (v08) - p078 [VIZ Media] [Digital] [1r0n].png,78-78
72,8,79,Frieren - Beyond Journey's End - c072 (v08) - p079 [VIZ Media] [Digital] [1r0n].png,79-79
72,8,80,Frieren - Beyond Journey's End - c072 (v08) - p080 [VIZ Media] [Digital] [1r0n].png,80-80
72,8,81,Frieren - Beyond Journey's End - c072 (v08) - p081 [VIZ Media] [Digital] [1r0n].png,81-81
72,8,82,Frieren - Beyond Journey's End - c072 (v08) - p082 [VIZ Media] [Digital] [1r0n].png,82-82
72,8,83,Frieren - Beyond Journey's End - c072 (v08) - p083 [VIZ Media] [Digital] [1r0n].png,83-83
72,8,84,Frieren - Beyond Journey's End - c072 (v08) - p084 [VIZ Media] [Digital] [1r0n].png,84-84
72,8,85,Frieren - Beyond Journey's End - c072 (v08) - p085 [VIZ Media] [Digital] [1r0n].png,85-85
72,8,86,Frieren - Beyond Journey's End - c072 (v08) - p086 [VIZ Media] [Digital] [1r0n].png,86-86
72,8,87,Frieren - Beyond Journey's End - c072 (v08) - p087 [VIZ Media] [Digital] [1r0n].png,87-87
72,8,88,Frieren - Beyond Journey's End - c072 (v08) - p088 [VIZ Media] [Digital] [1r0n].png,88-88
72,8,89,Frieren - Beyond Journey's End - c072 (v08) - p089 [VIZ Media] [Digital] [1r0n].png,89-89
72,8,90,Frieren - Beyond Journey's End - c072 (v08) - p090 [VIZ Media] [Digital] [1r0n].png,90-90
72,8,91,Frieren - Beyond Journey's End - c072 (v08) - p091 [VIZ Media] [Digital] [1r0n].png,91-91
72,8,92,Frieren - Beyond Journey's End - c072 (v08) - p092 [VIZ Media] [Digital] [1r0n].png,92-92
72,8,93,Frieren - Beyond Journey's End - c072 (v08) - p093 [VIZ Media] [Digital] [1r0n].png,93-93
72,8,94,Frieren - Beyond Journey's End - c072 (v08) - p094 [VIZ Media] [Digital] [1r0n].png,94-94
73,8,95,Frieren - Beyond Journey's End - c073 (v08) - p095 [VIZ Media] [Digital] [1r0n].png,95-95
73,8,96,Frieren - Beyond Journey's End - c073 (v08) - p096 [VIZ Media] [Digital] [1r0n].png,96-96
73,8,97,Frieren - Beyond Journey's End - c073 (v08) - p097 [VIZ Media] [Digital] [1r0n].png,97-97
73,8,98,Frieren - Beyond Journey's End - c073 (v08) - p098 [VIZ Media] [Digital] [1r0n].png,98-98
73,8,99,Frieren - Beyond Journey's End - c073 (v08) - p099 [VIZ Media] [Digital] [1r0n].png,99-99
73,8,100,Frieren - Beyond Journey's End - c073 (v08) - p100 [VIZ Media] [Digital] [1r0n].png,100-100
73,8,101,Frieren - Beyond Journey's End - c073 (v08) - p101 [VIZ Media] [Digital] [1r0n].png,101-101
73,8,102,Frieren - Beyond Journey's End - c073 (v08) - p102 [VIZ Media] [Digital] [1r0n].png,102-102
73,8,103,Frieren - Beyond Journey's End - c073 (v08) - p103 [VIZ Media] [Digital] [1r0n].png,103-103
73,8,104,Frieren - Beyond Journey's End - c073 (v08) - p104 [VIZ Media] [Digital] [1r0n].png,104-104
73,8,105,Frieren - Beyond Journey's End - c073 (v08) - p105 [VIZ Media] [Digital] [1r0n].png,105-105
73,8,106,Frieren - Beyond Journey's End - c073 (v08) - p106 [VIZ Media] [Digital] [1r0n].png,106-106
73,8,107,Frieren - Beyond Journey's End - c073 (v08) - p107 [VIZ Media] [Digital] [1r0n].png,107-107
73,8,108,Frieren - Beyond Journey's End - c073 (v08) - p108 [VIZ Media] [Digital] [1r0n].png,108-108
73,8,109,Frieren - Beyond Journey's End - c073 (v08) - p109 [VIZ Media] [Digital] [1r0n].png,109-109
73,8,110,Frieren - Beyond Journey's End - c073 (v08) - p110 [VIZ Media] [Digital] [1r0n].png,110-110
73,8,111,Frieren - Beyond Journey's End - c073 (v08) - p111 [VIZ Media] [Digital] [1r0n].png,111-111
73,8,112,Frieren - Beyond Journey's End - c073 (v08) - p112 [VIZ Media] [Digital] [1r0n].png,112-112
73,8,113,Frieren - Beyond Journey's End - c073 (v08) - p113 [VIZ Media] [Digital] [1r0n].png,113-113
74,8,114,Frieren - Beyond Journey's End - c074 (v08) - p114-p115 [VIZ Media] [Digital] [1r0n].png,114-115
74,8,115,Frieren - Beyond Journey's End - c074 (v08) - p116 [VIZ Media] [Digital] [1r0n].png,116-116
74,8,116,Frieren - Beyond Journey's End - c074 (v08) - p117 [VIZ Media] [Digital] [1r0n].png,117-117
74,8,117,Frieren - Beyond Journey's End - c074 (v08) - p118 [VIZ Media] [Digital] [1r0n].png,118-118
74,8,118,Frieren - Beyond Journey's End - c074 (v08) - p119 [VIZ Media] [Digital] [1r0n].png,119-119
74,8,119,Frieren - Beyond Journey's End - c074 (v08) - p120 [VIZ Media] [Digital] [1r0n].png,120-120
74,8,120,Frieren - Beyond Journey's End - c074 (v08) - p121 [VIZ Media] [Digital] [1r0n].png,121-121
74,8,121,Frieren - Beyond Journey's End - c074 (v08) - p122 [VIZ Media] [Digital] [1r0n].png,122-122
74,8,122,Frieren - Beyond Journey's End - c074 (v08) - p123 [VIZ Media] [Digital] [1r0n].png,123-123
74,8,123,Frieren - Beyond Journey's End - c074 (v08) - p124 [VIZ Media] [Digital] [1r0n].png,124-124
74,8,124,Frieren - Beyond Journey's End - c074 (v08) - p125 [VIZ Media] [Digital] [1r0n].png,125-125
74,8,125,Frieren - Beyond Journey's End - c074 (v08) - p126 [VIZ Media] [Digital] [1r0n].png,126-126
74,8,126,Frieren - Beyond Journey's End - c074 (v08) - p127 [VIZ Media] [Digital] [1r0n].png,127-127
74,8,127,Frieren - Beyond Journey's End - c074 (v08) - p128 [VIZ Media] [Digital] [1r0n].png,128-128
74,8,128,Frieren - Beyond Journey's End - c074 (v08) - p129 [VIZ Media] [Digital] [1r0n].png,129-129
74,8,129,Frieren - Beyond Journey's End - c074 (v08) - p130 [VIZ Media] [Digital] [1r0n].png,130-130
74,8,130,Frieren - Beyond Journey's End - c074 (v08) - p131 [VIZ Media] [Digital] [1r0n].png,131-131
74,8,131,Frieren - Beyond Journey's End - c074 (v08) - p132 [VIZ Media] [Digital] [1r0n].png,132-132
75,8,132,Frieren - Beyond Journey's End - c075 (v08) - p133 [VIZ Media] [Digital] [1r0n].png,133-133
75,8,133,Frieren - Beyond Journey's End - c075 (v08) - p134 [VIZ Media] [Digital] [1r0n].png,134-134
75,8,134,Frieren - Beyond Journey's End - c075 (v08) - p135 [VIZ Media] [Digital] [1r0n].png,135-135
75,8,135,Frieren - Beyond Journey's End - c075 (v08) - p136 [VIZ Media] [Digital] [1r0n].png,136-136
75,8,136,Frieren - Beyond Journey's End - c075 (v08) - p137 [VIZ Media] [Digital] [1r0n].png,137-137
75,8,137,Frieren - Beyond Journey's End - c075 (v08) - p138 [VIZ Media] [Digital] [1r0n].png,138-138
75,8,138,Frieren - Beyond Journey's End - c075 (v08) - p139 [VIZ Media] [Digital] [1r0n].png,139-139
75,8,139,Frieren - Beyond Journey's End - c075 (v08) - p140 [VIZ Media] [Digital] [1r0n].png,140-140
75,8,140,Frieren - Beyond Journey's End - c075 (v08) - p141 [VIZ Media] [Digital] [1r0n].png,141-141
75,8,141,Frieren - Beyond Journey's End - c075 (v08) - p142 [VIZ Media] [Digital] [1r0n].png,142-142
75,8,142,Frieren - Beyond Journey's End - c075 (v08) - p143 [VIZ Media] [Digital] [1r0n].png,143-143
75,8,143,Frieren - Beyond Journey's End - c075 (v08) - p144 [VIZ Media] [Digital] [1r0n].png,144-144
75,8,144,Frieren - Beyond Journey's End - c075 (v08) - p145 [VIZ Media] [Digital] [1r0n].png,145-145
75,8,145,Frieren - Beyond Journey's End - c075 (v08) - p146 [VIZ Media] [Digital] [1r0n].png,146-146
75,8,146,Frieren - Beyond Journey's End - c075 (v08) - p147 [VIZ Media] [Digital] [1r0n].png,147-147
75,8,147,Frieren - Beyond Journey's End - c075 (v08) - p148 [VIZ Media] [Digital] [1r0n].png,148-148
75,8,148,Frieren - Beyond Journey's End - c075 (v08) - p149 [VIZ Media] [Digital] [1r0n].png,149-149
75,8,149,Frieren - Beyond Journey's End - c075 (v08) - p150 [VIZ Media] [Digital] [1r0n].png,150-150
76,8,150,Frieren - Beyond Journey's End - c076 (v08) - p151 [VIZ Media] [Digital] [1r0n].png,151-151
76,8,151,Frieren - Beyond Journey's End - c076 (v08) - p152 [VIZ Media] [Digital] [1r0n].png,152-152
76,8,152,Frieren - Beyond Journey's End - c076 (v08) - p153 [VIZ Media] [Digital] [1r0n].png,153-153
76,8,153,Frieren - Beyond Journey's End - c076 (v08) - p154 [VIZ Media] [Digital] [1r0n].png,154-154
76,8,154,Frieren - Beyond Journey's End - c076 (v08) - p155 [VIZ Media] [Digital] [1r0n].png,155-155
76,8,155,Frieren - Beyond Journey's End - c076 (v08) - p156 [VIZ Media] [Digital] [1r0n].png,156-156
76,8,156,Frieren - Beyond Journey's End - c076 (v08) - p157 [VIZ Media] [Digital] [1r0n].png,157-157
76,8,157,Frieren - Beyond Journey's End - c076 (v08) - p158 [VIZ Media] [Digital] [1r0n].png,158-158
76,8,158,Frieren - Beyond Journey's End - c076 (v08) - p159 [VIZ Media] [Digital] [1r0n].png,159-159
76,8,159,Frieren - Beyond Journey's End - c076 (v08) - p160 [VIZ Media] [Digital] [1r0n].png,160-160
76,8,160,Frieren - Beyond Journey's End - c076 (v08) - p161 [VIZ Media] [Digital] [1r0n].png,161-161
76,8,161,Frieren - Beyond Journey's End - c076 (v08) - p162 [VIZ Media] [Digital] [1r0n].png,162-162
76,8,162,Frieren - Beyond Journey's End - c076 (v08) - p163 [VIZ Media] [Digital] [1r0n].png,163-163
76,8,163,Frieren - Beyond Journey's End - c076 (v08) - p164 [VIZ Media] [Digital] [1r0n].png,164-164
76,8,164,Frieren - Beyond Journey's End - c076 (v08) - p165 [VIZ Media] [Digital] [1r0n].png,165-165
76,8,165,Frieren - Beyond Journey's End - c076 (v08) - p166 [VIZ Media] [Digital] [1r0n].png,166-166
76,8,166,Frieren - Beyond Journey's End - c076 (v08) - p167 [VIZ Media] [Digital] [1r0n].png,167-167
76,8,167,Frieren - Beyond Journey's End - c076 (v08) - p168 [VIZ Media] [Digital] [1r0n].png,168-168
76,8,168,Frieren - Beyond Journey's End - c076 (v08) - p169 [VIZ Media] [Digital] [1r0n].png,169-169
76,8,169,Frieren - Beyond Journey's End - c076 (v08) - p170 [VIZ Media] [Digital] [1r0n].png,170-170
77,8,170,Frieren - Beyond Journey's End - c077 (v08) - p171 [VIZ Media] [Digital] [1r0n].png,171-171
77,8,171,Frieren - Beyond Journey's End - c077 (v08) - p172 [VIZ Media] [Digital] [1r0n].png,172-172
77,8,172,Frieren - Beyond Journey's End - c077 (v08) - p173 [VIZ Media] [Digital] [1r0n].png,173-173
77,8,173,Frieren - Beyond Journey's End - c077 (v08) - p174 [VIZ Media] [Digital] [1r0n].png,174-174
77,8,174,Frieren - Beyond Journey's End - c077 (v08) - p175 [VIZ Media] [Digital] [1r0n].png,175-175
77,8,175,Frieren - Beyond Journey's End - c077 (v08) - p176 [VIZ Media] [Digital] [1r0n].png,176-176
77,8,176,Frieren - Beyond Journey's End - c077 (v08) - p177 [VIZ Media] [Digital] [1r0n].png,177-177
77,8,177,Frieren - Beyond Journey's End - c077 (v08) - p178 [VIZ Media] [Digital] [1r0n].png,178-178
77,8,178,Frieren - Beyond Journey's End - c077 (v08) - p179 [VIZ Media] [Digital] [1r0n].png,179-179
77,8,179,Frieren - Beyond Journey's End - c077 (v08) - p180 [VIZ Media] [Digital] [1r0n].png,180-180
77,8,180,Frieren - Beyond Journey's End - c077 (v08) - p181 [VIZ Media] [Digital] [1r0n].png,181-181
77,8,181,Frieren - Beyond Journey's End - c077 (v08) - p182 [VIZ Media] [Digital] [1r0n].png,182-182
77,8,182,Frieren - Beyond Journey's End - c077 (v08) - p183 [VIZ Media] [Digital] [1r0n].png,183-183
77,8,183,Frieren - Beyond Journey's End - c077 (v08) - p184 [VIZ Media] [Digital] [1r0n].png,184-184
77,8,184,Frieren - Beyond Journey's End - c077 (v08) - p185 [VIZ Media] [Digital] [1r0n].png,185-185
77,8,185,Frieren - Beyond Journey's End - c077 (v08) - p186 [VIZ Media] [Digital] [1r0n].png,186-186
77,8,186,Frieren - Beyond Journey's End - c077 (v08) - p187 [VIZ Media] [Digital] [1r0n].png,187-187
77,8,187,Frieren - Beyond Journey's End - c077 (v08) - p188 [VIZ Media] [Digital] [1r0n].png,188-188
77,8,188,Frieren - Beyond Journey's End - c077 (v08) - p189 [VIZ Media] [Digital] [1r0n].png,189-189
77,8,189,Frieren - Beyond Journey's End - c077 (v08) - p190 [VIZ Media] [Digital] [1r0n].png,190-190
78,9,3,Frieren - Beyond Journey's End - c078 (v09) - p003 [VIZ Media] [Digital] [1r0n].png,3-3
78,9,4,Frieren - Beyond Journey's End - c078 (v09) - p004 [VIZ Media] [Digital] [1r0n].png,4-4
78,9,5,Frieren - Beyond Journey's End - c078 (v09) - p005 [VIZ Media] [Digital] [1r0n].png,5-5
78,9,6,Frieren - Beyond Journey's End - c078 (v09) - p006 [VIZ Media] [Digital] [1r0n].png,6-6
78,9,7,Frieren - Beyond Journey's End - c078 (v09) - p007 [VIZ Media] [Digital] [1r0n].png,7-7
78,9,8,Frieren - Beyond Journey's End - c078 (v09) - p008 [VIZ Media] [Digital] [1r0n].png,8-8
78,9,9,Frieren - Beyond Journey's End - c078 (v09) - p009 [VIZ Media] [Digital] [1r0n].png,9-9
78,9,10,Frieren - Beyond Journey's End - c078 (v09) - p010 [VIZ Media] [Digital] [1r0n].png,10-10
78,9,11,Frieren - Beyond Journey's End - c078 (v09) - p011 [VIZ Media] [Digital] [1r0n].png,11-11
78,9,12,Frieren - Beyond Journey's End - c078 (v09) - p012 [VIZ Media] [Digital] [1r0n].png,12-12
78,9,13,Frieren - Beyond Journey's End - c078 (v09) - p013 [VIZ Media] [Digital] [1r0n].png,13-13
78,9,14,Frieren - Beyond Journey's End - c078 (v09) - p014 [VIZ Media] [Digital] [1r0n].png,14-14
78,9,15,Frieren - Beyond Journey's End - c078 (v09) - p015 [VIZ Media] [Digital] [1r0n].png,15-15
78,9,16,Frieren - Beyond Journey's End - c078 (v09) - p016 [VIZ Media] [Digital] [1r0n].png,16-16
78,9,17,Frieren - Beyond Journey's End - c078 (v09) - p017 [VIZ Media] [Digital] [1r0n].png,17-17
78,9,18,Frieren - Beyond Journey's End - c078 (v09) - p018 [VIZ Media] [Digital] [1r0n].png,18-18
78,9,19,Frieren - Beyond Journey's End - c078 (v09) - p019 [VIZ Media] [Digital] [1r0n].png,19-19
78,9,20,Frieren - Beyond Journey's End - c078 (v09) - p020 [VIZ Media] [Digital] [1r0n].png,20-20
79,9,21,Frieren - Beyond Journey's End - c078 (v09) - p021 [VIZ Media] [Digital] [1r0n].png,21-21
79,9,22,Frieren - Beyond Journey's End - c078 (v09) - p022 [VIZ Media] [Digital] [1r0n].png,22-22
79,9,23,Frieren - Beyond Journey's End - c078 (v09) - p023 [VIZ Media] [Digital] [1r0n].png,23-23
79,9,24,Frieren - Beyond Journey's End - c078 (v09) - p024 [VIZ Media] [Digital] [1r0n].png,24-24
79,9,25,Frieren - Beyond Journey's End - c078 (v09) - p025 [VIZ Media] [Digital] [1r0n].png,25-25
79,9,26,Frieren - Beyond Journey's End - c078 (v09) - p026 [VIZ Media] [Digital] [1r0n].png,26-26
79,9,27,Frieren - Beyond Journey's End - c078 (v09) - p027 [VIZ Media] [Digital] [1r0n].png,27-27
79,9,28,Frieren - Beyond Journey's End - c078 (v09) - p028 [VIZ Media] [Digital] [1r0n].png,28-28
79,9,29,Frieren - Beyond Journey's End - c078 (v09) - p029 [VIZ Media] [Digital] [1r0n].png,29-29
79,9,30,Frieren - Beyond Journey's End - c078 (v09) - p030 [VIZ Media] [Digital] [1r0n].png,30-30
79,9,31,Frieren - Beyond Journey's End - c078 (v09) - p031 [VIZ Media] [Digital] [1r0n].png,31-31
79,9,32,Frieren - Beyond Journey's End - c078 (v09) - p032 [VIZ Media] [Digital] [1r0n].png,32-32
79,9,33,Frieren - Beyond Journey's End - c078 (v09) - p033 [VIZ Media] [Digital] [1r0n].png,33-33
79,9,34,Frieren - Beyond Journey's End - c078 (v09) - p034 [VIZ Media] [Digital] [1r0n].png,34-34
79,9,35,Frieren - Beyond Journey's End - c078 (v09) - p035 [VIZ Media] [Digital] [1r0n].png,35-35
79,9,36,Frieren - Beyond Journey's End - c078 (v09) - p036 [VIZ Media] [Digital] [1r0n].png,36-36
79,9,37,Frieren - Beyond Journey's End - c078 (v09) - p037 [VIZ Media] [Digital] [1r0n].png,37-37
79,9,38,Frieren - Beyond Journey's End - c078 (v09) - p038 [VIZ Media] [Digital] [1r0n].png,38-38
80,9,39,Frieren - Beyond Journey's End - c078 (v09) - p039 [VIZ Media] [Digital] [1r0n].png,39-39
80,9,40,Frieren - Beyond Journey's End - c078 (v09) - p040 [VIZ Media] [Digital] [1r0n].png,40-40
80,9,41,Frieren - Beyond Journey's End - c078 (v09) - p041 [VIZ Media] [Digital] [1r0n].png,41-41
80,9,42,Frieren - Beyond Journey's End - c078 (v09) - p042 [VIZ Media] [Digital] [1r0n].png,42-42
80,9,43,Frieren - Beyond Journey's End - c078 (v09) - p043 [VIZ Media] [Digital] [1r0n].png,43-43
80,9,44,Frieren - Beyond Journey's End - c078 (v09) - p044 [VIZ Media] [Digital] [1r0n].png,44-44
80,9,45,Frieren - Beyond Journey's End - c078 (v09) - p045 [VIZ Media] [Digital] [1r0n].png,45-45
80,9,46,Frieren - Beyond Journey's End - c078 (v09) - p046 [VIZ Media] [Digital] [1r0n].png,46-46
80,9,47,Frieren - Beyond Journey's End - c078 (v09) - p047 [VIZ Media] [Digital] [1r0n].png,47-47
80,9,48,Frieren - Beyond Journey's End - c078 (v09) - p048 [VIZ Media] [Digital] [1r0n].png,48-48
80,9,49,Frieren - Beyond Journey's End - c078 (v09) - p049 [VIZ Media] [Digital] [1r0n].png,49-49
80,9,50,Frieren - Beyond Journey's End - c078 (v09) - p050 [VIZ Media] [Digital] [1r0n].png,50-50
80,9,51,Frieren - Beyond Journey's End - c078 (v09) - p051 [VIZ Media] [Digital] [1r0n].png,51-51
80,9,52,Frieren - Beyond Journey's End - c078 (v09) - p052 [VIZ Media] [Digital] [1r0n].png,52-52
80,9,53,Frieren - Beyond Journey's End - c078 (v09) - p053 [VIZ Media] [Digital] [1r0n].png,53-53
80,9,54,Frieren - Beyond Journey's End - c078 (v09) - p054 [VIZ Media] [Digital] [1r0n].png,54-54
80,9,55,Frieren - Beyond Journey's End - c078 (v09) - p055 [VIZ Media] [Digital] [1r0n].png,55-55
80,9,56,Frieren - Beyond Journey's End - c078 (v09) - p056 [VIZ Media] [Digital] [1r0n].png,56-56
81,9,57,Frieren - Beyond Journey's End - c078 (v09) - p057 [VIZ Media] [Digital] [1r0n].png,57-57
81,9,58,Frieren - Beyond Journey's End - c078 (v09) - p058 [VIZ Media] [Digital] [1r0n].png,58-58
81,9,59,Frieren - Beyond Journey's End - c078 (v09) - p059 [VIZ Media] [Digital] [1r0n].png,59-59
81,9,60,Frieren - Beyond Journey's End - c078 (v09) - p060 [VIZ Media] [Digital] [1r0n].png,60-60
81,9,61,Frieren - Beyond Journey's End - c078 (v09) - p061 [VIZ Media] [Digital] [1r0n].png,61-61
81,9,62,Frieren - Beyond Journey's End - c078 (v09) - p062 [VIZ Media] [Digital] [1r0n].png,62-62
81,9,63,Frieren - Beyond Journey's End - c078 (v09) - p063 [VIZ Media] [Digital] [1r0n].png,63-63
81,9,64,Frieren - Beyond Journey's End - c078 (v09) - p064 [VIZ Media] [Digital] [1r0n].png,64-64
81,9,65,Frieren - Beyond Journey's End - c078 (v09) - p065 [VIZ Media] [Digital] [1r0n].png,65-65
81,9,66,Frieren - Beyond Journey's End - c078 (v09) - p066 [VIZ Media] [Digital] [1r0n].png,66-66
81,9,67,Frieren - Beyond Journey's End - c078 (v09) - p067 [VIZ Media] [Digital] [1r0n].png,67-67
81,9,68,Frieren - Beyond Journey's End - c078 (v09) - p068 [VIZ Media] [Digital] [1r0n].png,68-68
81,9,69,Frieren - Beyond Journey's End - c078 (v09) - p069 [VIZ Media] [Digital] [1r0n].png,69-69
81,9,70,Frieren - Beyond Journey's End - c078 (v09) - p070 [VIZ Media] [Digital] [1r0n].png,70-70
81,9,71,Frieren - Beyond Journey's End - c078 (v09) - p071 [VIZ Media] [Digital] [1r0n].png,71-71
81,9,72,Frieren - Beyond Journey's End - c078 (v09) - p072 [VIZ Media] [Digital] [1r0n].png,72-72
81,9,73,Frieren - Beyond Journey's End - c078 (v09) - p073 [VIZ Media] [Digital] [1r0n].png,73-73
81,9,74,Frieren - Beyond Journey's End - c078 (v09) - p074 [VIZ Media] [Digital] [1r0n].png,74-74
82,9,75,Frieren - Beyond Journey's End - c078 (v09) - p075 [VIZ Media] [Digital] [1r0n].png,75-75
82,9,76,Frieren - Beyond Journey's End - c078 (v09) - p076 [VIZ Media] [Digital] [1r0n].png,76-76
82,9,77,Frieren - Beyond Journey's End - c078 (v09) - p077 [VIZ Media] [Digital] [1r0n].png,77-77
82,9,78,Frieren - Beyond Journey's End - c078 (v09) - p078 [VIZ Media] [Digital] [1r0n].png,78-78
82,9,79,Frieren - Beyond Journey's End - c078 (v09) - p079 [VIZ Media] [Digital] [1r0n].png,79-79
82,9,80,Frieren - Beyond Journey's End - c078 (v09) - p080 [VIZ Media] [Digital] [1r0n].png,80-80
82,9,81,Frieren - Beyond Journey's End - c078 (v09) - p081 [VIZ Media] [Digital] [1r0n].png,81-81
82,9,82,Frieren - Beyond Journey's End - c078 (v09) - p082 [VIZ Media] [Digital] [1r0n].png,82-82
82,9,83,Frieren - Beyond Journey's End - c078 (v09) - p083 [VIZ Media] [Digital] [1r0n].png,83-83
82,9,84,Frieren - Beyond Journey's End - c078 (v09) - p084 [VIZ Media] [Digital] [1r0n].png,84-84
82,9,85,Frieren - Beyond Journey's End - c078 (v09) - p085 [VIZ Media] [Digital] [1r0n].png,85-85
82,9,86,Frieren - Beyond Journey's End - c078 (v09) - p086 [VIZ Media] [Digital] [1r0n].png,86-86
82,9,87,Frieren - Beyond Journey's End - c078 (v09) - p087 [VIZ Media] [Digital] [1r0n].png,87-87
82,9,88,Frieren - Beyond Journey's End - c078 (v09) - p088 [VIZ Media] [Digital] [1r0n].png,88-88
82,9,89,Frieren - Beyond Journey's End - c078 (v09) - p089 [VIZ Media] [Digital] [1r0n].png,89-89
82,9,90,Frieren - Beyond Journey's End - c078 (v09) - p090 [VIZ Media] [Digital] [1r0n].png,90-90
82,9,91,Frieren - Beyond Journey's End - c078 (v09) - p091 [VIZ Media] [Digital] [1r0n].png,91-91
82,9,92,Frieren - Beyond Journey's End - c078 (v09) - p092 [VIZ Media] [Digital] [1r0n].png,92-92
83,9,93,Frieren - Beyond Journey's End - c078 (v09) - p093 [VIZ Media] [Digital] [1r0n].png,93-93
83,9,94,Frieren - Beyond Journey's End - c078 (v09) - p094 [VIZ Media] [Digital] [1r0n].png,94-94
83,9,95,Frieren - Beyond Journey's End - c078 (v09) - p095 [VIZ Media] [Digital] [1r0n].png,95-95
83,9,96,Frieren - Beyond Journey's End - c078 (v09) - p096 [VIZ Media] [Digital] [1r0n].png,96-96
83,9,97,Frieren - Beyond Journey's End - c078 (v09) - p097 [VIZ Media] [Digital] [1r0n].png,97-97
83,9,98,Frieren - Beyond Journey's End - c078 (v09) - p098 [VIZ Media] [Digital] [1r0n].png,98-98
83,9,99,Frieren - Beyond Journey's End - c078 (v09) - p099 [VIZ Media] [Digital] [1r0n].png,99-99
83,9,100,Frieren - Beyond Journey's End - c078 (v09) - p100 [VIZ Media] [Digital] [1r0n].png,100-100
83,9,101,Frieren - Beyond Journey's End - c078 (v09) - p101 [VIZ Media] [Digital] [1r0n].png,101-101
83,9,102,Frieren - Beyond Journey's End - c078 (v09) - p102 [VIZ Media] [Digital] [1r0n].png,102-102
83,9,103,Frieren - Beyond Journey's End - c078 (v09) - p103 [VIZ Media] [Digital] [1r0n].png,103-103
83,9,104,Frieren - Beyond Journey's End - c078 (v09) - p104 [VIZ Media] [Digital] [1r0n].png,104-104
83,9,105,Frieren - Beyond Journey's End - c078 (v09) - p105 [VIZ Media] [Digital] [1r0n].png,105-105
83,9,106,Frieren - Beyond Journey's End - c078 (v09) - p106 [VIZ Media] [Digital] [1r0n].png,106-106
83,9,107,Frieren - Beyond Journey's End - c078 (v09) - p107 [VIZ Media] [Digital] [1r0n].png,107-107
83,9,108,Frieren - Beyond Journey's End - c078 (v09) - p108 [VIZ Media] [Digital] [1r0n].png,108-108
83,9,109,Frieren - Beyond Journey's End - c078 (v09) - p109 [VIZ Media] [Digital] [1r0n].png,109-109
83,9,110,Frieren - Beyond Journey's End - c078 (v09) - p110 [VIZ Media] [Digital] [1r0n].png,110-110
84,9,111,Frieren - Beyond Journey's End - c078 (v09) - p111 [VIZ Media] [Digital] [1r0n].png,111-111
84,9,112,Frieren - Beyond Journey's End - c078 (v09) - p112 [VIZ Media] [Digital] [1r0n].png,112-112
84,9,113,Frieren - Beyond Journey's End - c078 (v09) - p113 [VIZ Media] [Digital] [1r0n].png,113-113
84,9,114,Frieren - Beyond Journey's End - c078 (v09) - p114 [VIZ Media] [Digital] [1r0n].png,114-114
84,9,115,Frieren - Beyond Journey's End - c078 (v09) - p115 [VIZ Media] [Digital] [1r0n].png,115-115
84,9,116,Frieren - Beyond Journey's End - c078 (v09) - p116 [VIZ Media] [Digital] [1r0n].png,116-116
84,9,117,Frieren - Beyond Journey's End - c078 (v09) - p117 [VIZ Media] [Digital] [1r0n].png,117-117
84,9,118,Frieren - Beyond Journey's End - c078 (v09) - p118 [VIZ Media] [Digital] [1r0n].png,118-118
84,9,119,Frieren - Beyond Journey's End - c078 (v09) - p119 [VIZ Media] [Digital] [1r0n].png,119-119
84,9,120,Frieren - Beyond Journey's End - c078 (v09) - p120 [VIZ Media] [Digital] [1r0n].png,120-120
84,9,121,Frieren - Beyond Journey's End - c078 (v09) - p121 [VIZ Media] [Digital] [1r0n].png,121-121
84,9,122,Frieren - Beyond Journey's End - c078 (v09) - p122 [VIZ Media] [Digital] [1r0n].png,122-122
84,9,123,Frieren - Beyond Journey's End - c078 (v09) - p123 [VIZ Media] [Digital] [1r0n].png,123-123
84,9,124,Frieren - Beyond Journey's End - c078 (v09) - p124 [VIZ Media] [Digital] [1r0n].png,124-124
84,9,125,Frieren - Beyond Journey's End - c078 (v09) - p125 [VIZ Media] [Digital] [1r0n].png,125-125
84,9,126,Frieren - Beyond Journey's End - c078 (v09) - p126 [VIZ Media] [Digital] [1r0n].png,126-126
84,9,127,Frieren - Beyond Journey's End - c078 (v09) - p127 [VIZ Media] [Digital] [1r0n].png,127-127
84,9,128,Frieren - Beyond Journey's End - c078 (v09) - p128 [VIZ Media] [Digital] [1r0n].png,128-128
85,9,129,Frieren - Beyond Journey's End - c078 (v09) - p129 [VIZ Media] [Digital] [1r0n].png,129-129
85,9,130,Frieren - Beyond Journey's End - c078 (v09) - p130 [VIZ Media] [Digital] [1r0n].png,130-130
85,9,131,Frieren - Beyond Journey's End - c078 (v09) - p131 [VIZ Media] [Digital] [1r0n].png,131-131
85,9,132,Frieren - Beyond Journey's End - c078 (v09) - p132 [VIZ Media] [Digital] [1r0n].png,132-132
85,9,133,Frieren - Beyond Journey's End - c078 (v09) - p133 [VIZ Media] [Digital] [1r0n].png,133-133
85,9,134,Frieren - Beyond Journey's End - c078 (v09) - p134 [VIZ Media] [Digital] [1r0n].png,134-134
85,9,135,Frieren - Beyond Journey's End - c078 (v09) - p135 [VIZ Media] [Digital] [1r0n].png,135-135
85,9,136,Frieren - Beyond Journey's End - c078 (v09) - p136 [VIZ Media] [Digital] [1r0n].png,136-136
85,9,137,Frieren - Beyond Journey's End - c078 (v09) - p137 [VIZ Media] [Digital] [1r0n].png,137-137
85,9,138,Frieren - Beyond Journey's End - c078 (v09) - p138 [VIZ Media] [Digital] [1r0n].png,138-138
85,9,139,Frieren - Beyond Journey's End - c078 (v09) - p139 [VIZ Media] [Digital] [1r0n].png,139-139
85,9,140,Frieren - Beyond Journey's End - c078 (v09) - p140 [VIZ Media] [Digital] [1r0n].png,140-140
85,9,141,Frieren - Beyond Journey's End - c078 (v09) - p141 [VIZ Media] [Digital] [1r0n].png,141-141
85,9,142,Frieren - Beyond Journey's End - c078 (v09) - p142 [VIZ Media] [Digital] [1r0n].png,142-142
85,9,143,Frieren - Beyond Journey's End - c078 (v09) - p143 [VIZ Media] [Digital] [1r0n].png,143-143
85,9,144,Frieren - Beyond Journey's End - c078 (v09) - p144 [VIZ Media] [Digital] [1r0n].png,144-144
85,9,145,Frieren - Beyond Journey's End - c078 (v09) - p145 [VIZ Media] [Digital] [1r0n].png,145-145
85,9,146,Frieren - Beyond Journey's End - c078 (v09) - p146 [VIZ Media] [Digital] [1r0n].png,146-146
86,9,147,Frieren - Beyond Journey's End - c078 (v09) - p147 [VIZ Media] [Digital] [1r0n].png,147-147
86,9,148,Frieren - Beyond Journey's End - c078 (v09) - p148 [VIZ Media] [Digital] [1r0n].png,148-148
86,9,149,Frieren - Beyond Journey's End - c078 (v09) - p149 [VIZ Media] [Digital] [1r0n].png,149-149
86,9,150,Frieren - Beyond Journey's End - c078 (v09) - p150 [VIZ Media] [Digital] [1r0n].png,150-150
86,9,151,Frieren - Beyond Journey's End - c078 (v09) - p151 [VIZ Media] [Digital] [1r0n].png,151-151
86,9,152,Frieren - Beyond Journey's End - c078 (v09) - p152 [VIZ Media] [Digital] [1r0n].png,152-152
86,9,153,Frieren - Beyond Journey's End - c078 (v09) - p153 [VIZ Media] [Digital] [1r0n].png,153-153
86,9,154,Frieren - Beyond Journey's End - c078 (v09) - p154 [VIZ Media] [Digital] [1r0n].png,154-154
86,9,155,Frieren - Beyond Journey's End - c078 (v09) - p155 [VIZ Media] [Digital] [1r0n].png,155-155
86,9,156,Frieren - Beyond Journey's End - c078 (v09) - p156 [VIZ Media] [Digital] [1r0n].png,156-156
86,9,157,Frieren - Beyond Journey's End - c078 (v09) - p157 [VIZ Media] [Digital] [1r0n].png,157-157
86,9,158,Frieren - Beyond Journey's End - c078 (v09) - p158 [VIZ Media] [Digital] [1r0n].png,158-158
86,9,159,Frieren - Beyond Journey's End - c078 (v09) - p159 [VIZ Media] [Digital] [1r0n].png,159-159
86,9,160,Frieren - Beyond Journey's End - c078 (v09) - p160 [VIZ Media] [Digital] [1r0n].png,160-160
86,9,161,Frieren - Beyond Journey's End - c078 (v09) - p161 [VIZ Media] [Digital] [1r0n].png,161-161
86,9,162,Frieren - Beyond Journey's End - c078 (v09) - p162 [VIZ Media] [Digital] [1r0n].png,162-162
86,9,163,Frieren - Beyond Journey's End - c078 (v09) - p163 [VIZ Media] [Digital] [1r0n].png,163-163
86,9,164,Frieren - Beyond Journey's End - c078 (v09) - p164 [VIZ Media] [Digital] [1r0n].png,164-164
87,9,165,Frieren - Beyond Journey's End - c078 (v09) - p165 [VIZ Media] [Digital] [1r0n].png,165-165
87,9,166,Frieren - Beyond Journey's End - c078 (v09) - p166 [VIZ Media] [Digital] [1r0n].png,166-166
87,9,167,Frieren - Beyond Journey's End - c078 (v09) - p167 [VIZ Media] [Digital] [1r0n].png,167-167
87,9,168,Frieren - Beyond Journey's End - c078 (v09) - p168 [VIZ Media] [Digital] [1r0n].png,168-168
87,9,169,Frieren - Beyond Journey's End - c078 (v09) - p169 [VIZ Media] [Digital] [1r0n].png,169-169
87,9,170,Frieren - Beyond Journey's End - c078 (v09) - p170-p171 [VIZ Media] [Digital] [1r0n].png,170-171
87,9,171,Frieren - Beyond Journey's End - c078 (v09) - p172 [VIZ Media] [Digital] [1r0n].png,172-172
87,9,172,Frieren - Beyond Journey's End - c078 (v09) - p173 [VIZ Media] [Digital] [1r0n].png,173-173
87,9,173,Frieren - Beyond Journey's End - c078 (v09) - p174 [VIZ Media] [Digital] [1r0n].png,174-174
87,9,174,Frieren - Beyond Journey's End - c078 (v09) - p175 [VIZ Media] [Digital] [1r0n].png,175-175
87,9,175,Frieren - Beyond Journey's End - c078 (v09) - p176 [VIZ Media] [Digital] [1r0n].png,176-176
87,9,176,Frieren - Beyond Journey's End - c078 (v09) - p177 [VIZ Media] [Digital] [1r0n].png,177-177
87,9,177,Frieren - Beyond Journey's End - c078 (v09) - p178 [VIZ Media] [Digital] [1r0n].png,178-178
87,9,178,Frieren - Beyond Journey's End - c078 (v09) - p179 [VIZ Media] [Digital] [1r0n].png,179-179
87,9,179,Frieren - Beyond Journey's End - c078 (v09) - p180 [VIZ Media] [Digital] [1r0n].png,180-180
87,9,180,Frieren - Beyond Journey's End - c078 (v09) - p181 [VIZ Media] [Digital] [1r0n].png,181-181
87,9,181,Frieren - Beyond Journey's End - c078 (v09) - p182 [VIZ Media] [Digital] [1r0n].png,182-182
88,10,3,Frieren - Beyond Journey's End - c088 (v10) - p003 [VIZ Media] [Digital] [1r0n].png,3-3
88,10,4,Frieren - Beyond Journey's End - c088 (v10) - p004 [VIZ Media] [Digital] [1r0n].png,4-4
88,10,5,Frieren - Beyond Journey's End - c088 (v10) - p005 [VIZ Media] [Digital] [1r0n].png,5-5
88,10,6,Frieren - Beyond Journey's End - c088 (v10) - p006 [VIZ Media] [Digital] [1r0n].png,6-6
88,10,7,Frieren - Beyond Journey's End - c088 (v10) - p007 [VIZ Media] [Digital] [1r0n].png,7-7
88,10,8,Frieren - Beyond Journey's End - c088 (v10) - p008 [VIZ Media] [Digital] [1r0n].png,8-8
88,10,9,Frieren - Beyond Journey's End - c088 (v10) - p009 [VIZ Media] [Digital] [1r0n].png,9-9
88,10,10,Frieren - Beyond Journey's End - c088 (v10) - p010 [VIZ Media] [Digital] [1r0n].png,10-10
88,10,11,Frieren - Beyond Journey's End - c088 (v10) - p011 [VIZ Media] [Digital] [1r0n].png,11-11
88,10,12,Frieren - Beyond Journey's End - c088 (v10) - p012 [VIZ Media] [Digital] [1r0n].png,12-12
88,10,13,Frieren - Beyond Journey's End - c088 (v10) - p013 [VIZ Media] [Digital] [1r0n].png,13-13
88,10,14,Frieren - Beyond Journey's End - c088 (v10) - p014 [VIZ Media] [Digital] [1r0n].png,14-14
88,10,15,Frieren - Beyond Journey's End - c088 (v10) - p015 [VIZ Media] [Digital] [1r0n].png,15-15
88,10,16,Frieren - Beyond Journey's End - c088 (v10) - p016 [VIZ Media] [Digital] [1r0n].png,16-16
88,10,17,Frieren - Beyond Journey's End - c088 (v10) - p017 [VIZ Media] [Digital] [1r0n].png,17-17
88,10,18,Frieren - Beyond Journey's End - c088 (v10) - p018 [VIZ Media] [Digital] [1r0n].png,18-18
88,10,19,Frieren - Beyond Journey's End - c088 (v10) - p019 [VIZ Media] [Digital] [1r0n].png,19-19
88,10,20,Frieren - Beyond Journey's End - c088 (v10) - p020 [VIZ Media] [Digital] [1r0n].png,20-20
88,10,21,Frieren - Beyond Journey's End - c088 (v10) - p021 [VIZ Media] [Digital] [1r0n].png,21-21
88,10,22,Frieren - Beyond Journey's End - c088 (v10) - p022 [VIZ Media] [Digital] [1r0n].png,22-22
89,10,23,Frieren - Beyond Journey's End - c089 (v10) - p023 [VIZ Media] [Digital] [1r0n].png,23-23
89,10,24,Frieren - Beyond Journey's End - c089 (v10) - p024 [VIZ Media] [Digital] [1r0n].png,24-24
89,10,25,Frieren - Beyond Journey's End - c089 (v10) - p025 [VIZ Media] [Digital] [1r0n].png,25-25
89,10,26,Frieren - Beyond Journey's End - c089 (v10) - p026 [VIZ Media] [Digital] [1r0n].png,26-26
89,10,27,Frieren - Beyond Journey's End - c089 (v10) - p027 [VIZ Media] [Digital] [1r0n].png,27-27
89,10,28,Frieren - Beyond Journey's End - c089 (v10) - p028 [VIZ Media] [Digital] [1r0n].png,28-28
89,10,29,Frieren - Beyond Journey's End - c089 (v10) - p029 [VIZ Media] [Digital] [1r0n].png,29-29
89,10,30,Frieren - Beyond Journey's End - c089 (v10) - p030 [VIZ Media] [Digital] [1r0n].png,30-30
89,10,31,Frieren - Beyond Journey's End - c089 (v10) - p031 [VIZ Media] [Digital] [1r0n].png,31-31
89,10,32,Frieren - Beyond Journey's End - c089 (v10) - p032 [VIZ Media] [Digital] [1r0n].png,32-32
89,10,33,Frieren - Beyond Journey's End - c089 (v10) - p033 [VIZ Media] [Digital] [1r0n].png,33-33
89,10,34,Frieren - Beyond Journey's End - c089 (v10) - p034 [VIZ Media] [Digital] [1r0n].png,34-34
89,10,35,Frieren - Beyond Journey's End - c089 (v10) - p035 [VIZ Media] [Digital] [1r0n].png,35-35
89,10,36,Frieren - Beyond Journey's End - c089 (v10) - p036 [VIZ Media] [Digital] [1r0n].png,36-36
89,10,37,Frieren - Beyond Journey's End - c089 (v10) - p037 [VIZ Media] [Digital] [1r0n].png,37-37
89,10,38,Frieren - Beyond Journey's End - c089 (v10) - p038 [VIZ Media] [Digital] [1r0n].png,38-38
89,10,39,Frieren - Beyond Journey's End - c089 (v10) - p039 [VIZ Media] [Digital] [1r0n].png,39-39
89,10,40,Frieren - Beyond Journey's End - c089 (v10) - p040 [VIZ Media] [Digital] [1r0n].png,40-40
90,10,41,Frieren - Beyond Journey's End - c090 (v10) - p041 [VIZ Media] [Digital] [1r0n].png,41-41
90,10,42,Frieren - Beyond Journey's End - c090 (v10) - p042 [VIZ Media] [Digital] [1r0n].png,42-42
90,10,43,Frieren - Beyond Journey's End - c090 (v10) - p043 [VIZ Media] [Digital] [1r0n].png,43-43
90,10,44,Frieren - Beyond Journey's End - c090 (v10) - p044 [VIZ Media] [Digital] [1r0n].png,44-44
90,10,45,Frieren - Beyond Journey's End - c090 (v10) - p045 [VIZ Media] [Digital] [1r0n].png,45-45
90,10,46,Frieren - Beyond Journey's End - c090 (v10) - p046 [VIZ Media] [Digital] [1r0n].png,46-46
90,10,47,Frieren - Beyond Journey's End - c090 (v10) - p047 [VIZ Media] [Digital] [1r0n].png,47-47
90,10,48,Frieren - Beyond Journey's End - c090 (v10) - p048 [VIZ Media] [Digital] [1r0n].png,48-48
90,10,49,Frieren - Beyond Journey's End - c090 (v10) - p049 [VIZ Media] [Digital] [1r0n].png,49-49
90,10,50,Frieren - Beyond Journey's End - c090 (v10) - p050 [VIZ Media] [Digital] [1r0n].png,50-50
90,10,51,Frieren - Beyond Journey's End - c090 (v10) - p051 [VIZ Media] [Digital] [1r0n].png,51-51
90,10,52,Frieren - Beyond Journey's End - c090 (v10) - p052 [VIZ Media] [Digital] [1r0n].png,52-52
90,10,53,Frieren - Beyond Journey's End - c090 (v10) - p053 [VIZ Media] [Digital] [1r0n].png,53-53
90,10,54,Frieren - Beyond Journey's End - c090 (v10) - p054 [VIZ Media] [Digital] [1r0n].png,54-54
90,10,55,Frieren - Beyond Journey's End - c090 (v10) - p055 [VIZ Media] [Digital] [1r0n].png,55-55
90,10,56,Frieren - Beyond Journey's End - c090 (v10) - p056 [VIZ Media] [Digital] [1r0n].png,56-56
90,10,57,Frieren - Beyond Journey's End - c090 (v10) - p057 [VIZ Media] [Digital] [1r0n].png,57-57
90,10,58,Frieren - Beyond Journey's End - c090 (v10) - p058 [VIZ Media] [Digital] [1r0n].png,58-58
91,10,59,Frieren - Beyond Journey's End - c091 (v10) - p059 [VIZ Media] [Digital] [1r0n].png,59-59
91,10,60,Frieren - Beyond Journey's End - c091 (v10) - p060 [VIZ Media] [Digital] [1r0n].png,60-60
91,10,61,Frieren - Beyond Journey's End - c091 (v10) - p061 [VIZ Media] [Digital] [1r0n].png,61-61
91,10,62,Frieren - Beyond Journey's End - c091 (v10) - p062 [VIZ Media] [Digital] [1r0n].png,62-62
91,10,63,Frieren - Beyond Journey's End - c091 (v10) - p063 [VIZ Media] [Digital] [1r0n].png,63-63
91,10,64,Frieren - Beyond Journey's End - c091 (v10) - p064 [VIZ Media] [Digital] [1r0n].png,64-64
91,10,65,Frieren - Beyond Journey's End - c091 (v10) - p065 [VIZ Media] [Digital] [1r0n].png,65-65
91,10,66,Frieren - Beyond Journey's End - c091 (v10) - p066 [VIZ Media] [Digital] [1r0n].png,66-66
91,10,67,Frieren - Beyond Journey's End - c091 (v10) - p067 [VIZ Media] [Digital] [1r0n].png,67-67
91,10,68,Frieren - Beyond Journey's End - c091 (v10) - p068 [VIZ Media] [Digital] [1r0n].png,68-68
91,10,69,Frieren - Beyond Journey's End - c091 (v10) - p069 [VIZ Media] [Digital] [1r0n].png,69-69
91,10,70,Frieren - Beyond Journey's End - c091 (v10) - p070 [VIZ Media] [Digital] [1r0n].png,70-70
91,10,71,Frieren - Beyond Journey's End - c091 (v10) - p071 [VIZ Media] [Digital] [1r0n].png,71-71
91,10,72,Frieren - Beyond Journey's End - c091 (v10) - p072 [VIZ Media] [Digital] [1r0n].png,72-72
91,10,73,Frieren - Beyond Journey's End - c091 (v10) - p073 [VIZ Media] [Digital] [1r0n].png,73-73
91,10,74,Frieren - Beyond Journey's End - c091 (v10) - p074 [VIZ Media] [Digital] [1r0n].png,74-74
91,10,75,Frieren - Beyond Journey's End - c091 (v10) - p075 [VIZ Media] [Digital] [1r0n].png,75-75
91,10,76,Frieren - Beyond Journey's End - c091 (v10) - p076 [VIZ Media] [Digital] [1r0n].png,76-76
91,10,77,Frieren - Beyond Journey's End - c091 (v10) - p077 [VIZ Media] [Digital] [1r0n].png,77-77
92,10,78,Frieren - Beyond Journey's End - c092 (v10) - p078-p079 [VIZ Media] [Digital] [1r0n].png,78-79
92,10,79,Frieren - Beyond Journey's End - c092 (v10) - p080 [VIZ Media] [Digital] [1r0n].png,80-80
92,10,80,Frieren - Beyond Journey's End - c092 (v10) - p081 [VIZ Media] [Digital] [1r0n].png,81-81
92,10,81,Frieren - Beyond Journey's End - c092 (v10) - p082 [VIZ Media] [Digital] [1r0n].png,82-82
92,10,82,Frieren - Beyond Journey's End - c092 (v10) - p083 [VIZ Media] [Digital] [1r0n].png,83-83
92,10,83,Frieren - Beyond Journey's End - c092 (v10) - p084 [VIZ Media] [Digital] [1r0n].png,84-84
92,10,84,Frieren - Beyond Journey's End - c092 (v10) - p085 [VIZ Media] [Digital] [1r0n].png,85-85
92,10,85,Frieren - Beyond Journey's End - c092 (v10) - p086 [VIZ Media] [Digital] [1r0n].png,86-86
92,10,86,Frieren - Beyond Journey's End - c092 (v10) - p087 [VIZ Media] [Digital] [1r0n].png,87-87
92,10,87,Frieren - Beyond Journey's End - c092 (v10) - p088 [VIZ Media] [Digital] [1r0n].png,88-88
92,10,88,Frieren - Beyond Journey's End - c092 (v10) - p089 [VIZ Media] [Digital] [1r0n].png,89-89
92,10,89,Frieren - Beyond Journey's End - c092 (v10) - p090 [VIZ Media] [Digital] [1r0n].png,90-90
92,10,90,Frieren - Beyond Journey's End - c092 (v10) - p091 [VIZ Media] [Digital] [1r0n].png,91-91
92,10,91,Frieren - Beyond Journey's End - c092 (v10) - p092 [VIZ Media] [Digital] [1r0n].png,92-92
92,10,92,Frieren - Beyond Journey's End - c092 (v10) - p093 [VIZ Media] [Digital] [1r0n].png,93-93
92,10,93,Frieren - Beyond Journey's End - c092 (v10) - p094 [VIZ Media] [Digital] [1r0n].png,94-94
92,10,94,Frieren - Beyond Journey's End - c092 (v10) - p095 [VIZ Media] [Digital] [1r0n].png,95-95
92,10,95,Frieren - Beyond Journey's End - c092 (v10) - p096 [VIZ Media] [Digital] [1r0n].png,96-96
93,10,96,Frieren - Beyond Journey's End - c093 (v10) - p097 [VIZ Media] [Digital] [1r0n].png,97-97
93,10,97,Frieren - Beyond Journey's End - c093 (v10) - p098 [VIZ Media] [Digital] [1r0n].png,98-98
93,10,98,Frieren - Beyond Journey's End - c093 (v10) - p099 [VIZ Media] [Digital] [1r0n].png,99-99
93,10,99,Frieren - Beyond Journey's End - c093 (v10) - p100 [VIZ Media] [Digital] [1r0n].png,100-100
93,10,100,Frieren - Beyond Journey's End - c093 (v10) - p101 [VIZ Media] [Digital] [1r0n].png,101-101
93,10,101,Frieren - Beyond Journey's End - c093 (v10) - p102 [VIZ Media] [Digital] [1r0n].png,102-102
93,10,102,Frieren - Beyond Journey's End - c093 (v10) - p103 [VIZ Media] [Digital] [1r0n].png,103-103
93,10,103,Frieren - Beyond Journey's End - c093 (v10) - p104 [VIZ Media] [Digital] [1r0n].png,104-104
93,10,104,Frieren - Beyond Journey's End - c093 (v10) - p105 [VIZ Media] [Digital] [1r0n].png,105-105
93,10,105,Frieren - Beyond Journey's End - c093 (v10) - p106 [VIZ Media] [Digital] [1r0n].png,106-106
93,10,106,Frieren - Beyond Journey's End - c093 (v10) - p107 [VIZ Media] [Digital] [1r0n].png,107-107
93,10,107,Frieren - Beyond Journey's End - c093 (v10) - p108 [VIZ Media] [Digital] [1r0n].png,108-108
93,10,108,Frieren - Beyond Journey's End - c093 (v10) - p109 [VIZ Media] [Digital] [1r0n].png,109-109
93,10,109,Frieren - Beyond Journey's End - c093 (v10) - p110 [VIZ Media] [Digital] [1r0n].png,110-110
93,10,110,Frieren - Beyond Journey's End - c093 (v10) - p111 [VIZ Media] [Digital] [1r0n].png,111-111
93,10,111,Frieren - Beyond Journey's End - c093 (v10) - p112 [VIZ Media] [Digital] [1r0n].png,112-112
93,10,112,Frieren - Beyond Journey's End - c093 (v10) - p113 [VIZ Media] [Digital] [1r0n].png,113-113
93,10,113,Frieren - Beyond Journey's End - c093 (v10) - p114 [VIZ Media] [Digital] [1r0n].png,114-114
94,10,114,Frieren - Beyond Journey's End - c094 (v10) - p115 [VIZ Media] [Digital] [1r0n].png,115-115
94,10,115,Frieren - Beyond Journey's End - c094 (v10) - p116 [VIZ Media] [Digital] [1r0n].png,116-116
94,10,116,Frieren - Beyond Journey's End - c094 (v10) - p117 [VIZ Media] [Digital] [1r0n].png,117-117
94,10,117,Frieren - Beyond Journey's End - c094 (v10) - p118 [VIZ Media] [Digital] [1r0n].png,118-118
94,10,118,Frieren - Beyond Journey's End - c094 (v10) - p119 [VIZ Media] [Digital] [1r0n].png,119-119
94,10,119,Frieren - Beyond Journey's End - c094 (v10) - p120 [VIZ Media] [Digital] [1r0n].png,120-120
94,10,120,Frieren - Beyond Journey's End - c094 (v10) - p121 [VIZ Media] [Digital] [1r0n].png,121-121
94,10,121,Frieren - Beyond Journey's End - c094 (v10) - p122 [VIZ Media] [Digital] [1r0n].png,122-122
94,10,122,Frieren - Beyond Journey's End - c094 (v10) - p123 [VIZ Media] [Digital] [1r0n].png,123-123
94,10,123,Frieren - Beyond Journey's End - c094 (v10) - p124 [VIZ Media] [Digital] [1r0n].png,124-124
94,10,124,Frieren - Beyond Journey's End - c094 (v10) - p125 [VIZ Media] [Digital] [1r0n].png,125-125
94,10,125,Frieren - Beyond Journey's End - c094 (v10) - p126 [VIZ Media] [Digital] [1r0n].png,126-126
94,10,126,Frieren - Beyond Journey's End - c094 (v10) - p127 [VIZ Media] [Digital] [1r0n].png,127-127
94,10,127,Frieren - Beyond Journey's End - c094 (v10) - p128 [VIZ Media] [Digital] [1r0n].png,128-128
94,10,128,Frieren - Beyond Journey's End - c094 (v10) - p129 [VIZ Media] [Digital] [1r0n].png,129-129
94,10,129,Frieren - Beyond Journey's End - c094 (v10) - p130 [VIZ Media] [Digital] [1r0n].png,130-130
94,10,130,Frieren - Beyond Journey's End - c094 (v10) - p131 [VIZ Media] [Digital] [1r0n].png,131-131
94,10,131,Frieren - Beyond Journey's End - c094 (v10) - p132 [VIZ Media] [Digital] [1r0n].png,132-132
94,10,132,Frieren - Beyond Journey's End - c094 (v10) - p133 [VIZ Media] [Digital] [1r0n].png,133-133
94,10,133,Frieren - Beyond Journey's End - c094 (v10) - p134 [VIZ Media] [Digital] [1r0n].png,134-134
95,10,134,Frieren - Beyond Journey's End - c095 (v10) - p135 [VIZ Media] [Digital] [1r0n].png,135-135
95,10,135,Frieren - Beyond Journey's End - c095 (v10) - p136 [VIZ Media] [Digital] [1r0n].png,136-136
95,10,136,Frieren - Beyond Journey's End - c095 (v10) - p137 [VIZ Media] [Digital] [1r0n].png,137-137
95,10,137,Frieren - Beyond Journey's End - c095 (v10) - p138 [VIZ Media] [Digital] [1r0n].png,138-138
95,10,138,Frieren - Beyond Journey's End - c095 (v10) - p139 [VIZ Media] [Digital] [1r0n].png,139-139
95,10,139,Frieren - Beyond Journey's End - c095 (v10) - p140 [VIZ Media] [Digital] [1r0n].png,140-140
95,10,140,Frieren - Beyond Journey's End - c095 (v10) - p141 [VIZ Media] [Digital] [1r0n].png,141-141
95,10,141,Frieren - Beyond Journey's End - c095 (v10) - p142 [VIZ Media] [Digital] [1r0n].png,142-142
95,10,142,Frieren - Beyond Journey's End - c095 (v10) - p143 [VIZ Media] [Digital] [1r0n].png,143-143
95,10,143,Frieren - Beyond Journey's End - c095 (v10) - p144 [VIZ Media] [Digital] [1r0n].png,144-144
95,10,144,Frieren - Beyond Journey's End - c095 (v10) - p145 [VIZ Media] [Digital] [1r0n].png,145-145
95,10,145,Frieren - Beyond Journey's End - c095 (v10) - p146 [VIZ Media] [Digital] [1r0n].png,146-146
95,10,146,Frieren - Beyond Journey's End - c095 (v10) - p147 [VIZ Media] [Digital] [1r0n].png,147-147
95,10,147,Frieren - Beyond Journey's End - c095 (v10) - p148 [VIZ Media] [Digital] [1r0n].png,148-148
95,10,148,Frieren - Beyond Journey's End - c095 (v10) - p149 [VIZ Media] [Digital] [1r0n].png,149-149
95,10,149,Frieren - Beyond Journey's End - c095 (v10) - p150 [VIZ Media] [Digital] [1r0n].png,150-150
95,10,150,Frieren - Beyond Journey's End - c095 (v10) - p151 [VIZ Media] [Digital] [1r0n].png,151-151
95,10,151,Frieren - Beyond Journey's End - c095 (v10) - p152 [VIZ Media] [Digital] [1r0n].png,152-152
96,10,152,Frieren - Beyond Journey's End - c096 (v10) - p153 [VIZ Media] [Digital] [1r0n].png,153-153
96,10,153,Frieren - Beyond Journey's End - c096 (v10) - p154 [VIZ Media] [Digital] [1r0n].png,154-154
96,10,154,Frieren - Beyond Journey's End - c096 (v10) - p155 [VIZ Media] [Digital] [1r0n].png,155-155
96,10,155,Frieren - Beyond Journey's End - c096 (v10) - p156 [VIZ Media] [Digital] [1r0n].png,156-156
96,10,156,Frieren - Beyond Journey's End - c096 (v10) - p157 [VIZ Media] [Digital] [1r0n].png,157-157
96,10,157,Frieren - Beyond Journey's End - c096 (v10) - p158 [VIZ Media] [Digital] [1r0n].png,158-158
96,10,158,Frieren - Beyond Journey's End - c096 (v10) - p159 [VIZ Media] [Digital] [1r0n].png,159-159
96,10,159,Frieren - Beyond Journey's End - c096 (v10) - p160 [VIZ Media] [Digital] [1r0n].png,160-160
96,10,160,Frieren - Beyond Journey's End - c096 (v10) - p161 [VIZ Media] [Digital] [1r0n].png,161-161
96,10,161,Frieren - Beyond Journey's End - c096 (v10) - p162 [VIZ Media] [Digital] [1r0n].png,162-162
96,10,162,Frieren - Beyond Journey's End - c096 (v10) - p163 [VIZ Media] [Digital] [1r0n].png,163-163
96,10,163,Frieren - Beyond Journey's End - c096 (v10) - p164 [VIZ Media] [Digital] [1r0n].png,164-164
96,10,164,Frieren - Beyond Journey's End - c096 (v10) - p165 [VIZ Media] [Digital] [1r0n].png,165-165
96,10,165,Frieren - Beyond Journey's End - c096 (v10) - p166 [VIZ Media] [Digital] [1r0n].png,166-166
96,10,166,Frieren - Beyond Journey's End - c096 (v10) - p167 [VIZ Media] [Digital] [1r0n].png,167-167
96,10,167,Frieren - Beyond Journey's End - c096 (v10) - p168 [VIZ Media] [Digital] [1r0n].png,168-168
96,10,168,Frieren - Beyond Journey's End - c096 (v10) - p169 [VIZ Media] [Digital] [1r0n].png,169-169
96,10,169,Frieren - Beyond Journey's End - c096 (v10) - p170 [VIZ Media] [Digital] [1r0n].png,170-170
97,10,170,Frieren - Beyond Journey's End - c097 (v10) - p171 [VIZ Media] [Digital] [1r0n].png,171-171
97,10,171,Frieren - Beyond Journey's End - c097 (v10) - p172 [VIZ Media] [Digital] [1r0n].png,172-172
97,10,172,Frieren - Beyond Journey's End - c097 (v10) - p173 [VIZ Media] [Digital] [1r0n].png,173-173
97,10,173,Frieren - Beyond Journey's End - c097 (v10) - p174 [VIZ Media] [Digital] [1r0n].png,174-174
97,10,174,Frieren - Beyond Journey's End - c097 (v10) - p175 [VIZ Media] [Digital] [1r0n].png,175-175
97,10,175,Frieren - Beyond Journey's End - c097 (v10) - p176 [VIZ Media] [Digital] [1r0n].png,176-176
97,10,176,Frieren - Beyond Journey's End - c097 (v10) - p177 [VIZ Media] [Digital] [1r0n].png,177-177
97,10,177,Frieren - Beyond Journey's End - c097 (v10) - p178 [VIZ Media] [Digital] [1r0n].png,178-178
97,10,178,Frieren - Beyond Journey's End - c097 (v10) - p179 [VIZ Media] [Digital] [1r0n].png,179-179
97,10,179,Frieren - Beyond Journey's End - c097 (v10) - p180 [VIZ Media] [Digital] [1r0n].png,180-180
97,10,180,Frieren - Beyond Journey's End - c097 (v10) - p181 [VIZ Media] [Digital] [1r0n].png,181-181
97,10,181,Frieren - Beyond Journey's End - c097 (v10) - p182 [VIZ Media] [Digital] [1r0n].png,182-182
97,10,182,Frieren - Beyond Journey's End - c097 (v10) - p183 [VIZ Media] [Digital] [1r0n].png,183-183
97,10,183,Frieren - Beyond Journey's End - c097 (v10) - p184 [VIZ Media] [Digital] [1r0n].png,184-184
97,10,184,Frieren - Beyond Journey's End - c097 (v10) - p185 [VIZ Media] [Digital] [1r0n].png,185-185
97,10,185,Frieren - Beyond Journey's End - c097 (v10) - p186 [VIZ Media] [Digital] [1r0n].png,186-186
97,10,186,Frieren - Beyond Journey's End - c097 (v10) - p187 [VIZ Media] [Digital] [1r0n].png,187-187
97,10,187,Frieren - Beyond Journey's End - c097 (v10) - p188 [VIZ Media] [Digital] [1r0n].png,188-188
97,10,188,Frieren - Beyond Journey's End - c097 (v10) - p189 [VIZ Media] [Digital] [1r0n].png,189-189
97,10,189,Frieren - Beyond Journey's End - c097 (v10) - p190 [VIZ Media] [Digital] [1r0n].png,190-190
97,10,190,Frieren - Beyond Journey's End - c097 (v10) - p191 [VIZ Media] [Digital] [1r0n].png,191-191
97,10,191,Frieren - Beyond Journey's End - c097 (v10) - p192 [VIZ Media] [Digital] [1r0n].png,192-192
97,10,192,Frieren - Beyond Journey's End - c097 (v10) - p193 [VIZ Media] [Digital] [1r0n].png,193-193
97,10,193,Frieren - Beyond Journey's End - c097 (v10) - p194 [VIZ Media] [Digital] [1r0n].png,194-194
98,11,3,Frieren - Beyond Journey's End - c098 (v11) - p003 [VIZ Media] [Digital] [1r0n].png,3-3
98,11,4,Frieren - Beyond Journey's End - c098 (v11) - p004 [VIZ Media] [Digital] [1r0n].png,4-4
98,11,5,Frieren - Beyond Journey's End - c098 (v11) - p005 [VIZ Media] [Digital] [1r0n].png,5-5
98,11,6,Frieren - Beyond Journey's End - c098 (v11) - p006 [VIZ Media] [Digital] [1r0n].png,6-6
98,11,7,Frieren - Beyond Journey's End - c098 (v11) - p007 [VIZ Media] [Digital] [1r0n].png,7-7
98,11,8,Frieren - Beyond Journey's End - c098 (v11) - p008 [VIZ Media] [Digital] [1r0n].png,8-8
98,11,9,Frieren - Beyond Journey's End - c098 (v11) - p009 [VIZ Media] [Digital] [1r0n].png,9-9
98,11,10,Frieren - Beyond Journey's End - c098 (v11) - p010 [VIZ Media] [Digital] [1r0n].png,10-10
98,11,11,Frieren - Beyond Journey's End - c098 (v11) - p011 [VIZ Media] [Digital] [1r0n].png,11-11
98,11,12,Frieren - Beyond Journey's End - c098 (v11) - p012 [VIZ Media] [Digital] [1r0n].png,12-12
98,11,13,Frieren - Beyond Journey's End - c098 (v11) - p013 [VIZ Media] [Digital] [1r0n].png,13-13
98,11,14,Frieren - Beyond Journey's End - c098 (v11) - p014 [VIZ Media] [Digital] [1r0n].png,14-14
98,11,15,Frieren - Beyond Journey's End - c098 (v11) - p015 [VIZ Media] [Digital] [1r0n].png,15-15
98,11,16,Frieren - Beyond Journey's End - c098 (v11) - p016 [VIZ Media] [Digital] [1r0n].png,16-16
98,11,17,Frieren - Beyond Journey's End - c098 (v11) - p017 [VIZ Media] [Digital] [1r0n].png,17-17
98,11,18,Frieren - Beyond Journey's End - c098 (v11) - p018 [VIZ Media] [Digital] [1r0n].png,18-18
98,11,19,Frieren - Beyond Journey's End - c098 (v11) - p019 [VIZ Media] [Digital] [1r0n].png,19-19
98,11,20,Frieren - Beyond Journey's End - c098 (v11) - p020 [VIZ Media] [Digital] [1r0n].png,20-20
99,11,21,Frieren - Beyond Journey's End - c099 (v11) - p021 [VIZ Media] [Digital] [1r0n].png,21-21
99,11,22,Frieren - Beyond Journey's End - c099 (v11) - p022 [VIZ Media] [Digital] [1r0n].png,22-22
99,11,23,Frieren - Beyond Journey's End - c099 (v11) - p023 [VIZ Media] [Digital] [1r0n].png,23-23
99,11,24,Frieren - Beyond Journey's End - c099 (v11) - p024 [VIZ Media] [Digital] [1r0n].png,24-24
99,11,25,Frieren - Beyond Journey's End - c099 (v11) - p025 [VIZ Media] [Digital] [1r0n].png,25-25
99,11,26,Frieren - Beyond Journey's End - c099 (v11) - p026 [VIZ Media] [Digital] [1r0n].png,26-26
99,11,27,Frieren - Beyond Journey's End - c099 (v11) - p027 [VIZ Media] [Digital] [1r0n].png,27-27
99,11,28,Frieren - Beyond Journey's End - c099 (v11) - p028 [VIZ Media] [Digital] [1r0n].png,28-28
99,11,29,Frieren - Beyond Journey's End - c099 (v11) - p029 [VIZ Media] [Digital] [1r0n].png,29-29
99,11,30,Frieren - Beyond Journey's End - c099 (v11) - p030 [VIZ Media] [Digital] [1r0n].png,30-30
99,11,31,Frieren - Beyond Journey's End - c099 (v11) - p031 [VIZ Media] [Digital] [1r0n].png,31-31
99,11,32,Frieren - Beyond Journey's End - c099 (v11) - p032 [VIZ Media] [Digital] [1r0n].png,32-32
99,11,33,Frieren - Beyond Journey's End - c099 (v11) - p033 [VIZ Media] [Digital] [1r0n].png,33-33
99,11,34,Frieren - Beyond Journey's End - c099 (v11) - p034 [VIZ Media] [Digital] [1r0n].png,34-34
99,11,35,Frieren - Beyond Journey's End - c099 (v11) - p035 [VIZ Media] [Digital] [1r0n].png,35-35
99,11,36,Frieren - Beyond Journey's End - c099 (v11) - p036 [VIZ Media] [Digital] [1r0n].png,36-36
99,11,37,Frieren - Beyond Journey's End - c099 (v11) - p037 [VIZ Media] [Digital] [1r0n].png,37-37
99,11,38,Frieren - Beyond Journey's End - c099 (v11) - p038 [VIZ Media] [Digital] [1r0n].png,38-38
99,11,39,Frieren - Beyond Journey's End - c099 (v11) - p039 [VIZ Media] [Digital] [1r0n].png,39-39
100,11,40,Frieren - Beyond Journey's End - c100 (v11) - p040-p041 [VIZ Media] [Digital] [1r0n].png,40-41
100,11,41,Frieren - Beyond Journey's End - c100 (v11) - p042 [VIZ Media] [Digital] [1r0n].png,42-42
100,11,42,Frieren - Beyond Journey's End - c100 (v11) - p043 [VIZ Media] [Digital] [1r0n].png,43-43
100,11,43,Frieren - Beyond Journey's End - c100 (v11) - p044 [VIZ Media] [Digital] [1r0n].png,44-44
100,11,44,Frieren - Beyond Journey's End - c100 (v11) - p045 [VIZ Media] [Digital] [1r0n].png,45-45
100,11,45,Frieren - Beyond Journey's End - c100 (v11) - p046 [VIZ Media] [Digital] [1r0n].png,46-46
100,11,46,Frieren - Beyond Journey's End - c100 (v11) - p047 [VIZ Media] [Digital] [1r0n].png,47-47
100,11,47,Frieren - Beyond Journey's End - c100 (v11) - p048 [VIZ Media] [Digital] [1r0n].png,48-48
100,11,48,Frieren - Beyond Journey's End - c100 (v11) - p049 [VIZ Media] [Digital] [1r0n].png,49-49
100,11,49,Frieren - Beyond Journey's End - c100 (v11) - p050 [VIZ Media] [Digital] [1r0n].png,50-50
100,11,50,Frieren - Beyond Journey's End - c100 (v11) - p051 [VIZ Media] [Digital] [1r0n].png,51-51
100,11,51,Frieren - Beyond Journey's End - c100 (v11) - p052 [VIZ Media] [Digital] [1r0n].png,52-52
100,11,52,Frieren - Beyond Journey's End - c100 (v11) - p053 [VIZ Media] [Digital] [1r0n].png,53-53
100,11,53,Frieren - Beyond Journey's End - c100 (v11) - p054 [VIZ Media] [Digital] [1r0n].png,54-54
100,11,54,Frieren - Beyond Journey's End - c100 (v11) - p055 [VIZ Media] [Digital] [1r0n].png,55-55
100,11,55,Frieren - Beyond Journey's End - c100 (v11) - p056 [VIZ Media] [Digital] [1r0n].png,56-56
100,11,56,Frieren - Beyond Journey's End - c100 (v11) - p057 [VIZ Media] [Digital] [1r0n].png,57-57
100,11,57,Frieren - Beyond Journey's End - c100 (v11) - p058 [VIZ Media] [Digital] [1r0n].png,58-58
100,11,58,Frieren - Beyond Journey's End - c100 (v11) - p059 [VIZ Media] [Digital] [1r0n].png,59-59
100,11,59,Frieren - Beyond Journey's End - c100 (v11) - p060 [VIZ Media] [Digital] [1r0n].png,60-60
101,11,60,Frieren - Beyond Journey's End - c101 (v11) - p061 [VIZ Media] [Digital] [1r0n].png,61-61
101,11,61,Frieren - Beyond Journey's End - c101 (v11) - p062 [VIZ Media] [Digital] [1r0n].png,62-62
101,11,62,Frieren - Beyond Journey's End - c101 (v11) - p063 [VIZ Media] [Digital] [1r0n].png,63-63
101,11,63,Frieren - Beyond Journey's End - c101 (v11) - p064 [VIZ Media] [Digital] [1r0n].png,64-64
101,11,64,Frieren - Beyond Journey's End - c101 (v11) - p065 [VIZ Media] [Digital] [1r0n].png,65-65
101,11,65,Frieren - Beyond Journey's End - c101 (v11) - p066 [VIZ Media] [Digital] [1r0n].png,66-66
101,11,66,Frieren - Beyond Journey's End - c101 (v11) - p067 [VIZ Media] [Digital] [1r0n].png,67-67
101,11,67,Frieren - Beyond Journey's End - c101 (v11) - p068 [VIZ Media] [Digital] [1r0n].png,68-68
101,11,68,Frieren - Beyond Journey's End - c101 (v11) - p069 [VIZ Media] [Digital] [1r0n].png,69-69
101,11,69,Frieren - Beyond Journey's End - c101 (v11) - p070 [VIZ Media] [Digital] [1r0n].png,70-70
101,11,70,Frieren - Beyond Journey's End - c101 (v11) - p071 [VIZ Media] [Digital] [1r0n].png,71-71
101,11,71,Frieren - Beyond Journey's End - c101 (v11) - p072 [VIZ Media] [Digital] [1r0n].png,72-72
101,11,72,Frieren - Beyond Journey's End - c101 (v11) - p073 [VIZ Media] [Digital] [1r0n].png,73-73
101,11,73,Frieren - Beyond Journey's End - c101 (v11) - p074 [VIZ Media] [Digital] [1r0n].png,74-74
101,11,74,Frieren - Beyond Journey's End - c101 (v11) - p075 [VIZ Media] [Digital] [1r0n].png,75-75
101,11,75,Frieren - Beyond Journey's End - c101 (v11) - p076 [VIZ Media] [Digital] [1r0n].png,76-76
101,11,76,Frieren - Beyond Journey's End - c101 (v11) - p077 [VIZ Media] [Digital] [1r0n].png,77-77
101,11,77,Frieren - Beyond Journey's End - c101 (v11) - p078 [VIZ Media] [Digital] [1r0n].png,78-78
102,11,78,Frieren - Beyond Journey's End - c102 (v11) - p079 [VIZ Media] [Digital] [1r0n].png,79-79
102,11,79,Frieren - Beyond Journey's End - c102 (v11) - p080 [VIZ Media] [Digital] [1r0n].png,80-80
102,11,80,Frieren - Beyond Journey's End - c102 (v11) - p081 [VIZ Media] [Digital] [1r0n].png,81-81
102,11,81,Frieren - Beyond Journey's End - c102 (v11) - p082 [VIZ Media] [Digital] [1r0n].png,82-82
102,11,82,Frieren - Beyond Journey's End - c102 (v11) - p083 [VIZ Media] [Digital] [1r0n].png,83-83
102,11,83,Frieren - Beyond Journey's End - c102 (v11) - p084 [VIZ Media] [Digital] [1r0n].png,84-84
102,11,84,Frieren - Beyond Journey's End - c102 (v11) - p085 [VIZ Media] [Digital] [1r0n].png,85-85
102,11,85,Frieren - Beyond Journey's End - c102 (v11) - p086 [VIZ Media] [Digital] [1r0n].png,86-86
102,11,86,Frieren - Beyond Journey's End - c102 (v11) - p087 [VIZ Media] [Digital] [1r0n].png,87-87
102,11,87,Frieren - Beyond Journey's End - c102 (v11) - p088 [VIZ Media] [Digital] [1r0n].png,88-88
102,11,88,Frieren - Beyond Journey's End - c102 (v11) - p089 [VIZ Media] [Digital] [1r0n].png,89-89
102,11,89,Frieren - Beyond Journey's End - c102 (v11) - p090 [VIZ Media] [Digital] [1r0n].png,90-90
102,11,90,Frieren - Beyond Journey's End - c102 (v11) - p091 [VIZ Media] [Digital] [1r0n].png,91-91
102,11,91,Frieren - Beyond Journey's End - c102 (v11) - p092 [VIZ Media] [Digital] [1r0n].png,92-92
102,11,92,Frieren - Beyond Journey's End - c102 (v11) - p093 [VIZ Media] [Digital] [1r0n].png,93-93
102,11,93,Frieren - Beyond Journey's End - c102 (v11) - p094 [VIZ Media] [Digital] [1r0n].png,94-94
102,11,94,Frieren - Beyond Journey's End - c102 (v11) - p095 [VIZ Media] [Digital] [1r0n].png,95-95
102,11,95,Frieren - Beyond Journey's End - c102 (v11) - p096 [VIZ Media] [Digital] [1r0n].png,96-96
102,11,96,Frieren - Beyond Journey's End - c102 (v11) - p097 [VIZ Media] [Digital] [1r0n].png,97-97
102,11,97,Frieren - Beyond Journey's End - c102 (v11) - p098 [VIZ Media] [Digital] [1r0n].png,98-98
103,11,98,Frieren - Beyond Journey's End - c103 (v11) - p099 [VIZ Media] [Digital] [1r0n].png,99-99
103,11,99,Frieren - Beyond Journey's End - c103 (v11) - p100 [VIZ Media] [Digital] [1r0n].png,100-100
103,11,100,Frieren - Beyond Journey's End - c103 (v11) - p101 [VIZ Media] [Digital] [1r0n].png,101-101
103,11,101,Frieren - Beyond Journey's End - c103 (v11) - p102 [VIZ Media] [Digital] [1r0n].png,102-102
103,11,102,Frieren - Beyond Journey's End - c103 (v11) - p103 [VIZ Media] [Digital] [1r0n].png,103-103
103,11,103,Frieren - Beyond Journey's End - c103 (v11) - p104 [VIZ Media] [Digital] [1r0n].png,104-104
103,11,104,Frieren - Beyond Journey's End - c103 (v11) - p105 [VIZ Media] [Digital] [1r0n].png,105-105
103,11,105,Frieren - Beyond Journey's End - c103 (v11) - p106 [VIZ Media] [Digital] [1r0n].png,106-106
103,11,106,Frieren - Beyond Journey's End - c103 (v11) - p107 [VIZ Media] [Digital] [1r0n].png,107-107
103,11,107,Frieren - Beyond Journey's End - c103 (v11) - p108 [VIZ Media] [Digital] [1r0n].png,108-108
103,11,108,Frieren - Beyond Journey's End - c103 (v11) - p109 [VIZ Media] [Digital] [1r0n].png,109-109
103,11,109,Frieren - Beyond Journey's End - c103 (v11) - p110 [VIZ Media] [Digital] [1r0n].png,110-110
103,11,110,Frieren - Beyond Journey's End - c103 (v11) - p111 [VIZ Media] [Digital] [1r0n].png,111-111
103,11,111,Frieren - Beyond Journey's End - c103 (v11) - p112 [VIZ Media] [Digital] [1r0n].png,112-112
103,11,112,Frieren - Beyond Journey's End - c103 (v11) - p113 [VIZ Media] [Digital] [1r0n].png,113-113
103,11,113,Frieren - Beyond Journey's End - c103 (v11) - p114 [VIZ Media] [Digital] [1r0n].png,114-114
103,11,114,Frieren - Beyond Journey's End - c103 (v11) - p115 [VIZ Media] [Digital] [1r0n].png,115-115
103,11,115,Frieren - Beyond Journey's End - c103 (v11) - p116 [VIZ Media] [Digital] [1r0n].png,116-116
104,11,116,Frieren - Beyond Journey's End - c104 (v11) - p117 [VIZ Media] [Digital] [1r0n].png,117-117
104,11,117,Frieren - Beyond Journey's End - c104 (v11) - p118 [VIZ Media] [Digital] [1r0n].png,118-118
104,11,118,Frieren - Beyond Journey's End - c104 (v11) - p119 [VIZ Media] [Digital] [1r0n].png,119-119
104,11,119,Frieren - Beyond Journey's End - c104 (v11) - p120 [VIZ Media] [Digital] [1r0n].png,120-120
104,11,120,Frieren - Beyond Journey's End - c104 (v11) - p121 [VIZ Media] [Digital] [1r0n].png,121-121
104,11,121,Frieren - Beyond Journey's End - c104 (v11) - p122 [VIZ Media] [Digital] [1r0n].png,122-122
104,11,122,Frieren - Beyond Journey's End - c104 (v11) - p123 [VIZ Media] [Digital] [1r0n].png,123-123
104,11,123,Frieren - Beyond Journey's End - c104 (v11) - p124 [VIZ Media] [Digital] [1r0n].png,124-124
104,11,124,Frieren - Beyond Journey's End - c104 (v11) - p125 [VIZ Media] [Digital] [1r0n].png,125-125
104,11,125,Frieren - Beyond Journey's End - c104 (v11) - p126 [VIZ Media] [Digital] [1r0n].png,126-126
104,11,126,Frieren - Beyond Journey's End - c104 (v11) - p127 [VIZ Media] [Digital] [1r0n].png,127-127
104,11,127,Frieren - Beyond Journey's End - c104 (v11) - p128 [VIZ Media] [Digital] [1r0n].png,128-128
104,11,128,Frieren - Beyond Journey's End - c104 (v11) - p129 [VIZ Media] [Digital] [1r0n].png,129-129
104,11,129,Frieren - Beyond Journey's End - c104 (v11) - p130 [VIZ Media] [Digital] [1r0n].png,130-130
104,11,130,Frieren - Beyond Journey's End - c104 (v11) - p131 [VIZ Media] [Digital] [1r0n].png,131-131
104,11,131,Frieren - Beyond Journey's End - c104 (v11) - p132 [VIZ Media] [Digital] [1r0n].png,132-132
104,11,132,Frieren - Beyond Journey's End - c104 (v11) - p133 [VIZ Media] [Digital] [1r0n].png,133-133
104,11,133,Frieren - Beyond Journey's End - c104 (v11) - p134 [VIZ Media] [Digital] [1r0n].png,134-134
105,11,134,Frieren - Beyond Journey's End - c105 (v11) - p135 [VIZ Media] [Digital] [1r0n].png,135-135
105,11,135,Frieren - Beyond Journey's End - c105 (v11) - p136 [VIZ Media] [Digital] [1r0n].png,136-136
105,11,136,Frieren - Beyond Journey's End - c105 (v11) - p137 [VIZ Media] [Digital] [1r0n].png,137-137
105,11,137,Frieren - Beyond Journey's End - c105 (v11) - p138 [VIZ Media] [Digital] [1r0n].png,138-138
105,11,138,Frieren - Beyond Journey's End - c105 (v11) - p139 [VIZ Media] [Digital] [1r0n].png,139-139
105,11,139,Frieren - Beyond Journey's End - c105 (v11) - p140 [VIZ Media] [Digital] [1r0n].png,140-140
105,11,140,Frieren - Beyond Journey's End - c105 (v11) - p141 [VIZ Media] [Digital] [1r0n].png,141-141
105,11,141,Frieren - Beyond Journey's End - c105 (v11) - p142 [VIZ Media] [Digital] [1r0n].png,142-142
105,11,142,Frieren - Beyond Journey's End - c105 (v11) - p143 [VIZ Media] [Digital] [1r0n].png,143-143
105,11,143,Frieren - Beyond Journey's End - c105 (v11) - p144 [VIZ Media] [Digital] [1r0n].png,144-144
105,11,144,Frieren - Beyond Journey's End - c105 (v11) - p145 [VIZ Media] [Digital] [1r0n].png,145-145
105,11,145,Frieren - Beyond Journey's End - c105 (v11) - p146 [VIZ Media] [Digital] [1r0n].png,146-146
105,11,146,Frieren - Beyond Journey's End - c105 (v11) - p147 [VIZ Media] [Digital] [1r0n].png,147-147
105,11,147,Frieren - Beyond Journey's End - c105 (v11) - p148 [VIZ Media] [Digital] [1r0n].png,148-148
105,11,148,Frieren - Beyond Journey's End - c105 (v11) - p149 [VIZ Media] [Digital] [1r0n].png,149-149
105,11,149,Frieren - Beyond Journey's End - c105 (v11) - p150 [VIZ Media] [Digital] [1r0n].png,150-150
105,11,150,Frieren - Beyond Journey's End - c105 (v11) - p151 [VIZ Media] [Digital] [1r0n].png,151-151
105,11,151,Frieren - Beyond Journey's End - c105 (v11) - p152 [VIZ Media] [Digital] [1r0n].png,152-152
106,11,152,Frieren - Beyond Journey's End - c106 (v11) - p153 [VIZ Media] [Digital] [1r0n].png,153-153
106,11,153,Frieren - Beyond Journey's End - c106 (v11) - p154 [VIZ Media] [Digital] [1r0n].png,154-154
106,11,154,Frieren - Beyond Journey's End - c106 (v11) - p155 [VIZ Media] [Digital] [1r0n].png,155-155
106,11,155,Frieren - Beyond Journey's End - c106 (v11) - p156 [VIZ Media] [Digital] [1r0n].png,156-156
106,11,156,Frieren - Beyond Journey's End - c106 (v11) - p157 [VIZ Media] [Digital] [1r0n].png,157-157
106,11,157,Frieren - Beyond Journey's End - c106 (v11) - p158 [VIZ Media] [Digital] [1r0n].png,158-158
106,11,158,Frieren - Beyond Journey's End - c106 (v11) - p159 [VIZ Media] [Digital] [1r0n].png,159-159
106,11,159,Frieren - Beyond Journey's End - c106 (v11) - p160 [VIZ Media] [Digital] [1r0n].png,160-160
106,11,160,Frieren - Beyond Journey's End - c106 (v11) - p161 [VIZ Media] [Digital] [1r0n].png,161-161
106,11,161,Frieren - Beyond Journey's End - c106 (v11) - p162 [VIZ Media] [Digital] [1r0n].png,162-162
106,11,162,Frieren - Beyond Journey's End - c106 (v11) - p163 [VIZ Media] [Digital] [1r0n].png,163-163
106,11,163,Frieren - Beyond Journey's End - c106 (v11) - p164 [VIZ Media] [Digital] [1r0n].png,164-164
106,11,164,Frieren - Beyond Journey's End - c106 (v11) - p165 [VIZ Media] [Digital] [1r0n].png,165-165
106,11,165,Frieren - Beyond Journey's End - c106 (v11) - p166 [VIZ Media] [Digital] [1r0n].png,166-166
106,11,166,Frieren - Beyond Journey's End - c106 (v11) - p167 [VIZ Media] [Digital] [1r0n].png,167-167
106,11,167,Frieren - Beyond Journey's End - c106 (v11) - p168 [VIZ Media] [Digital] [1r0n].png,168-168
106,11,168,Frieren - Beyond Journey's End - c106 (v11) - p169 [VIZ Media] [Digital] [1r0n].png,169-169
106,11,169,Frieren - Beyond Journey's End - c106 (v11) - p170 [VIZ Media] [Digital] [1r0n].png,170-170
107,11,170,Frieren - Beyond Journey's End - c107 (v11) - p171 [VIZ Media] [Digital] [1r0n].png,171-171
107,11,171,Frieren - Beyond Journey's End - c107 (v11) - p172 [VIZ Media] [Digital] [1r0n].png,172-172
107,11,172,Frieren - Beyond Journey's End - c107 (v11) - p173 [VIZ Media] [Digital] [1r0n].png,173-173
107,11,173,Frieren - Beyond Journey's End - c107 (v11) - p174 [VIZ Media] [Digital] [1r0n].png,174-174
107,11,174,Frieren - Beyond Journey's End - c107 (v11) - p175 [VIZ Media] [Digital] [1r0n].png,175-175
107,11,175,Frieren - Beyond Journey's End - c107 (v11) - p176 [VIZ Media] [Digital] [1r0n].png,176-176
107,11,176,Frieren - Beyond Journey's End - c107 (v11) - p177 [VIZ Media] [Digital] [1r0n].png,177-177
107,11,177,Frieren - Beyond Journey's End - c107 (v11) - p178 [VIZ Media] [Digital] [1r0n].png,178-178
107,11,178,Frieren - Beyond Journey's End - c107 (v11) - p179 [VIZ Media] [Digital] [1r0n].png,179-179
107,11,179,Frieren - Beyond Journey's End - c107 (v11) - p180 [VIZ Media] [Digital] [1r0n].png,180-180
107,11,180,Frieren - Beyond Journey's End - c107 (v11) - p181 [VIZ Media] [Digital] [1r0n].png,181-181
107,11,181,Frieren - Beyond Journey's End - c107 (v11) - p182 [VIZ Media] [Digital] [1r0n].png,182-182
107,11,182,Frieren - Beyond Journey's End - c107 (v11) - p183 [VIZ Media] [Digital] [1r0n].png,183-183
107,11,183,Frieren - Beyond Journey's End - c107 (v11) - p184-p185 [VIZ Media] [Digital] [1r0n].png,184-185
107,11,184,Frieren - Beyond Journey's End - c107 (v11) - p186 [VIZ Media] [Digital] [1r0n].png,186-186
107,11,185,Frieren - Beyond Journey's End - c107 (v11) - p187 [VIZ Media] [Digital] [1r0n].png,187-187
107,11,186,Frieren - Beyond Journey's End - c107 (v11) - p188 [VIZ Media] [Digital] [1r0n].png,188-188
107,11,187,Frieren - Beyond Journey's End - c107 (v11) - p189 [VIZ Media] [Digital] [1r0n].png,189-189
108,12,3,Frieren - Beyond Journey's End - c108 (v12) - p003 [VIZ Media] [Digital] [1r0n].png,3-3
108,12,4,Frieren - Beyond Journey's End - c108 (v12) - p004-p005 [VIZ Media] [Digital] [1r0n].png,4-5
108,12,5,Frieren - Beyond Journey's End - c108 (v12) - p006 [VIZ Media] [Digital] [1r0n].png,6-6
108,12,6,Frieren - Beyond Journey's End - c108 (v12) - p007 [VIZ Media] [Digital] [1r0n].png,7-7
108,12,7,Frieren - Beyond Journey's End - c108 (v12) - p008 [VIZ Media] [Digital] [1r0n].png,8-8
108,12,8,Frieren - Beyond Journey's End - c108 (v12) - p009 [VIZ Media] [Digital] [1r0n].png,9-9
108,12,9,Frieren - Beyond Journey's End - c108 (v12) - p010 [VIZ Media] [Digital] [1r0n].png,10-10
108,12,10,Frieren - Beyond Journey's End - c108 (v12) - p011 [VIZ Media] [Digital] [1r0n].png,11-11
108,12,11,Frieren - Beyond Journey's End - c108 (v12) - p012 [VIZ Media] [Digital] [1r0n].png,12-12
108,12,12,Frieren - Beyond Journey's End - c108 (v12) - p013 [VIZ Media] [Digital] [1r0n].png,13-13
108,12,13,Frieren - Beyond Journey's End - c108 (v12) - p014 [VIZ Media] [Digital] [1r0n].png,14-14
108,12,14,Frieren - Beyond Journey's End - c108 (v12) - p015 [VIZ Media] [Digital] [1r0n].png,15-15
108,12,15,Frieren - Beyond Journey's End - c108 (v12) - p016 [VIZ Media] [Digital] [1r0n].png,16-16
108,12,16,Frieren - Beyond Journey's End - c108 (v12) - p017 [VIZ Media] [Digital] [1r0n].png,17-17
108,12,17,Frieren - Beyond Journey's End - c108 (v12) - p018 [VIZ Media] [Digital] [1r0n].png,18-18
108,12,18,Frieren - Beyond Journey's End - c108 (v12) - p019 [VIZ Media] [Digital] [1r0n].png,19-19
108,12,19,Frieren - Beyond Journey's End - c108 (v12) - p020 [VIZ Media] [Digital] [1r0n].png,20-20
109,12,20,Frieren - Beyond Journey's End - c109 (v12) - p021 [VIZ Media] [Digital] [1r0n].png,21-21
109,12,21,Frieren - Beyond Journey's End - c109 (v12) - p022 [VIZ Media] [Digital] [1r0n].png,22-22
109,12,22,Frieren - Beyond Journey's End - c109 (v12) - p023 [VIZ Media] [Digital] [1r0n].png,23-23
109,12,23,Frieren - Beyond Journey's End - c109 (v12) - p024 [VIZ Media] [Digital] [1r0n].png,24-24
109,12,24,Frieren - Beyond Journey's End - c109 (v12) - p025 [VIZ Media] [Digital] [1r0n].png,25-25
109,12,25,Frieren - Beyond Journey's End - c109 (v12) - p026 [VIZ Media] [Digital] [1r0n].png,26-26
109,12,26,Frieren - Beyond Journey's End - c109 (v12) - p027 [VIZ Media] [Digital] [1r0n].png,27-27
109,12,27,Frieren - Beyond Journey's End - c109 (v12) - p028 [VIZ Media] [Digital] [1r0n].png,28-28
109,12,28,Frieren - Beyond Journey's End - c109 (v12) - p029 [VIZ Media] [Digital] [1r0n].png,29-29
109,12,29,Frieren - Beyond Journey's End - c109 (v12) - p030 [VIZ Media] [Digital] [1r0n].png,30-30
109,12,30,Frieren - Beyond Journey's End - c109 (v12) - p031 [VIZ Media] [Digital] [1r0n].png,31-31
109,12,31,Frieren - Beyond Journey's End - c109 (v12) - p032 [VIZ Media] [Digital] [1r0n].png,32-32
109,12,32,Frieren - Beyond Journey's End - c109 (v12) - p033 [VIZ Media] [Digital] [1r0n].png,33-33
109,12,33,Frieren - Beyond Journey's End - c109 (v12) - p034 [VIZ Media] [Digital] [1r0n].png,34-34
109,12,34,Frieren - Beyond Journey's End - c109 (v12) - p035 [VIZ Media] [Digital] [1r0n].png,35-35
109,12,35,Frieren - Beyond Journey's End - c109 (v12) - p036 [VIZ Media] [Digital] [1r0n].png,36-36
109,12,36,Frieren - Beyond Journey's End - c109 (v12) - p037 [VIZ Media] [Digital] [1r0n].png,37-37
109,12,37,Frieren - Beyond Journey's End - c109 (v12) - p038 [VIZ Media] [Digital] [1r0n].png,38-38
109,12,38,Frieren - Beyond Journey's End - c109 (v12) - p039 [VIZ Media] [Digital] [1r0n].png,39-39
109,12,39,Frieren - Beyond Journey's End - c109 (v12) - p040 [VIZ Media] [Digital] [1r0n].png,40-40
110,12,40,Frieren - Beyond Journey's End - c110 (v12) - p041 [VIZ Media] [Digital] [1r0n].png,41-41
110,12,41,Frieren - Beyond Journey's End - c110 (v12) - p042 [VIZ Media] [Digital] [1r0n].png,42-42
110,12,42,Frieren - Beyond Journey's End - c110 (v12) - p043 [VIZ Media] [Digital] [1r0n].png,43-43
110,12,43,Frieren - Beyond Journey's End - c110 (v12) - p044 [VIZ Media] [Digital] [1r0n].png,44-44
110,12,44,Frieren - Beyond Journey's End - c110 (v12) - p045 [VIZ Media] [Digital] [1r0n].png,45-45
110,12,45,Frieren - Beyond Journey's End - c110 (v12) - p046 [VIZ Media] [Digital] [1r0n].png,46-46
110,12,46,Frieren - Beyond Journey's End - c110 (v12) - p047 [VIZ Media] [Digital] [1r0n].png,47-47
110,12,47,Frieren - Beyond Journey's End - c110 (v12) - p048 [VIZ Media] [Digital] [1r0n].png,48-48
110,12,48,Frieren - Beyond Journey's End - c110 (v12) - p049 [VIZ Media] [Digital] [1r0n].png,49-49
110,12,49,Frieren - Beyond Journey's End - c110 (v12) - p050 [VIZ Media] [Digital] [1r0n].png,50-50
110,12,50,Frieren - Beyond Journey's End - c110 (v12) - p051 [VIZ Media] [Digital] [1r0n].png,51-51
110,12,51,Frieren - Beyond Journey's End - c110 (v12) - p052 [VIZ Media] [Digital] [1r0n].png,52-52
110,12,52,Frieren - Beyond Journey's End - c110 (v12) - p053 [VIZ Media] [Digital] [1r0n].png,53-53
110,12,53,Frieren - Beyond Journey's End - c110 (v12) - p054 [VIZ Media] [Digital] [1r0n].png,54-54
110,12,54,Frieren - Beyond Journey's End - c110 (v12) - p055 [VIZ Media] [Digital] [1r0n].png,55-55
110,12,55,Frieren - Beyond Journey's End - c110 (v12) - p056 [VIZ Media] [Digital] [1r0n].png,56-56
111,12,56,Frieren - Beyond Journey's End - c111 (v12) - p057 [VIZ Media] [Digital] [1r0n].png,57-57
111,12,57,Frieren - Beyond Journey's End - c111 (v12) - p058 [VIZ Media] [Digital] [1r0n].png,58-58
111,12,58,Frieren - Beyond Journey's End - c111 (v12) - p059 [VIZ Media] [Digital] [1r0n].png,59-59
111,12,59,Frieren - Beyond Journey's End - c111 (v12) - p060 [VIZ Media] [Digital] [1r0n].png,60-60
111,12,60,Frieren - Beyond Journey's End - c111 (v12) - p061 [VIZ Media] [Digital] [1r0n].png,61-61
111,12,61,Frieren - Beyond Journey's End - c111 (v12) - p062 [VIZ Media] [Digital] [1r0n].png,62-62
111,12,62,Frieren - Beyond Journey's End - c111 (v12) - p063 [VIZ Media] [Digital] [1r0n].png,63-63
111,12,63,Frieren - Beyond Journey's End - c111 (v12) - p064 [VIZ Media] [Digital] [1r0n].png,64-64
111,12,64,Frieren - Beyond Journey's End - c111 (v12) - p065 [VIZ Media] [Digital] [1r0n].png,65-65
111,12,65,Frieren - Beyond Journey's End - c111 (v12) - p066 [VIZ Media] [Digital] [1r0n].png,66-66
111,12,66,Frieren - Beyond Journey's End - c111 (v12) - p067 [VIZ Media] [Digital] [1r0n].png,67-67
111,12,67,Frieren - Beyond Journey's End - c111 (v12) - p068 [VIZ Media] [Digital] [1r0n].png,68-68
111,12,68,Frieren - Beyond Journey's End - c111 (v12) - p069 [VIZ Media] [Digital] [1r0n].png,69-69
111,12,69,Frieren - Beyond Journey's End - c111 (v12) - p070 [VIZ Media] [Digital] [1r0n].png,70-70
111,12,70,Frieren - Beyond Journey's End - c111 (v12) - p071 [VIZ Media] [Digital] [1r0n].png,71-71
111,12,71,Frieren - Beyond Journey's End - c111 (v12) - p072 [VIZ Media] [Digital] [1r0n].png,72-72
111,12,72,Frieren - Beyond Journey's End - c111 (v12) - p073 [VIZ Media] [Digital] [1r0n].png,73-73
111,12,73,Frieren - Beyond Journey's End - c111 (v12) - p074 [VIZ Media] [Digital] [1r0n].png,74-74
111,12,74,Frieren - Beyond Journey's End - c111 (v12) - p075 [VIZ Media] [Digital] [1r0n].png,75-75
111,12,75,Frieren - Beyond Journey's End - c111 (v12) - p076 [VIZ Media] [Digital] [1r0n].png,76-76
112,12,76,Frieren - Beyond Journey's End - c112 (v12) - p077 [VIZ Media] [Digital] [1r0n].png,77-77
112,12,77,Frieren - Beyond Journey's End - c112 (v12) - p078 [VIZ Media] [Digital] [1r0n].png,78-78
112,12,78,Frieren - Beyond Journey's End - c112 (v12) - p079 [VIZ Media] [Digital] [1r0n].png,79-79
112,12,79,Frieren - Beyond Journey's End - c112 (v12) - p080 [VIZ Media] [Digital] [1r0n].png,80-80
112,12,80,Frieren - Beyond Journey's End - c112 (v12) - p081 [VIZ Media] [Digital] [1r0n].png,81-81
112,12,81,Frieren - Beyond Journey's End - c112 (v12) - p082 [VIZ Media] [Digital] [1r0n].png,82-82
112,12,82,Frieren - Beyond Journey's End - c112 (v12) - p083 [VIZ Media] [Digital] [1r0n].png,83-83
112,12,83,Frieren - Beyond Journey's End - c112 (v12) - p084 [VIZ Media] [Digital] [1r0n].png,84-84
112,12,84,Frieren - Beyond Journey's End - c112 (v12) - p085 [VIZ Media] [Digital] [1r0n].png,85-85
112,12,85,Frieren - Beyond Journey's End - c112 (v12) - p086 [VIZ Media] [Digital] [1r0n].png,86-86
112,12,86,Frieren - Beyond Journey's End - c112 (v12) - p087 [VIZ Media] [Digital] [1r0n].png,87-87
112,12,87,Frieren - Beyond Journey's End - c112 (v12) - p088 [VIZ Media] [Digital] [1r0n].png,88-88
112,12,88,Frieren - Beyond Journey's End - c112 (v12) - p089 [VIZ Media] [Digital] [1r0n].png,89-89
112,12,89,Frieren - Beyond Journey's End - c112 (v12) - p090 [VIZ Media] [Digital] [1r0n].png,90-90
112,12,90,Frieren - Beyond Journey's End - c112 (v12) - p091 [VIZ Media] [Digital] [1r0n].png,91-91
112,12,91,Frieren - Beyond Journey's End - c112 (v12) - p092 [VIZ Media] [Digital] [1r0n].png,92-92
112,12,92,Frieren - Beyond Journey's End - c112 (v12) - p093 [VIZ Media] [Digital] [1r0n].png,93-93
112,12,93,Frieren - Beyond Journey's End - c112 (v12) - p094 [VIZ Media] [Digital] [1r0n].png,94-94
113,12,94,Frieren - Beyond Journey's End - c113 (v12) - p095 [VIZ Media] [Digital] [1r0n].png,95-95
113,12,95,Frieren - Beyond Journey's End - c113 (v12) - p096 [VIZ Media] [Digital] [1r0n].png,96-96
113,12,96,Frieren - Beyond Journey's End - c113 (v12) - p097 [VIZ Media] [Digital] [1r0n].png,97-97
113,12,97,Frieren - Beyond Journey's End - c113 (v12) - p098 [VIZ Media] [Digital] [1r0n].png,98-98
113,12,98,Frieren - Beyond Journey's End - c113 (v12) - p099 [VIZ Media] [Digital] [1r0n].png,99-99
113,12,99,Frieren - Beyond Journey's End - c113 (v12) - p100 [VIZ Media] [Digital] [1r0n].png,100-100
113,12,100,Frieren - Beyond Journey's End - c113 (v12) - p101 [VIZ Media] [Digital] [1r0n].png,101-101
113,12,101,Frieren - Beyond Journey's End - c113 (v12) - p102 [VIZ Media] [Digital] [1r0n].png,102-102
113,12,102,Frieren - Beyond Journey's End - c113 (v12) - p103 [VIZ Media] [Digital] [1r0n].png,103-103
113,12,103,Frieren - Beyond Journey's End - c113 (v12) - p104 [VIZ Media] [Digital] [1r0n].png,104-104
113,12,104,Frieren - Beyond Journey's End - c113 (v12) - p105 [VIZ Media] [Digital] [1r0n].png,105-105
113,12,105,Frieren - Beyond Journey's End - c113 (v12) - p106 [VIZ Media] [Digital] [1r0n].png,106-106
113,12,106,Frieren - Beyond Journey's End - c113 (v12) - p107 [VIZ Media] [Digital] [1r0n].png,107-107
113,12,107,Frieren - Beyond Journey's End - c113 (v12) - p108 [VIZ Media] [Digital] [1r0n].png,108-108
113,12,108,Frieren - Beyond Journey's End - c113 (v12) - p109 [VIZ Media] [Digital] [1r0n].png,109-109
113,12,109,Frieren - Beyond Journey's End - c113 (v12) - p110 [VIZ Media] [Digital] [1r0n].png,110-110
113,12,110,Frieren - Beyond Journey's End - c113 (v12) - p111 [VIZ Media] [Digital] [1r0n].png,111-111
113,12,111,Frieren - Beyond Journey's End - c113 (v12) - p112 [VIZ Media] [Digital] [1r0n].png,112-112
113,12,112,Frieren - Beyond Journey's End - c113 (v12) - p113 [VIZ Media] [Digital] [1r0n].png,113-113
113,12,113,Frieren - Beyond Journey's End - c113 (v12) - p114 [VIZ Media] [Digital] [1r0n].png,114-114
114,12,114,Frieren - Beyond Journey's End - c114 (v12) - p115 [VIZ Media] [Digital] [1r0n].png,115-115
114,12,115,Frieren - Beyond Journey's End - c114 (v12) - p116 [VIZ Media] [Digital] [1r0n].png,116-116
114,12,116,Frieren - Beyond Journey's End - c114 (v12) - p117 [VIZ Media] [Digital] [1r0n].png,117-117
114,12,117,Frieren - Beyond Journey's End - c114 (v12) - p118 [VIZ Media] [Digital] [1r0n].png,118-118
114,12,118,Frieren - Beyond Journey's End - c114 (v12) - p119 [VIZ Media] [Digital] [1r0n].png,119-119
114,12,119,Frieren - Beyond Journey's End - c114 (v12) - p120 [VIZ Media] [Digital] [1r0n].png,120-120
114,12,120,Frieren - Beyond Journey's End - c114 (v12) - p121 [VIZ Media] [Digital] [1r0n].png,121-121
114,12,121,Frieren - Beyond Journey's End - c114 (v12) - p122 [VIZ Media] [Digital] [1r0n].png,122-122
114,12,122,Frieren - Beyond Journey's End - c114 (v12) - p123 [VIZ Media] [Digital] [1r0n].png,123-123
114,12,123,Frieren - Beyond Journey's End - c114 (v12) - p124 [VIZ Media] [Digital] [1r0n].png,124-124
114,12,124,Frieren - Beyond Journey's End - c114 (v12) - p125 [VIZ Media] [Digital] [1r0n].png,125-125
114,12,125,Frieren - Beyond Journey's End - c114 (v12) - p126 [VIZ Media] [Digital] [1r0n].png,126-126
114,12,126,Frieren - Beyond Journey's End - c114 (v12) - p127 [VIZ Media] [Digital] [1r0n].png,127-127
114,12,127,Frieren - Beyond Journey's End - c114 (v12) - p128 [VIZ Media] [Digital] [1r0n].png,128-128
114,12,128,Frieren - Beyond Journey's End - c114 (v12) - p129 [VIZ Media] [Digital] [1r0n].png,129-129
114,12,129,Frieren - Beyond Journey's End - c114 (v12) - p130 [VIZ Media] [Digital] [1r0n].png,130-130
114,12,130,Frieren - Beyond Journey's End - c114 (v12) - p131 [VIZ Media] [Digital] [1r0n].png,131-131
114,12,131,Frieren - Beyond Journey's End - c114 (v12) - p132 [VIZ Media] [Digital] [1r0n].png,132-132
115,12,132,Frieren - Beyond Journey's End - c115 (v12) - p133 [VIZ Media] [Digital] [1r0n].png,133-133
115,12,133,Frieren - Beyond Journey's End - c115 (v12) - p134 [VIZ Media] [Digital] [1r0n].png,134-134
115,12,134,Frieren - Beyond Journey's End - c115 (v12) - p135 [VIZ Media] [Digital] [1r0n].png,135-135
115,12,135,Frieren - Beyond Journey's End - c115 (v12) - p136 [VIZ Media] [Digital] [1r0n].png,136-136
115,12,136,Frieren - Beyond Journey's End - c115 (v12) - p137 [VIZ Media] [Digital] [1r0n].png,137-137
115,12,137,Frieren - Beyond Journey's End - c115 (v12) - p138 [VIZ Media] [Digital] [1r0n].png,138-138
115,12,138,Frieren - Beyond Journey's End - c115 (v12) - p139 [VIZ Media] [Digital] [1r0n].png,139-139
115,12,139,Frieren - Beyond Journey's End - c115 (v12) - p140 [VIZ Media] [Digital] [1r0n].png,140-140
115,12,140,Frieren - Beyond Journey's End - c115 (v12) - p141 [VIZ Media] [Digital] [1r0n].png,141-141
115,12,141,Frieren - Beyond Journey's End - c115 (v12) - p142 [VIZ Media] [Digital] [1r0n].png,142-142
115,12,142,Frieren - Beyond Journey's End - c115 (v12) - p143 [VIZ Media] [Digital] [1r0n].png,143-143
115,12,143,Frieren - Beyond Journey's End - c115 (v12) - p144 [VIZ Media] [Digital] [1r0n].png,144-144
115,12,144,Frieren - Beyond Journey's End - c115 (v12) - p145 [VIZ Media] [Digital] [1r0n].png,145-145
115,12,145,Frieren - Beyond Journey's End - c115 (v12) - p146 [VIZ Media] [Digital] [1r0n].png,146-146
115,12,146,Frieren - Beyond Journey's End - c115 (v12) - p147 [VIZ Media] [Digital] [1r0n].png,147-147
115,12,147,Frieren - Beyond Journey's End - c115 (v12) - p148 [VIZ Media] [Digital] [1r0n].png,148-148
115,12,148,Frieren - Beyond Journey's End - c115 (v12) - p149 [VIZ Media] [Digital] [1r0n].png,149-149
115,12,149,Frieren - Beyond Journey's End - c115 (v12) - p150 [VIZ Media] [Digital] [1r0n].png,150-150
115,12,150,Frieren - Beyond Journey's End - c115 (v12) - p151 [VIZ Media] [Digital] [1r0n].png,151-151
115,12,151,Frieren - Beyond Journey's End - c115 (v12) - p152 [VIZ Media] [Digital] [1r0n].png,152-152
116,12,152,Frieren - Beyond Journey's End - c116 (v12) - p153 [VIZ Media] [Digital] [1r0n].png,153-153
116,12,153,Frieren - Beyond Journey's End - c116 (v12) - p154 [VIZ Media] [Digital] [1r0n].png,154-154
116,12,154,Frieren - Beyond Journey's End - c116 (v12) - p155 [VIZ Media] [Digital] [1r0n].png,155-155
116,12,155,Frieren - Beyond Journey's End - c116 (v12) - p156 [VIZ Media] [Digital] [1r0n].png,156-156
116,12,156,Frieren - Beyond Journey's End - c116 (v12) - p157 [VIZ Media] [Digital] [1r0n].png,157-157
116,12,157,Frieren - Beyond Journey's End - c116 (v12) - p158 [VIZ Media] [Digital] [1r0n].png,158-158
116,12,158,Frieren - Beyond Journey's End - c116 (v12) - p159 [VIZ Media] [Digital] [1r0n].png,159-159
116,12,159,Frieren - Beyond Journey's End - c116 (v12) - p160 [VIZ Media] [Digital] [1r0n].png,160-160
116,12,160,Frieren - Beyond Journey's End - c116 (v12) - p161 [VIZ Media] [Digital] [1r0n].png,161-161
116,12,161,Frieren - Beyond Journey's End - c116 (v12) - p162 [VIZ Media] [Digital] [1r0n].png,162-162
116,12,162,Frieren - Beyond Journey's End - c116 (v12) - p163 [VIZ Media] [Digital] [1r0n].png,163-163
116,12,163,Frieren - Beyond Journey's End - c116 (v12) - p164 [VIZ Media] [Digital] [1r0n].png,164-164
116,12,164,Frieren - Beyond Journey's End - c116 (v12) - p165 [VIZ Media] [Digital] [1r0n].png,165-165
116,12,165,Frieren - Beyond Journey's End - c116 (v12) - p166 [VIZ Media] [Digital] [1r0n].png,166-166
116,12,166,Frieren - Beyond Journey's End - c116 (v12) - p167 [VIZ Media] [Digital] [1r0n].png,167-167
116,12,167,Frieren - Beyond Journey's End - c116 (v12) - p168 [VIZ Media] [Digital] [1r0n].png,168-168
116,12,168,Frieren - Beyond Journey's End - c116 (v12) - p169 [VIZ Media] [Digital] [1r0n].png,169-169
116,12,169,Frieren - Beyond Journey's End - c116 (v12) - p170 [VIZ Media] [Digital] [1r0n].png,170-170
117,12,170,Frieren - Beyond Journey's End - c117 (v12) - p171 [VIZ Media] [Digital] [1r0n].png,171-171
117,12,171,Frieren - Beyond Journey's End - c117 (v12) - p172 [VIZ Media] [Digital] [1r0n].png,172-172
117,12,172,Frieren - Beyond Journey's End - c117 (v12) - p173 [VIZ Media] [Digital] [1r0n].png,173-173
117,12,173,Frieren - Beyond Journey's End - c117 (v12) - p174 [VIZ Media] [Digital] [1r0n].png,174-174
117,12,174,Frieren - Beyond Journey's End - c117 (v12) - p175 [VIZ Media] [Digital] [1r0n].png,175-175
117,12,175,Frieren - Beyond Journey's End - c117 (v12) - p176 [VIZ Media] [Digital] [1r0n].png,176-176
117,12,176,Frieren - Beyond Journey's End - c117 (v12) - p177 [VIZ Media] [Digital] [1r0n].png,177-177
117,12,177,Frieren - Beyond Journey's End - c117 (v12) - p178 [VIZ Media] [Digital] [1r0n].png,178-178
117,12,178,Frieren - Beyond Journey's End - c117 (v12) - p179 [VIZ Media] [Digital] [1r0n].png,179-179
117,12,179,Frieren - Beyond Journey's End - c117 (v12) - p180 [VIZ Media] [Digital] [1r0n].png,180-180
117,12,180,Frieren - Beyond Journey's End - c117 (v12) - p181 [VIZ Media] [Digital] [1r0n].png,181-181
117,12,181,Frieren - Beyond Journey's End - c117 (v12) - p182 [VIZ Media] [Digital] [1r0n].png,182-182
117,12,182,Frieren - Beyond Journey's End - c117 (v12) - p183 [VIZ Media] [Digital] [1r0n].png,183-183
117,12,183,Frieren - Beyond Journey's End - c117 (v12) - p184 [VIZ Media] [Digital] [1r0n].png,184-184
117,12,184,Frieren - Beyond Journey's End - c117 (v12) - p185 [VIZ Media] [Digital] [1r0n].png,185-185
117,12,185,Frieren - Beyond Journey's End - c117 (v12) - p186 [VIZ Media] [Digital] [1r0n].png,186-186
117,12,186,Frieren - Beyond Journey's End - c117 (v12) - p187 [VIZ Media] [Digital] [1r0n].png,187-187
117,12,187,Frieren - Beyond Journey's End - c117 (v12) - p188 [VIZ Media] [Digital] [1r0n].png,188-188
117,12,188,Frieren - Beyond Journey's End - c117 (v12) - p189 [VIZ Media] [Digital] [1r0n].png,189-189
117,12,189,Frieren - Beyond Journey's End - c117 (v12) - p190 [VIZ Media] [Digital] [1r0n].png,190-190
117,12,190,Frieren - Beyond Journey's End - c117 (v12) - p191 [VIZ Media] [Digital] [1r0n].png,191-191
118,13,3,Frieren - Beyond Journey's End - c118 (v13) - p003 [VIZ Media] [Digital] [1r0n].png,3-3
118,13,4,Frieren - Beyond Journey's End - c118 (v13) - p004 [VIZ Media] [Digital] [1r0n].png,4-4
118,13,5,Frieren - Beyond Journey's End - c118 (v13) - p005 [VIZ Media] [Digital] [1r0n].png,5-5
118,13,6,Frieren - Beyond Journey's End - c118 (v13) - p006 [VIZ Media] [Digital] [1r0n].png,6-6
118,13,7,Frieren - Beyond Journey's End - c118 (v13) - p007 [VIZ Media] [Digital] [1r0n].png,7-7
118,13,8,Frieren - Beyond Journey's End - c118 (v13) - p008 [VIZ Media] [Digital] [1r0n].png,8-8
118,13,9,Frieren - Beyond Journey's End - c118 (v13) - p009 [VIZ Media] [Digital] [1r0n].png,9-9
118,13,10,Frieren - Beyond Journey's End - c118 (v13) - p010 [VIZ Media] [Digital] [1r0n].png,10-10
118,13,11,Frieren - Beyond Journey's End - c118 (v13) - p011 [VIZ Media] [Digital] [1r0n].png,11-11
118,13,12,Frieren - Beyond Journey's End - c118 (v13) - p012 [VIZ Media] [Digital] [1r0n].png,12-12
118,13,13,Frieren - Beyond Journey's End - c118 (v13) - p013 [VIZ Media] [Digital] [1r0n].png,13-13
118,13,14,Frieren - Beyond Journey's End - c118 (v13) - p014 [VIZ Media] [Digital] [1r0n].png,14-14
118,13,15,Frieren - Beyond Journey's End - c118 (v13) - p015 [VIZ Media] [Digital] [1r0n].png,15-15
118,13,16,Frieren - Beyond Journey's End - c118 (v13) - p016 [VIZ Media] [Digital] [1r0n].png,16-16
118,13,17,Frieren - Beyond Journey's End - c118 (v13) - p017 [VIZ Media] [Digital] [1r0n].png,17-17
118,13,18,Frieren - Beyond Journey's End - c118 (v13) - p018 [VIZ Media] [Digital] [1r0n].png,18-18
118,13,19,Frieren - Beyond Journey's End - c118 (v13) - p019 [VIZ Media] [Digital] [1r0n].png,19-19
118,13,20,Frieren - Beyond Journey's End - c118 (v13) - p020 [VIZ Media] [Digital] [1r0n].png,20-20
118,13,21,Frieren - Beyond Journey's End - c118 (v13) - p021 [VIZ Media] [Digital] [1r0n].png,21-21
118,13,22,Frieren - Beyond Journey's End - c118 (v13) - p022 [VIZ Media] [Digital] [1r0n].png,22-22
118,13,23,Frieren - Beyond Journey's End - c118 (v13) - p023 [VIZ Media] [Digital] [1r0n].png,23-23
118,13,24,Frieren - Beyond Journey's End - c118 (v13) - p024 [VIZ Media] [Digital] [1r0n].png,24-24
119,13,25,Frieren - Beyond Journey's End - c119 (v13) - p025 [VIZ Media] [Digital] [1r0n].png,25-25
119,13,26,Frieren - Beyond Journey's End - c119 (v13) - p026 [VIZ Media] [Digital] [1r0n].png,26-26
119,13,27,Frieren - Beyond Journey's End - c119 (v13) - p027 [VIZ Media] [Digital] [1r0n].png,27-27
119,13,28,Frieren - Beyond Journey's End - c119 (v13) - p028 [VIZ Media] [Digital] [1r0n].png,28-28
119,13,29,Frieren - Beyond Journey's End - c119 (v13) - p029 [VIZ Media] [Digital] [1r0n].png,29-29
119,13,30,Frieren - Beyond Journey's End - c119 (v13) - p030 [VIZ Media] [Digital] [1r0n].png,30-30
119,13,31,Frieren - Beyond Journey's End - c119 (v13) - p031 [VIZ Media] [Digital] [1r0n].png,31-31
119,13,32,Frieren - Beyond Journey's End - c119 (v13) - p032 [VIZ Media] [Digital] [1r0n].png,32-32
119,13,33,Frieren - Beyond Journey's End - c119 (v13) - p033 [VIZ Media] [Digital] [1r0n].png,33-33
119,13,34,Frieren - Beyond Journey's End - c119 (v13) - p034 [VIZ Media] [Digital] [1r0n].png,34-34
119,13,35,Frieren - Beyond Journey's End - c119 (v13) - p035 [VIZ Media] [Digital] [1r0n].png,35-35
119,13,36,Frieren - Beyond Journey's End - c119 (v13) - p036 [VIZ Media] [Digital] [1r0n].png,36-36
119,13,37,Frieren - Beyond Journey's End - c119 (v13) - p037 [VIZ Media] [Digital] [1r0n].png,37-37
119,13,38,Frieren - Beyond Journey's End - c119 (v13) - p038 [VIZ Media] [Digital] [1r0n].png,38-38
119,13,39,Frieren - Beyond Journey's End - c119 (v13) - p039 [VIZ Media] [Digital] [1r0n].png,39-39
119,13,40,Frieren - Beyond Journey's End - c119 (v13) - p040 [VIZ Media] [Digital] [1r0n].png,40-40
119,13,41,Frieren - Beyond Journey's End - c119 (v13) - p041 [VIZ Media] [Digital] [1r0n].png,41-41
119,13,42,Frieren - Beyond Journey's End - c119 (v13) - p042 [VIZ Media] [Digital] [1r0n].png,42-42
120,13,43,Frieren - Beyond Journey's End - c120 (v13) - p043 [VIZ Media] [Digital] [1r0n].png,43-43
120,13,44,Frieren - Beyond Journey's End - c120 (v13) - p044 [VIZ Media] [Digital] [1r0n].png,44-44
120,13,45,Frieren - Beyond Journey's End - c120 (v13) - p045 [VIZ Media] [Digital] [1r0n].png,45-45
120,13,46,Frieren - Beyond Journey's End - c120 (v13) - p046 [VIZ Media] [Digital] [1r0n].png,46-46
120,13,47,Frieren - Beyond Journey's End - c120 (v13) - p047 [VIZ Media] [Digital] [1r0n].png,47-47
120,13,48,Frieren - Beyond Journey's End - c120 (v13) - p048 [VIZ Media] [Digital] [1r0n].png,48-48
120,13,49,Frieren - Beyond Journey's End - c120 (v13) - p049 [VIZ Media] [Digital] [1r0n].png,49-49
120,13,50,Frieren - Beyond Journey's End - c120 (v13) - p050 [VIZ Media] [Digital] [1r0n].png,50-50
120,13,51,Frieren - Beyond Journey's End - c120 (v13) - p051 [VIZ Media] [Digital] [1r0n].png,51-51
120,13,52,Frieren - Beyond Journey's End - c120 (v13) - p052 [VIZ Media] [Digital] [1r0n].png,52-52
120,13,53,Frieren - Beyond Journey's End - c120 (v13) - p053 [VIZ Media] [Digital] [1r0n].png,53-53
120,13,54,Frieren - Beyond Journey's End - c120 (v13) - p054 [VIZ Media] [Digital] [1r0n].png,54-54
120,13,55,Frieren - Beyond Journey's End - c120 (v13) - p055 [VIZ Media] [Digital] [1r0n].png,55-55
120,13,56,Frieren - Beyond Journey's End - c120 (v13) - p056 [VIZ Media] [Digital] [1r0n].png,56-56
120,13,57,Frieren - Beyond Journey's End - c120 (v13) - p057 [VIZ Media] [Digital] [1r0n].png,57-57
120,13,58,Frieren - Beyond Journey's End - c120 (v13) - p058 [VIZ Media] [Digital] [1r0n].png,58-58
120,13,59,Frieren - Beyond Journey's End - c120 (v13) - p059 [VIZ Media] [Digital] [1r0n].png,59-59
120,13,60,Frieren - Beyond Journey's End - c120 (v13) - p060 [VIZ Media] [Digital] [1r0n].png,60-60
121,13,61,Frieren - Beyond Journey's End - c121 (v13) - p061 [VIZ Media] [Digital] [1r0n].png,61-61
121,13,62,Frieren - Beyond Journey's End - c121 (v13) - p062 [VIZ Media] [Digital] [1r0n].png,62-62
121,13,63,Frieren - Beyond Journey's End - c121 (v13) - p063 [VIZ Media] [Digital] [1r0n].png,63-63
121,13,64,Frieren - Beyond Journey's End - c121 (v13) - p064 [VIZ Media] [Digital] [1r0n].png,64-64
121,13,65,Frieren - Beyond Journey's End - c121 (v13) - p065 [VIZ Media] [Digital] [1r0n].png,65-65
121,13,66,Frieren - Beyond Journey's End - c121 (v13) - p066 [VIZ Media] [Digital] [1r0n].png,66-66
121,13,67,Frieren - Beyond Journey's End - c121 (v13) - p067 [VIZ Media] [Digital] [1r0n].png,67-67
121,13,68,Frieren - Beyond Journey's End - c121 (v13) - p068 [VIZ Media] [Digital] [1r0n].png,68-68
121,13,69,Frieren - Beyond Journey's End - c121 (v13) - p069 [VIZ Media] [Digital] [1r0n].png,69-69
121,13,70,Frieren - Beyond Journey's End - c121 (v13) - p070 [VIZ Media] [Digital] [1r0n].png,70-70
121,13,71,Frieren - Beyond Journey's End - c121 (v13) - p071 [VIZ Media] [Digital] [1r0n].png,71-71
121,13,72,Frieren - Beyond Journey's End - c121 (v13) - p072 [VIZ Media] [Digital] [1r0n].png,72-72
121,13,73,Frieren - Beyond Journey's End - c121 (v13) - p073 [VIZ Media] [Digital] [1r0n].png,73-73
121,13,74,Frieren - Beyond Journey's End - c121 (v13) - p074 [VIZ Media] [Digital] [1r0n].png,74-74
121,13,75,Frieren - Beyond Journey's End - c121 (v13) - p075 [VIZ Media] [Digital] [1r0n].png,75-75
121,13,76,Frieren - Beyond Journey's End - c121 (v13) - p076 [VIZ Media] [Digital] [1r0n].png,76-76
121,13,77,Frieren - Beyond Journey's End - c121 (v13) - p077 [VIZ Media] [Digital] [1r0n].png,77-77
121,13,78,Frieren - Beyond Journey's End - c121 (v13) - p078 [VIZ Media] [Digital] [1r0n].png,78-78
121,13,79,Frieren - Beyond Journey's End - c121 (v13) - p079 [VIZ Media] [Digital] [1r0n].png,79-79
121,13,80,Frieren - Beyond Journey's End - c121 (v13) - p080 [VIZ Media] [Digital] [1r0n].png,80-80
122,13,81,Frieren - Beyond Journey's End - c122 (v13) - p081 [VIZ Media] [Digital] [1r0n].png,81-81
122,13,82,Frieren - Beyond Journey's End - c122 (v13) - p082 [VIZ Media] [Digital] [1r0n].png,82-82
122,13,83,Frieren - Beyond Journey's End - c122 (v13) - p083 [VIZ Media] [Digital] [1r0n].png,83-83
122,13,84,Frieren - Beyond Journey's End - c122 (v13) - p084 [VIZ Media] [Digital] [1r0n].png,84-84
122,13,85,Frieren - Beyond Journey's End - c122 (v13) - p085 [VIZ Media] [Digital] [1r0n].png,85-85
122,13,86,Frieren - Beyond Journey's End - c122 (v13) - p086 [VIZ Media] [Digital] [1r0n].png,86-86
122,13,87,Frieren - Beyond Journey's End - c122 (v13) - p087 [VIZ Media] [Digital] [1r0n].png,87-87
122,13,88,Frieren - Beyond Journey's End - c122 (v13) - p088 [VIZ Media] [Digital] [1r0n].png,88-88
122,13,89,Frieren - Beyond Journey's End - c122 (v13) - p089 [VIZ Media] [Digital] [1r0n].png,89-89
122,13,90,Frieren - Beyond Journey's End - c122 (v13) - p090 [VIZ Media] [Digital] [1r0n].png,90-90
122,13,91,Frieren - Beyond Journey's End - c122 (v13) - p091 [VIZ Media] [Digital] [1r0n].png,91-91
122,13,92,Frieren - Beyond Journey's End - c122 (v13) - p092 [VIZ Media] [Digital] [1r0n].png,92-92
122,13,93,Frieren - Beyond Journey's End - c122 (v13) - p093 [VIZ Media] [Digital] [1r0n].png,93-93
122,13,94,Frieren - Beyond Journey's End - c122 (v13) - p094 [VIZ Media] [Digital] [1r0n].png,94-94
122,13,95,Frieren - Beyond Journey's End - c122 (v13) - p095 [VIZ Media] [Digital] [1r0n].png,95-95
122,13,96,Frieren - Beyond Journey's End - c122 (v13) - p096 [VIZ Media] [Digital] [1r0n].png,96-96
122,13,97,Frieren - Beyond Journey's End - c122 (v13) - p097 [VIZ Media] [Digital] [1r0n].png,97-97
122,13,98,Frieren - Beyond Journey's End - c122 (v13) - p098 [VIZ Media] [Digital] [1r0n].png,98-98
123,13,99,Frieren - Beyond Journey's End - c123 (v13) - p099 [VIZ Media] [Digital] [1r0n].png,99-99
123,13,100,Frieren - Beyond Journey's End - c123 (v13) - p100 [VIZ Media] [Digital] [1r0n].png,100-100
123,13,101,Frieren - Beyond Journey's End - c123 (v13) - p101 [VIZ Media] [Digital] [1r0n].png,101-101
123,13,102,Frieren - Beyond Journey's End - c123 (v13) - p102 [VIZ Media] [Digital] [1r0n].png,102-102
123,13,103,Frieren - Beyond Journey's End - c123 (v13) - p103 [VIZ Media] [Digital] [1r0n].png,103-103
123,13,104,Frieren - Beyond Journey's End - c123 (v13) - p104 [VIZ Media] [Digital] [1r0n].png,104-104
123,13,105,Frieren - Beyond Journey's End - c123 (v13) - p105 [VIZ Media] [Digital] [1r0n].png,105-105
123,13,106,Frieren - Beyond Journey's End - c123 (v13) - p106 [VIZ Media] [Digital] [1r0n].png,106-106
123,13,107,Frieren - Beyond Journey's End - c123 (v13) - p107 [VIZ Media] [Digital] [1r0n].png,107-107
123,13,108,Frieren - Beyond Journey's End - c123 (v13) - p108 [VIZ Media] [Digital] [1r0n].png,108-108
123,13,109,Frieren - Beyond Journey's End - c123 (v13) - p109 [VIZ Media] [Digital] [1r0n].png,109-109
123,13,110,Frieren - Beyond Journey's End - c123 (v13) - p110 [VIZ Media] [Digital] [1r0n].png,110-110
123,13,111,Frieren - Beyond Journey's End - c123 (v13) - p111 [VIZ Media] [Digital] [1r0n].png,111-111
123,13,112,Frieren - Beyond Journey's End - c123 (v13) - p112 [VIZ Media] [Digital] [1r0n].png,112-112
123,13,113,Frieren - Beyond Journey's End - c123 (v13) - p113 [VIZ Media] [Digital] [1r0n].png,113-113
123,13,114,Frieren - Beyond Journey's End - c123 (v13) - p114 [VIZ Media] [Digital] [1r0n].png,114-114
123,13,115,Frieren - Beyond Journey's End - c123 (v13) - p115 [VIZ Media] [Digital] [1r0n].png,115-115
123,13,116,Frieren - Beyond Journey's End - c123 (v13) - p116 [VIZ Media] [Digital] [1r0n].png,116-116
124,13,117,Frieren - Beyond Journey's End - c124 (v13) - p117 [VIZ Media] [Digital] [1r0n].png,117-117
124,13,118,Frieren - Beyond Journey's End - c124 (v13) - p118 [VIZ Media] [Digital] [1r0n].png,118-118
124,13,119,Frieren - Beyond Journey's End - c124 (v13) - p119 [VIZ Media] [Digital] [1r0n].png,119-119
124,13,120,Frieren - Beyond Journey's End - c124 (v13) - p120 [VIZ Media] [Digital] [1r0n].png,120-120
124,13,121,Frieren - Beyond Journey's End - c124 (v13) - p121 [VIZ Media] [Digital] [1r0n].png,121-121
124,13,122,Frieren - Beyond Journey's End - c124 (v13) - p122 [VIZ Media] [Digital] [1r0n].png,122-122
124,13,123,Frieren - Beyond Journey's End - c124 (v13) - p123 [VIZ Media] [Digital] [1r0n].png,123-123
124,13,124,Frieren - Beyond Journey's End - c124 (v13) - p124 [VIZ Media] [Digital] [1r0n].png,124-124
124,13,125,Frieren - Beyond Journey's End - c124 (v13) - p125 [VIZ Media] [Digital] [1r0n].png,125-125
124,13,126,Frieren - Beyond Journey's End - c124 (v13) - p126 [VIZ Media] [Digital] [1r0n].png,126-126
124,13,127,Frieren - Beyond Journey's End - c124 (v13) - p127 [VIZ Media] [Digital] [1r0n].png,127-127
124,13,128,Frieren - Beyond Journey's End - c124 (v13) - p128 [VIZ Media] [Digital] [1r0n].png,128-128
124,13,129,Frieren - Beyond Journey's End - c124 (v13) - p129 [VIZ Media] [Digital] [1r0n].png,129-129
124,13,130,Frieren - Beyond Journey's End - c124 (v13) - p130 [VIZ Media] [Digital] [1r0n].png,130-130
124,13,131,Frieren - Beyond Journey's End - c124 (v13) - p131 [VIZ Media] [Digital] [1r0n].png,131-131
124,13,132,Frieren - Beyond Journey's End - c124 (v13) - p132 [VIZ Media] [Digital] [1r0n].png,132-132
124,13,133,Frieren - Beyond Journey's End - c124 (v13) - p133 [VIZ Media] [Digital] [1r0n].png,133-133
124,13,134,Frieren - Beyond Journey's End - c124 (v13) - p134 [VIZ Media] [Digital] [1r0n].png,134-134
125,13,135,Frieren - Beyond Journey's End - c125 (v13) - p135 [VIZ Media] [Digital] [1r0n].png,135-135
125,13,136,Frieren - Beyond Journey's End - c125 (v13) - p136 [VIZ Media] [Digital] [1r0n].png,136-136
125,13,137,Frieren - Beyond Journey's End - c125 (v13) - p137 [VIZ Media] [Digital] [1r0n].png,137-137
125,13,138,Frieren - Beyond Journey's End - c125 (v13) - p138 [VIZ Media] [Digital] [1r0n].png,138-138
125,13,139,Frieren - Beyond Journey's End - c125 (v13) - p139 [VIZ Media] [Digital] [1r0n].png,139-139
125,13,140,Frieren - Beyond Journey's End - c125 (v13) - p140 [VIZ Media] [Digital] [1r0n].png,140-140
125,13,141,Frieren - Beyond Journey's End - c125 (v13) - p141 [VIZ Media] [Digital] [1r0n].png,141-141
125,13,142,Frieren - Beyond Journey's End - c125 (v13) - p142 [VIZ Media] [Digital] [1r0n].png,142-142
125,13,143,Frieren - Beyond Journey's End - c125 (v13) - p143 [VIZ Media] [Digital] [1r0n].png,143-143
125,13,144,Frieren - Beyond Journey's End - c125 (v13) - p144 [VIZ Media] [Digital] [1r0n].png,144-144
125,13,145,Frieren - Beyond Journey's End - c125 (v13) - p145 [VIZ Media] [Digital] [1r0n].png,145-145
125,13,146,Frieren - Beyond Journey's End - c125 (v13) - p146 [VIZ Media] [Digital] [1r0n].png,146-146
125,13,147,Frieren - Beyond Journey's End - c125 (v13) - p147 [VIZ Media] [Digital] [1r0n].png,147-147
125,13,148,Frieren - Beyond Journey's End - c125 (v13) - p148 [VIZ Media] [Digital] [1r0n].png,148-148
125,13,149,Frieren - Beyond Journey's End - c125 (v13) - p149 [VIZ Media] [Digital] [1r0n].png,149-149
125,13,150,Frieren - Beyond Journey's End - c125 (v13) - p150 [VIZ Media] [Digital] [1r0n].png,150-150
125,13,151,Frieren - Beyond Journey's End - c125 (v13) - p151 [VIZ Media] [Digital] [1r0n].png,151-151
125,13,152,Frieren - Beyond Journey's End - c125 (v13) - p152 [VIZ Media] [Digital] [1r0n].png,152-152
125,13,153,Frieren - Beyond Journey's End - c125 (v13) - p153 [VIZ Media] [Digital] [1r0n].png,153-153
125,13,154,Frieren - Beyond Journey's End - c125 (v13) - p154 [VIZ Media] [Digital] [1r0n].png,154-154
126,13,155,Frieren - Beyond Journey's End - c126 (v13) - p155 [VIZ Media] [Digital] [1r0n].png,155-155
126,13,156,Frieren - Beyond Journey's End - c126 (v13) - p156 [VIZ Media] [Digital] [1r0n].png,156-156
126,13,157,Frieren - Beyond Journey's End - c126 (v13) - p157 [VIZ Media] [Digital] [1r0n].png,157-157
126,13,158,Frieren - Beyond Journey's End - c126 (v13) - p158 [VIZ Media] [Digital] [1r0n].png,158-158
126,13,159,Frieren - Beyond Journey's End - c126 (v13) - p159 [VIZ Media] [Digital] [1r0n].png,159-159
126,13,160,Frieren - Beyond Journey's End - c126 (v13) - p160 [VIZ Media] [Digital] [1r0n].png,160-160
126,13,161,Frieren - Beyond Journey's End - c126 (v13) - p161 [VIZ Media] [Digital] [1r0n].png,161-161
126,13,162,Frieren - Beyond Journey's End - c126 (v13) - p162 [VIZ Media] [Digital] [1r0n].png,162-162
126,13,163,Frieren - Beyond Journey's End - c126 (v13) - p163 [VIZ Media] [Digital] [1r0n].png,163-163
126,13,164,Frieren - Beyond Journey's End - c126 (v13) - p164 [VIZ Media] [Digital] [1r0n].png,164-164
126,13,165,Frieren - Beyond Journey's End - c126 (v13) - p165 [VIZ Media] [Digital] [1r0n].png,165-165
126,13,166,Frieren - Beyond Journey's End - c126 (v13) - p166 [VIZ Media] [Digital] [1r0n].png,166-166
126,13,167,Frieren - Beyond Journey's End - c126 (v13) - p167 [VIZ Media] [Digital] [1r0n].png,167-167
126,13,168,Frieren - Beyond Journey's End - c126 (v13) - p168 [VIZ Media] [Digital] [1r0n].png,168-168
126,13,169,Frieren - Beyond Journey's End - c126 (v13) - p169 [VIZ Media] [Digital] [1r0n].png,169-169
126,13,170,Frieren - Beyond Journey's End - c126 (v13) - p170 [VIZ Media] [Digital] [1r0n].png,170-170
126,13,171,Frieren - Beyond Journey's End - c126 (v13) - p171 [VIZ Media] [Digital] [1r0n].png,171-171
126,13,172,Frieren - Beyond Journey's End - c126 (v13) - p172 [VIZ Media] [Digital] [1r0n].png,172-172
127,13,173,Frieren - Beyond Journey's End - c127 (v13) - p173 [VIZ Media] [Digital] [1r0n].png,173-173
127,13,174,Frieren - Beyond Journey's End - c127 (v13) - p174 [VIZ Media] [Digital] [1r0n].png,174-174
127,13,175,Frieren - Beyond Journey's End - c127 (v13) - p175 [VIZ Media] [Digital] [1r0n].png,175-175
127,13,176,Frieren - Beyond Journey's End - c127 (v13) - p176 [VIZ Media] [Digital] [1r0n].png,176-176
127,13,177,Frieren - Beyond Journey's End - c127 (v13) - p177 [VIZ Media] [Digital] [1r0n].png,177-177
127,13,178,Frieren - Beyond Journey's End - c127 (v13) - p178 [VIZ Media] [Digital] [1r0n].png,178-178
127,13,179,Frieren - Beyond Journey's End - c127 (v13) - p179 [VIZ Media] [Digital] [1r0n].png,179-179
127,13,180,Frieren - Beyond Journey's End - c127 (v13) - p180 [VIZ Media] [Digital] [1r0n].png,180-180
127,13,181,Frieren - Beyond Journey's End - c127 (v13) - p181 [VIZ Media] [Digital] [1r0n].png,181-181
127,13,182,Frieren - Beyond Journey's End - c127 (v13) - p182 [VIZ Media] [Digital] [1r0n].png,182-182
127,13,183,Frieren - Beyond Journey's End - c127 (v13) - p183 [VIZ Media] [Digital] [1r0n].png,183-183
127,13,184,Frieren - Beyond Journey's End - c127 (v13) - p184 [VIZ Media] [Digital] [1r0n].png,184-184
127,13,185,Frieren - Beyond Journey's End - c127 (v13) - p185 [VIZ Media] [Digital] [1r0n].png,185-185
127,13,186,Frieren - Beyond Journey's End - c127 (v13) - p186 [VIZ Media] [Digital] [1r0n].png,186-186
127,13,187,Frieren - Beyond Journey's End - c127 (v13) - p187 [VIZ Media] [Digital] [1r0n].png,187-187
127,13,188,Frieren - Beyond Journey's End - c127 (v13) - p188 [VIZ Media] [Digital] [1r0n].png,188-188
127,13,189,Frieren - Beyond Journey's End - c127 (v13) - p189 [VIZ Media] [Digital] [1r0n].png,189-189
127,13,190,Frieren - Beyond Journey's End - c127 (v13) - p190 [VIZ Media] [Digital] [1r0n].png,190-190
127,13,191,Frieren - Beyond Journey's End - c127 (v13) - p191 [VIZ Media] [Digital] [1r0n].png,191-191
127,13,192,Frieren - Beyond Journey's End - c127 (v13) - p192 [VIZ Media] [Digital] [1r0n].png,192-192
128,14,3,Frieren - Beyond Journey's End - c128 (v14) - p003 [VIZ Media] [Digital] [1r0n].jpg,3-3
128,14,4,Frieren - Beyond Journey's End - c128 (v14) - p004 [VIZ Media] [Digital] [1r0n].png,4-4
128,14,5,Frieren - Beyond Journey's End - c128 (v14) - p005 [VIZ Media] [Digital] [1r0n].png,5-5
128,14,6,Frieren - Beyond Journey's End - c128 (v14) - p006 [VIZ Media] [Digital] [1r0n].png,6-6
128,14,7,Frieren - Beyond Journey's End - c128 (v14) - p007 [VIZ Media] [Digital] [1r0n].png,7-7
128,14,8,Frieren - Beyond Journey's End - c128 (v14) - p008 [VIZ Media] [Digital] [1r0n].png,8-8
128,14,9,Frieren - Beyond Journey's End - c128 (v14) - p009 [VIZ Media] [Digital] [1r0n].png,9-9
128,14,10,Frieren - Beyond Journey's End - c128 (v14) - p010 [VIZ Media] [Digital] [1r0n].png,10-10
128,14,11,Frieren - Beyond Journey's End - c128 (v14) - p011 [VIZ Media] [Digital] [1r0n].png,11-11
128,14,12,Frieren - Beyond Journey's End - c128 (v14) - p012 [VIZ Media] [Digital] [1r0n].png,12-12
128,14,13,Frieren - Beyond Journey's End - c128 (v14) - p013 [VIZ Media] [Digital] [1r0n].png,13-13
128,14,14,Frieren - Beyond Journey's End - c128 (v14) - p014 [VIZ Media] [Digital] [1r0n].png,14-14
128,14,15,Frieren - Beyond Journey's End - c128 (v14) - p015 [VIZ Media] [Digital] [1r0n].png,15-15
128,14,16,Frieren - Beyond Journey's End - c128 (v14) - p016 [VIZ Media] [Digital] [1r0n].png,16-16
128,14,17,Frieren - Beyond Journey's End - c128 (v14) - p017 [VIZ Media] [Digital] [1r0n].png,17-17
128,14,18,Frieren - Beyond Journey's End - c128 (v14) - p018 [VIZ Media] [Digital] [1r0n].png,18-18
128,14,19,Frieren - Beyond Journey's End - c128 (v14) - p019 [VIZ Media] [Digital] [1r0n].png,19-19
128,14,20,Frieren - Beyond Journey's End - c128 (v14) - p020 [VIZ Media] [Digital] [1r0n].png,20-20
128,14,21,Frieren - Beyond Journey's End - c128 (v14) - p021 [VIZ Media] [Digital] [1r0n].png,21-21
128,14,22,Frieren - Beyond Journey's End - c128 (v14) - p022 [VIZ Media] [Digital] [1r0n].png,22-22
129,14,23,Frieren - Beyond Journey's End - c129 (v14) - p023 [VIZ Media] [Digital] [1r0n].jpg,23-23
129,14,24,Frieren - Beyond Journey's End - c129 (v14) - p024 [VIZ Media] [Digital] [1r0n].png,24-24
129,14,25,Frieren - Beyond Journey's End - c129 (v14) - p025 [VIZ Media] [Digital] [1r0n].png,25-25
129,14,26,Frieren - Beyond Journey's End - c129 (v14) - p026 [VIZ Media] [Digital] [1r0n].png,26-26
129,14,27,Frieren - Beyond Journey's End - c129 (v14) - p027 [VIZ Media] [Digital] [1r0n].png,27-27
129,14,28,Frieren - Beyond Journey's End - c129 (v14) - p028 [VIZ Media] [Digital] [1r0n].png,28-28
129,14,29,Frieren - Beyond Journey's End - c129 (v14) - p029 [VIZ Media] [Digital] [1r0n].png,29-29
129,14,30,Frieren - Beyond Journey's End - c129 (v14) - p030 [VIZ Media] [Digital] [1r0n].png,30-30
129,14,31,Frieren - Beyond Journey's End - c129 (v14) - p031 [VIZ Media] [Digital] [1r0n].png,31-31
129,14,32,Frieren - Beyond Journey's End - c129 (v14) - p032 [VIZ Media] [Digital] [1r0n].png,32-32
129,14,33,Frieren - Beyond Journey's End - c129 (v14) - p033 [VIZ Media] [Digital] [1r0n].png,33-33
129,14,34,Frieren - Beyond Journey's End - c129 (v14) - p034 [VIZ Media] [Digital] [1r0n].png,34-34
129,14,35,Frieren - Beyond Journey's End - c129 (v14) - p035 [VIZ Media] [Digital] [1r0n].png,35-35
129,14,36,Frieren - Beyond Journey's End - c129 (v14) - p036 [VIZ Media] [Digital] [1r0n].png,36-36
129,14,37,Frieren - Beyond Journey's End - c129 (v14) - p037 [VIZ Media] [Digital] [1r0n].png,37-37
129,14,38,Frieren - Beyond Journey's End - c129 (v14) - p038 [VIZ Media] [Digital] [1r0n].png,38-38
129,14,39,Frieren - Beyond Journey's End - c129 (v14) - p039 [VIZ Media] [Digital] [1r0n].png,39-39
129,14,40,Frieren - Beyond Journey's End - c129 (v14) - p040 [VIZ Media] [Digital] [1r0n].png,40-40
130,14,41,Frieren - Beyond Journey's End - c130 (v14) - p041 [VIZ Media] [Digital] [1r0n].jpg,41-41
130,14,42,Frieren - Beyond Journey's End - c130 (v14) - p042 [VIZ Media] [Digital] [1r0n].png,42-42
130,14,43,Frieren - Beyond Journey's End - c130 (v14) - p043 [VIZ Media] [Digital] [1r0n].png,43-43
130,14,44,Frieren - Beyond Journey's End - c130 (v14) - p044 [VIZ Media] [Digital] [1r0n].png,44-44
130,14,45,Frieren - Beyond Journey's End - c130 (v14) - p045 [VIZ Media] [Digital] [1r0n].png,45-45
130,14,46,Frieren - Beyond Journey's End - c130 (v14) - p046 [VIZ Media] [Digital] [1r0n].png,46-46
130,14,47,Frieren - Beyond Journey's End - c130 (v14) - p047 [VIZ Media] [Digital] [1r0n].png,47-47
130,14,48,Frieren - Beyond Journey's End - c130 (v14) - p048 [VIZ Media] [Digital] [1r0n].png,48-48
130,14,49,Frieren - Beyond Journey's End - c130 (v14) - p049 [VIZ Media] [Digital] [1r0n].png,49-49
130,14,50,Frieren - Beyond Journey's End - c130 (v14) - p050 [VIZ Media] [Digital] [1r0n].png,50-50
130,14,51,Frieren - Beyond Journey's End - c130 (v14) - p051 [VIZ Media] [Digital] [1r0n].png,51-51
130,14,52,Frieren - Beyond Journey's End - c130 (v14) - p052 [VIZ Media] [Digital] [1r0n].png,52-52
130,14,53,Frieren - Beyond Journey's End - c130 (v14) - p053 [VIZ Media] [Digital] [1r0n].png,53-53
130,14,54,Frieren - Beyond Journey's End - c130 (v14) - p054 [VIZ Media] [Digital] [1r0n].png,54-54
130,14,55,Frieren - Beyond Journey's End - c130 (v14) - p055 [VIZ Media] [Digital] [1r0n].png,55-55
130,14,56,Frieren - Beyond Journey's End - c130 (v14) - p056 [VIZ Media] [Digital] [1r0n].png,56-56
130,14,57,Frieren - Beyond Journey's End - c130 (v14) - p057 [VIZ Media] [Digital] [1r0n].png,57-57
130,14,58,Frieren - Beyond Journey's End - c130 (v14) - p058 [VIZ Media] [Digital] [1r0n].png,58-58
130,14,59,Frieren - Beyond Journey's End - c130 (v14) - p059 [VIZ Media] [Digital] [1r0n].png,59-59
130,14,60,Frieren - Beyond Journey's End - c130 (v14) - p060 [VIZ Media] [Digital] [1r0n].png,60-60
131,14,61,Frieren - Beyond Journey's End - c131 (v14) - p061 [VIZ Media] [Digital] [1r0n].jpg,61-61
131,14,62,Frieren - Beyond Journey's End - c131 (v14) - p062 [VIZ Media] [Digital] [1r0n].png,62-62
131,14,63,Frieren - Beyond Journey's End - c131 (v14) - p063 [VIZ Media] [Digital] [1r0n].png,63-63
131,14,64,Frieren - Beyond Journey's End - c131 (v14) - p064 [VIZ Media] [Digital] [1r0n].png,64-64
131,14,65,Frieren - Beyond Journey's End - c131 (v14) - p065 [VIZ Media] [Digital] [1r0n].png,65-65
131,14,66,Frieren - Beyond Journey's End - c131 (v14) - p066 [VIZ Media] [Digital] [1r0n].png,66-66
131,14,67,Frieren - Beyond Journey's End - c131 (v14) - p067 [VIZ Media] [Digital] [1r0n].png,67-67
131,14,68,Frieren - Beyond Journey's End - c131 (v14) - p068 [VIZ Media] [Digital] [1r0n].png,68-68
131,14,69,Frieren - Beyond Journey's End - c131 (v14) - p069 [VIZ Media] [Digital] [1r0n].png,69-69
131,14,70,Frieren - Beyond Journey's End - c131 (v14) - p070 [VIZ Media] [Digital] [1r0n].png,70-70
131,14,71,Frieren - Beyond Journey's End - c131 (v14) - p071 [VIZ Media] [Digital] [1r0n].png,71-71
131,14,72,Frieren - Beyond Journey's End - c131 (v14) - p072 [VIZ Media] [Digital] [1r0n].png,72-72
131,14,73,Frieren - Beyond Journey's End - c131 (v14) - p073 [VIZ Media] [Digital] [1r0n].png,73-73
131,14,74,Frieren - Beyond Journey's End - c131 (v14) - p074 [VIZ Media] [Digital] [1r0n].png,74-74
131,14,75,Frieren - Beyond Journey's End - c131 (v14) - p075 [VIZ Media] [Digital] [1r0n].png,75-75
131,14,76,Frieren - Beyond Journey's End - c131 (v14) - p076 [VIZ Media] [Digital] [1r0n].png,76-76
131,14,77,Frieren - Beyond Journey's End - c131 (v14) - p077 [VIZ Media] [Digital] [1r0n].png,77-77
131,14,78,Frieren - Beyond Journey's End - c131 (v14) - p078 [VIZ Media] [Digital] [1r0n].png,78-78
131,14,79,Frieren - Beyond Journey's End - c131 (v14) - p079 [VIZ Media] [Digital] [1r0n].png,79-79
131,14,80,Frieren - Beyond Journey's End - c131 (v14) - p080 [VIZ Media] [Digital] [1r0n].png,80-80
132,14,81,Frieren - Beyond Journey's End - c132 (v14) - p081 [VIZ Media] [Digital] [1r0n].jpg,81-81
132,14,82,Frieren - Beyond Journey's End - c132 (v14) - p082 [VIZ Media] [Digital] [1r0n].png,82-82
132,14,83,Frieren - Beyond Journey's End - c132 (v14) - p083 [VIZ Media] [Digital] [1r0n].png,83-83
132,14,84,Frieren - Beyond Journey's End - c132 (v14) - p084 [VIZ Media] [Digital] [1r0n].png,84-84
132,14,85,Frieren - Beyond Journey's End - c132 (v14) - p085 [VIZ Media] [Digital] [1r0n].png,85-85
132,14,86,Frieren - Beyond Journey's End - c132 (v14) - p086 [VIZ Media] [Digital] [1r0n].png,86-86
132,14,87,Frieren - Beyond Journey's End - c132 (v14) - p087 [VIZ Media] [Digital] [1r0n].png,87-87
132,14,88,Frieren - Beyond Journey's End - c132 (v14) - p088 [VIZ Media] [Digital] [1r0n].png,88-88
132,14,89,Frieren - Beyond Journey's End - c132 (v14) - p089 [VIZ Media] [Digital] [1r0n].png,89-89
132,14,90,Frieren - Beyond Journey's End - c132 (v14) - p090 [VIZ Media] [Digital] [1r0n].png,90-90
132,14,91,Frieren - Beyond Journey's End - c132 (v14) - p091 [VIZ Media] [Digital] [1r0n].png,91-91
132,14,92,Frieren - Beyond Journey's End - c132 (v14) - p092 [VIZ Media] [Digital] [1r0n].png,92-92
132,14,93,Frieren - Beyond Journey's End - c132 (v14) - p093 [VIZ Media] [Digital] [1r0n].png,93-93
132,14,94,Frieren - Beyond Journey's End - c132 (v14) - p094 [VIZ Media] [Digital] [1r0n].png,94-94
132,14,95,Frieren - Beyond Journey's End - c132 (v14) - p095 [VIZ Media] [Digital] [1r0n].png,95-95
132,14,96,Frieren - Beyond Journey's End - c132 (v14) - p096 [VIZ Media] [Digital] [1r0n].png,96-96
132,14,97,Frieren - Beyond Journey's End - c132 (v14) - p097 [VIZ Media] [Digital] [1r0n].png,97-97
132,14,98,Frieren - Beyond Journey's End - c132 (v14) - p098 [VIZ Media] [Digital] [1r0n].png,98-98
132,14,99,Frieren - Beyond Journey's End - c132 (v14) - p099 [VIZ Media] [Digital] [1r0n].png,99-99
132,14,100,Frieren - Beyond Journey's End - c132 (v14) - p100 [VIZ Media] [Digital] [1r0n].png,100-100
133,14,101,Frieren - Beyond Journey's End - c133 (v14) - p101 [VIZ Media] [Digital] [1r0n].jpg,101-101
133,14,102,Frieren - Beyond Journey's End - c133 (v14) - p102 [VIZ Media] [Digital] [1r0n].png,102-102
133,14,103,Frieren - Beyond Journey's End - c133 (v14) - p103 [VIZ Media] [Digital] [1r0n].png,103-103
133,14,104,Frieren - Beyond Journey's End - c133 (v14) - p104 [VIZ Media] [Digital] [1r0n].png,104-104
133,14,105,Frieren - Beyond Journey's End - c133 (v14) - p105 [VIZ Media] [Digital] [1r0n].png,105-105
133,14,106,Frieren - Beyond Journey's End - c133 (v14) - p106 [VIZ Media] [Digital] [1r0n].png,106-106
133,14,107,Frieren - Beyond Journey's End - c133 (v14) - p107 [VIZ Media] [Digital] [1r0n].png,107-107
133,14,108,Frieren - Beyond Journey's End - c133 (v14) - p108 [VIZ Media] [Digital] [1r0n].png,108-108
133,14,109,Frieren - Beyond Journey's End - c133 (v14) - p109 [VIZ Media] [Digital] [1r0n].png,109-109
133,14,110,Frieren - Beyond Journey's End - c133 (v14) - p110 [VIZ Media] [Digital] [1r0n].png,110-110
133,14,111,Frieren - Beyond Journey's End - c133 (v14) - p111 [VIZ Media] [Digital] [1r0n].png,111-111
133,14,112,Frieren - Beyond Journey's End - c133 (v14) - p112 [VIZ Media] [Digital] [1r0n].png,112-112
133,14,113,Frieren - Beyond Journey's End - c133 (v14) - p113 [VIZ Media] [Digital] [1r0n].png,113-113
133,14,114,Frieren - Beyond Journey's End - c133 (v14) - p114 [VIZ Media] [Digital] [1r0n].png,114-114
133,14,115,Frieren - Beyond Journey's End - c133 (v14) - p115 [VIZ Media] [Digital] [1r0n].png,115-115
133,14,116,Frieren - Beyond Journey's End - c133 (v14) - p116 [VIZ Media] [Digital] [1r0n].png,116-116
133,14,117,Frieren - Beyond Journey's End - c133 (v14) - p117 [VIZ Media] [Digital] [1r0n].png,117-117
133,14,118,Frieren - Beyond Journey's End - c133 (v14) - p118 [VIZ Media] [Digital] [1r0n].png,118-118
134,14,119,Frieren - Beyond Journey's End - c134 (v14) - p119 [VIZ Media] [Digital] [1r0n].jpg,119-119
134,14,120,Frieren - Beyond Journey's End - c134 (v14) - p120 [VIZ Media] [Digital] [1r0n].png,120-120
134,14,121,Frieren - Beyond Journey's End - c134 (v14) - p121 [VIZ Media] [Digital] [1r0n].png,121-121
134,14,122,Frieren - Beyond Journey's End - c134 (v14) - p122 [VIZ Media] [Digital] [1r0n].png,122-122
134,14,123,Frieren - Beyond Journey's End - c134 (v14) - p123 [VIZ Media] [Digital] [1r0n].png,123-123
134,14,124,Frieren - Beyond Journey's End - c134 (v14) - p124 [VIZ Media] [Digital] [1r0n].png,124-124
134,14,125,Frieren - Beyond Journey's End - c134 (v14) - p125 [VIZ Media] [Digital] [1r0n].png,125-125
134,14,126,Frieren - Beyond Journey's End - c134 (v14) - p126 [VIZ Media] [Digital] [1r0n].png,126-126
134,14,127,Frieren - Beyond Journey's End - c134 (v14) - p127 [VIZ Media] [Digital] [1r0n].png,127-127
134,14,128,Frieren - Beyond Journey's End - c134 (v14) - p128 [VIZ Media] [Digital] [1r0n].png,128-128
134,14,129,Frieren - Beyond Journey's End - c134 (v14) - p129 [VIZ Media] [Digital] [1r0n].png,129-129
134,14,130,Frieren - Beyond Journey's End - c134 (v14) - p130 [VIZ Media] [Digital] [1r0n].png,130-130
134,14,131,Frieren - Beyond Journey's End - c134 (v14) - p131 [VIZ Media] [Digital] [1r0n].png,131-131
134,14,132,Frieren - Beyond Journey's End - c134 (v14) - p132 [VIZ Media] [Digital] [1r0n].png,132-132
134,14,133,Frieren - Beyond Journey's End - c134 (v14) - p133 [VIZ Media] [Digital] [1r0n].png,133-133
134,14,134,Frieren - Beyond Journey's End - c134 (v14) - p134 [VIZ Media] [Digital] [1r0n].png,134-134
134,14,135,Frieren - Beyond Journey's End - c134 (v14) - p135 [VIZ Media] [Digital] [1r0n].png,135-135
134,14,136,Frieren - Beyond Journey's End - c134 (v14) - p136 [VIZ Media] [Digital] [1r0n].png,136-136
135,14,137,Frieren - Beyond Journey's End - c135 (v14) - p137 [VIZ Media] [Digital] [1r0n].jpg,137-137
135,14,138,Frieren - Beyond Journey's End - c135 (v14) - p138-p139 [VIZ Media] [Digital] [1r0n].jpg,138-139
135,14,139,Frieren - Beyond Journey's End - c135 (v14) - p140 [VIZ Media] [Digital] [1r0n].png,140-140
135,14,140,Frieren - Beyond Journey's End - c135 (v14) - p141 [VIZ Media] [Digital] [1r0n].png,141-141
135,14,141,Frieren - Beyond Journey's End - c135 (v14) - p142 [VIZ Media] [Digital] [1r0n].png,142-142
135,14,142,Frieren - Beyond Journey's End - c135 (v14) - p143 [VIZ Media] [Digital] [1r0n].png,143-143
135,14,143,Frieren - Beyond Journey's End - c135 (v14) - p144 [VIZ Media] [Digital] [1r0n].png,144-144
135,14,144,Frieren - Beyond Journey's End - c135 (v14) - p145 [VIZ Media] [Digital] [1r0n].png,145-145
135,14,145,Frieren - Beyond Journey's End - c135 (v14) - p146 [VIZ Media] [Digital] [1r0n].png,146-146
135,14,146,Frieren - Beyond Journey's End - c135 (v14) - p147 [VIZ Media] [Digital] [1r0n].png,147-147
135,14,147,Frieren - Beyond Journey's End - c135 (v14) - p148 [VIZ Media] [Digital] [1r0n].png,148-148
135,14,148,Frieren - Beyond Journey's End - c135 (v14) - p149 [VIZ Media] [Digital] [1r0n].png,149-149
135,14,149,Frieren - Beyond Journey's End - c135 (v14) - p150 [VIZ Media] [Digital] [1r0n].png,150-150
135,14,150,Frieren - Beyond Journey's End - c135 (v14) - p151 [VIZ Media] [Digital] [1r0n].png,151-151
135,14,151,Frieren - Beyond Journey's End - c135 (v14) - p152 [VIZ Media] [Digital] [1r0n].png,152-152
135,14,152,Frieren - Beyond Journey's End - c135 (v14) - p153 [VIZ Media] [Digital] [1r0n].png,153-153
135,14,153,Frieren - Beyond Journey's End - c135 (v14) - p154 [VIZ Media] [Digital] [1r0n].png,154-154
136,14,154,Frieren - Beyond Journey's End - c136 (v14) - p155 [VIZ Media] [Digital] [1r0n].jpg,155-155
136,14,155,Frieren - Beyond Journey's End - c136 (v14) - p156 [VIZ Media] [Digital] [1r0n].png,156-156
136,14,156,Frieren - Beyond Journey's End - c136 (v14) - p157 [VIZ Media] [Digital] [1r0n].png,157-157
136,14,157,Frieren - Beyond Journey's End - c136 (v14) - p158 [VIZ Media] [Digital] [1r0n].png,158-158
136,14,158,Frieren - Beyond Journey's End - c136 (v14) - p159 [VIZ Media] [Digital] [1r0n].png,159-159
136,14,159,Frieren - Beyond Journey's End - c136 (v14) - p160 [VIZ Media] [Digital] [1r0n].png,160-160
136,14,160,Frieren - Beyond Journey's End - c136 (v14) - p161 [VIZ Media] [Digital] [1r0n].png,161-161
136,14,161,Frieren - Beyond Journey's End - c136 (v14) - p162 [VIZ Media] [Digital] [1r0n].png,162-162
136,14,162,Frieren - Beyond Journey's End - c136 (v14) - p163 [VIZ Media] [Digital] [1r0n].png,163-163
136,14,163,Frieren - Beyond Journey's End - c136 (v14) - p164 [VIZ Media] [Digital] [1r0n].png,164-164
136,14,164,Frieren - Beyond Journey's End - c136 (v14) - p165 [VIZ Media] [Digital] [1r0n].png,165-165
136,14,165,Frieren - Beyond Journey's End - c136 (v14) - p166 [VIZ Media] [Digital] [1r0n].png,166-166
136,14,166,Frieren - Beyond Journey's End - c136 (v14) - p167 [VIZ Media] [Digital] [1r0n].png,167-167
136,14,167,Frieren - Beyond Journey's End - c136 (v14) - p168 [VIZ Media] [Digital] [1r0n].png,168-168
136,14,168,Frieren - Beyond Journey's End - c136 (v14) - p169 [VIZ Media] [Digital] [1r0n].png,169-169
136,14,169,Frieren - Beyond Journey's End - c136 (v14) - p170 [VIZ Media] [Digital] [1r0n].png,170-170
136,14,170,Frieren - Beyond Journey's End - c136 (v14) - p171 [VIZ Media] [Digital] [1r0n].png,171-171
136,14,171,Frieren - Beyond Journey's End - c136 (v14) - p172 [VIZ Media] [Digital] [1r0n].png,172-172
137,14,172,Frieren - Beyond Journey's End - c137 (v14) - p173 [VIZ Media] [Digital] [1r0n].jpg,173-173
137,14,173,Frieren - Beyond Journey's End - c137 (v14) - p174 [VIZ Media] [Digital] [1r0n].png,174-174
137,14,174,Frieren - Beyond Journey's End - c137 (v14) - p175 [VIZ Media] [Digital] [1r0n].png,175-175
137,14,175,Frieren - Beyond Journey's End - c137 (v14) - p176 [VIZ Media] [Digital] [1r0n].png,176-176
137,14,176,Frieren - Beyond Journey's End - c137 (v14) - p177 [VIZ Media] [Digital] [1r0n].png,177-177
137,14,177,Frieren - Beyond Journey's End - c137 (v14) - p178 [VIZ Media] [Digital] [1r0n].png,178-178
137,14,178,Frieren - Beyond Journey's End - c137 (v14) - p179 [VIZ Media] [Digital] [1r0n].png,179-179
137,14,179,Frieren - Beyond Journey's End - c137 (v14) - p180 [VIZ Media] [Digital] [1r0n].png,180-180
137,14,180,Frieren - Beyond Journey's End - c137 (v14) - p181 [VIZ Media] [Digital] [1r0n].png,181-181
137,14,181,Frieren - Beyond Journey's End - c137 (v14) - p182 [VIZ Media] [Digital] [1r0n].png,182-182
137,14,182,Frieren - Beyond Journey's End - c137 (v14) - p183 [VIZ Media] [Digital] [1r0n].png,183-183
137,14,183,Frieren - Beyond Journey's End - c137 (v14) - p184 [VIZ Media] [Digital] [1r0n].png,184-184
137,14,184,Frieren - Beyond Journey's End - c137 (v14) - p185 [VIZ Media] [Digital] [1r0n].png,185-185
137,14,185,Frieren - Beyond Journey's End - c137 (v14) - p186 [VIZ Media] [Digital] [1r0n].png,186-186
137,14,186,Frieren - Beyond Journey's End - c137 (v14) - p187 [VIZ Media] [Digital] [1r0n].png,187-187
137,14,187,Frieren - Beyond Journey's End - c137 (v14) - p188 [VIZ Media] [Digital] [1r0n].png,188-188
137,14,188,Frieren - Beyond Journey's End - c137 (v14) - p189 [VIZ Media] [Digital] [1r0n].png,189-189
137,14,189,Frieren - Beyond Journey's End - c137 (v14) - p190 [VIZ Media] [Digital] [1r0n].png,190-190
137,14,190,Frieren - Beyond Journey's End - c137 (v14) - p191 [VIZ Media] [Digital] [1r0n].png,191-191
137,14,191,Frieren - Beyond Journey's End - c137 (v14) - p192 [VIZ Media] [Digital] [1r0n].jpg,192-192
