number,title,url,pages,summary,characters
1,The Journey's End,https://frieren.fandom.com/wiki/Chapter_1,37,"The Hero Party makes a triumphant return to the Royal Capital after vanquishing the Demon King. The party includes Himmel the Hero, Eisen the Warrior, Heiter the Priest, and Frieren the Mage. As the party members celebrate, they reminisce about their long ten-year adventure. However, Frieren, being an Elf, felt it was short, as time passes differently for elves. Nevertheless, all of them were glad to have been able to adventure together. At the same time, the party watches the Era Meteors occur, and they all vow to meet again to watch the meteor shower again fifty years later.
The next day, the party members go their separate ways, with Frieren going on a journey to acquire more magic. In her pursuit of magic, she travels far and wide, which finally leads her back to the Royal Capital five decades later. She finds Himmel to have grown very old. Meanwhile, Frieren herself does not look a day older. Together, they meet Eisen, who hasn't changed much appearance-wise, as he is a dwarf, and Heiter, who has also aged like Himmel as a fellow human. Together, the hero's party once more goes to see the Era Meteors in a location a week's walk from the capital. They venture through many places, reminding Himmel of the memories of days past, finally reaching the place where they witness the Era Meteors once again. Shortly afterward, Himmel passes away, seemingly content. At his funeral, Frieren begins to cry, unaware of the reason why, as she simply traveled with him for a mere ten years. She questions why she never thought about getting to know him more given the short length of a human's lifespan. After the funeral, the party disbands once more, and Frieren goes on a voyage to acquire magic while also deciding to get to know humans better as well.","[{""name"": ""Himmel"", ""type"": ""Debut""}, {""name"": ""Frieren"", ""type"": ""Debut""}, {""name"": ""Eisen"", ""type"": ""Debut""}, {""name"": ""Heiter"", ""type"": ""Debut""}, {""name"": ""Demon King"", ""type"": ""Mentioned""}, {""name"": ""The King"", ""link"": ""List of Characters/Minor#Unnamed Characters""}, {""name"": ""Magic store owner"", ""link"": ""List of Characters/Minor#Beyond Journey's End Arc""}, {""name"": ""Gossiping ladies"", ""link"": ""List of Characters/Minor#Beyond Journey's End Arc""}]"
2,The Priest's Lie,https://frieren.fandom.com/wiki/Chapter_2,34,"Twenty years after Himmel the Hero's passing, Frieren is lost in a forest in the Holy City of Strahl trying to find the home of Heiter. A young girl finds Frieren and takes her to her house where she meets Heiter, who is now very elderly. The young girl, whose name is Fern, turns out to be a war orphan from the Southern Lands adopted by Heiter. Frieren reveals that she came to repay Heiter before he died, but when Heiter requests Frieren to adopt Fern as her disciple, she refuses, saying she will only be a burden. Heiter then asks Frieren to instead decipher a grimoire that supposedly contains records of lost resurrection and immortality spells. Frieren states that it might take five or six years, and Heiter also asks Frieren to teach Fern some magic during that time. 
Four years pass, and Frieren deciphers most of the grimoire and trains Fern to a point that would take an average person ten years to reach. One day, Heiter collapses. Frieren tells Fern, who is training in the forest, to take a break and go stay by his side. Fern refuses, saying she has yet to strike down a high rock from a distance, which would prove that she is capable of surviving on her own. Fern remembers how when she was younger, she was about to commit suicide after losing her parents in the war. Heiter stopped her and told her it would be a waste for her to die, as all the beloved memories she made her with parents would disappear from the world as well. Fern expresses her determination to repay Heiter by learning how to survive on her own, and so Frieren lets her be. 
Some more time passes, and Fern finally manages to strike the rock. Frieren finishes deciphering the grimoire, finding that neither resurrection nor immortality were recorded within. Heiter reveals that he was aware of this, and he only asked Frieren to decipher the grimoire to buy enough time for Fern to reach a level where she could be Frieren's disciple. Frieren asks Heiter why he saved Fern, and he answers that Himmel would have done the same. In his final days, Heiter makes a few more memories with Fern before ultimately passing away. After his burial, Frieren pours alcohol over Heiter's grave, and together with Fern, she continues her journey to acquire more magic.","[{""name"": ""Frieren""}, {""name"": ""Fern"", ""type"": ""Debut""}, {""name"": ""Heiter""}, {""name"": ""Goddess of Creation"", ""type"": ""Mentioned""}, {""name"": ""Ewig the Sage"", ""type"": ""Mentioned""}, {""name"": ""Fern's parents"", ""type"": ""Pictured"", ""link"": ""List of Characters/Minor#Unnamed Characters""}, {""name"": ""Himmel"", ""type"": ""Flashback""}, {""name"": ""Eisen"", ""type"": ""Flashback""}]"
3,Blue-Moon Weed,https://frieren.fandom.com/wiki/Chapter_3,34,"Twenty-six years after the Hero Himmel's passing, Frieren and Fern are in the Turk Region. They have been doing simple jobs for strange magic as rewards such as helping out a pumpkin farmer with the harvest. They come upon a village whose herbalist lady asks them to clean a statue of the Hero Himmel, who once fought for the village when a monster attacked it. After cleaning it up, the herbalist thanks them, and thinks of planting some flowers around the statue to add more color. Frieren almost uses magic that can produce flower beds, but she stops and decides that a blue-moon weed flower would be best, although she has never seen it before, as it is the flower of Himmel's hometown. She asks the herbalist, who takes the duo back to her shop, and explains that long ago, all the flower fields within the forest were destroyed, and there has not been a sighting of blue-moon weed for several decades on the continent. Meanwhile, Fern tries to hide a couple of seed rats, which are harmful animals that eat seeds, in her cloak but gets caught by Frieren, so she returns it to the forest. The duo decides to look for some blue-moon weed, because if they are able to analyze a live specimen, they will acquire magic that will allow them to make the flowers bloom. Six months pass, and they still have not found any blue-moon weed. Although this is a trivial amount of time for Frieren, Fern starts becoming impatient. Alone, she goes to the herbalist and explains that Frieren should not be spending her time on something nonexistent. The herbalist gives her a pouch of seeds of a related species as a substitute and tells Fern to convey her feelings to Frieren. Fern talks to Frieren, who understands and says they will stop after a little more searching. At the same time, a seed rat steals the pouch of seeds and runs away. The duo pursues it and eventually reaches an abandoned watchtower where many seed rats can be seen. Frieren picks up a flower petal that was on the ground near it. She explains that seed rats hide their feed by burying it in a safe place, but they often forget where they hide them. Frieren flies up to the top of the watchtower, and finds a multitude of blue-moon weed flowers. She analyzes a specimen and plants the flowers around Himmel's statue. The herbalist thanks them, and Frieren and Fern continue their voyage.","[{""name"": ""Fern""}, {""name"": ""Frieren""}, {""name"": ""Turk Region farmer"", ""link"": ""List of Characters/Minor#Unnamed Characters""}, {""name"": ""Herbalist"", ""link"": ""List of Characters/Minor#Unnamed Characters""}, {""name"": ""Himmel"", ""type"": ""Flashback""}, {""name"": ""Heiter"", ""type"": ""Flashback""}, {""name"": ""Eisen"", ""type"": ""Flashback""}]"
4,The Mage's Secret,https://frieren.fandom.com/wiki/Chapter_4,18,"Twenty-seven years after the Hero Himmel's passing, Frieren and Fern are in Warm. Frieren decides they should split up to replenish supplies for their journey. However, Fern feels Frieren is hiding something from her, so she starts tailing her. Fern sees Frieren spend a lot of time in front of an accessory shop before buying something. After that, she goes to a bar and asks where she can find some desserts. She talks to some rough-looking adventurers and then heads back to the inn. Fern quickly finishes her shopping before also returning. Frieren decides that they should go eat some tasty food as it has been a while. Frieren tells Fern to choose whatever she wants as she has some secret savings. Fern asks what Frieren will have, but answers before her as she could already tell. This causes Frieren to recall a memory with the hero party where Himmel also guessed correctly what Frieren wanted to have. She apologizes to Fern, as she does not know a thing about her, and she hands her a gift for Fern's birthday, which is a hair ornament. Fern is delighted and she thanks Frieren. She tells Frieren that her attempts to get to know more about Fern give her overwhelming bliss. The next day, Frieren and Fern continue their voyage, with Fern now wearing her new hair ornament. She asks Frieren if there is some goal to their journey. She replies that it is just out of interest to gather magic, and also to retrace the steps she took with the Hero Party as much as possible before they fade away.","[{""name"": ""Frieren""}, {""name"": ""Fern""}, {""name"": ""Rough adventurers"", ""link"": ""List of Characters/Minor#Unnamed Characters""}, {""name"": ""Himmel"", ""type"": ""Flashback""}, {""name"": ""Eisen"", ""type"": ""Flashback""}, {""name"": ""Heiter"", ""type"": ""Flashback""}]"
5,Killing Magic,https://frieren.fandom.com/wiki/Chapter_5,20,"Twenty-seven years after the Hero Himmel's passing, Frieren and Fern are in the Größe Forest. Frieren is training Fern on defensive magic. Defensive magic is powerful, but it burns a lot of mana. It is directly linked to their survival. After training Frieren and Fern arrive in a village. An elder villager takes them to the place where Qual, the Elder Sage of Corruption, was sealed. Qual is a demon that committed immeasurable atrocities on the land 80 years ago and the Hero Party sealed him away. Frieren came to eliminate him as the seal is going to be undone soon. They reach the place and Frieren decides to remove the seal the next day and dispose of Qual. Back at the village inn, Frieren explains to Fern that she sealed Qual because he was too powerful to beat. He developed Zoltraak, the first piercing magic in history, which could pierce all of mankind's defensive magics. The next day, Frieren undoes Qual's seal, and he fires Zoltraak at the duo. Fern easily blocks it with her defensive magic, making her comment that Zoltraak was just ordinary offensive magic. Frieren explains that Qual's magic was overly powerful, but in just a few years after his sealing, Zoltraak was analyzed and mankind was able to develop powerful defensive magics to defend against it. Qual is able to deduce that defensive magic is taxing on one's mana and fires a barrage of Zoltraak spells at them. However, Fern is still able to defend the duo as she has already witnessed this in training. Frieren fires Zoltraak at Qual, destroying him with his own magic. Frieren and Fern return to the village and the villagers show them their gratitude, and they continue their voyage.","[{""name"": ""Frieren""}, {""name"": ""Fern""}, {""name"": ""Straw hat villager"", ""link"": ""List of Characters/Minor#Beyond Journey's End Arc""}, {""name"": ""Qual"", ""type"": ""Debut""}, {""name"": ""Himmel"", ""type"": ""Flashback""}, {""name"": ""Eisen"", ""type"": ""Flashback""}, {""name"": ""Heiter"", ""type"": ""Flashback""}]"
6,New Year's Festival,https://frieren.fandom.com/wiki/Chapter_6,18,"[[File:Frieren and Fern observe the debris CH6.png|thumb|left|200px|Frieren and Fern inspecting the debris on the coast.]]
Twenty-eight years after the Hero Himmel's passing, Frieren and Fern are in the Granz Channel. A village elder requests them to clean up the coast from washed-up debris, rewarding them with a book by the Great Mage Flamme, albeit only a counterfeit. Frieren still accepts the request, and the duo is able to clean up the coast in time for the New Year's Festival. Together, they witness the breathtaking sunrise reflecting off the pristine sea, just as the other members of the Hero Party once did.","[{""name"": ""Frieren""}, {""name"": ""Fern""}, {""name"": ""Granz Channel village chief"", ""link"": ""List of Characters/Minor#Beyond Journey's End Arc""}, {""name"": ""Bakery owner"", ""link"": ""List of Characters/Minor#Beyond Journey's End Arc""}, {""name"": ""Himmel"", ""type"": ""Flashback""}, {""name"": ""Eisen"", ""type"": ""Flashback""}, {""name"": ""Heiter"", ""type"": ""Flashback""}]"
7,The Land Where Souls Rest,https://frieren.fandom.com/wiki/Chapter_7,21,"During a flashback of the Hero Party's visit at Eisen's home, Heiter sees a couple of graves, which are Eisen's family, and starts praying for them. Eisen believes that people turn to dust after they die, and Heiter states that they go to Heaven. He believes Heaven exists because it would be better that way. The rest of the Hero Party also starts praying for Eisen's family, including Eisen.
Twenty-eight years after the Hero Himmel's passing, Frieren and Fern are in the Bredt Region visiting Eisen's home. Frieren offers to help Eisen with anything, and he requests she help him search for the Great Mage Flamme's notes in the Voll Basin, which supposedly contain records of her having conversed with the dead. He wants to find them so Frieren can tell Himmel about how she wanted to get to know him better. They finally find a great tree engulfing some ruins, which are being protected by a powerful barrier. Frieren recalls a memory from a thousand years ago when her master Flamme planted the sapling, that would become a thousand year old tree. Flamme tells Frieren that one day she will make a grave mistake and want to get to know people more and to come back to the Voll Basin so that she can guide her. Frieren enters the ruins and finds the real notes of Flamme. They said that Flamme reached Aureole, or Heaven, and spoke with her former comrades there. It is revealed that Aureole is in Ende, where the Demon King's Castle is right now. Frieren and Fern decide to head to Aureole, the land where souls rest.","[{""name"": ""Heiter"", ""type"": ""Flashback""}, {""name"": ""Himmel"", ""type"": ""Flashback""}, {""name"": ""Eisen""}, {""name"": ""Frieren""}, {""name"": ""Fern""}, {""name"": ""Flamme"", ""type"": ""Flashback Debut""}]"
8,One One-Hundredth,https://frieren.fandom.com/wiki/Chapter_8,18,"After finding Flamme's notes, Eisen, Frieren, and Fern take a carriage back to Eisen's home. While Frieren sleeps, Eisen and Fern converse about how Frieren is a good teacher. Eisen sees them off at the border of the Bredt Region and tells Frieren how her ten-year journey with the Hero Party has changed her.","[{""name"": ""Eisen""}, {""name"": ""Frieren""}, {""name"": ""Fern""}, {""name"": ""Heiter"", ""type"": ""Flashback""}, {""name"": ""Himmel"", ""type"": ""Flashback""}]"
9,Phantoms of the Dead,https://frieren.fandom.com/wiki/Chapter_9,19,"Twenty-eight years after the Hero Himmel's passing, Frieren and Fern are in the Wille Region. They reach a village whose people are disappearing after going over the mountain pass, supposedly taken by ghosts. The next day, the duo investigates and finds out the Einsam, Phantom Demons,{{Note|While the Einsam are referred to as ""Phantom Demons,"" they are considered monsters and do not fall under the category of the human-like demons evolved from monsters. The kanji of ""demon"" in ""Phantom Demon"" is ""鬼"" (''oni''), while the kanji for the evolved-from-monsters demons is ""魔族"" (''mazoku'').}} are causing the disappearances. Frieren and Fern find and defeat him, and continue their voyage towards Aureole.","[{""name"": ""Frieren""}, {""name"": ""Fern""}, {""name"": ""Marketeer lady"", ""type"": ""Debut"", ""link"": ""List of Characters/Minor#Beyond Journey's End Arc""}, {""name"": ""Heiter"", ""type"": ""Flashback""}, {""name"": ""Himmel"", ""type"": ""Phantom""}]"
10,Solar Dragon,https://frieren.fandom.com/wiki/Chapter_10,22,"Twenty-eight years after the Hero Himmel's passing, Frieren and Fern are in the Riegel Canyon. They try to defeat a Solar Dragon to get the grimoire in its nest but fail. So they think it is best to get a vanguard, Stark, who is living in a village along the canyons and is also Eisen's disciple. They meet an old granny who takes them to Stark. Along the way, she tells them Stark came to the village three years ago and saved them from the Solar Dragon, which was attacking the village. They meet Stark and find out that he is a coward who only managed to save the village three years back because the dragon left. Frieren gives him one night to decide whether to help them or not. At night, Fern hears a loud sound and goes to check on Stark, who she finds to be training.","[{""name"": ""Frieren""}, {""name"": ""Fern""}, {""name"": ""Eisen"", ""type"": ""Flashback""}, {""name"": ""Granny and kids"", ""type"": ""Debut"", ""link"": ""List of Characters/Minor#Beyond Journey's End Arc""}, {""name"": ""Stark"", ""type"": ""Debut""}, {""name"": ""Himmel"", ""type"": ""Flashback""}, {""name"": ""Heiter"", ""type"": ""Flashback""}, {""name"": ""Husband and wife"", ""type"": ""Debut"", ""link"": ""List of Characters/Minor#Beyond Journey's End Arc""}]"
11,The Hero of the Village,https://frieren.fandom.com/wiki/Chapter_11,20,"After Fern finds Stark, she asks why he still trains and he replies that it is because he is a hero to the villagers, so he must protect the village, although he feels like he will run away. Fern believes he will not run away and tells him that he only needs to resolve himself. The next day, Stark is able to defeat the Solar Dragon without needing Frieren and Fern's help, and he joins their party.","[{""name"": ""Fern""}, {""name"": ""Stark""}, {""name"": ""Eisen"", ""type"": ""Flashback""}, {""name"": ""Frieren""}, {""name"": ""Heiter"", ""type"": ""Flashback""}, {""name"": ""Himmel"", ""type"": ""Flashback""}, {""name"": ""Hero of the South"", ""type"": ""Mentioned""}, {""name"": ""Granny and kids"", ""type"": ""Appears"", ""link"": ""List of Characters/Minor#Beyond Journey's End Arc""}, {""name"": ""Husband and wife"", ""type"": ""Appears"", ""link"": ""List of Characters/Minor#Beyond Journey's End Arc""}]"
12,The Northern Checkpoint,https://frieren.fandom.com/wiki/Chapter_12,19,"Twenty-eight years after the Hero Himmel's passing, Frieren, Fern, and Stark are in Waal. Entry to the Northern Lands has been prohibited because monster activity is brimming, so Frieren decides they can relax in Waal for the time being. Fern discovers that they might have to stay in the city for two years, so she and Stark try to find another passage to the north, but to no avail. Stark does not want to stay too long as he wants to experience a deplorable yet fun journey and share his tales with Eisen.
Fortunately, the Castellan of Waal finds out Frieren is present, and as thanks for her prior service to the city and in consideration of the plight of the Northern Lands, allows her party to pass through the barrier. With great fanfare, the trio continue their voyage into the north.","[{""name"": ""Frieren""}, {""name"": ""Fern""}, {""name"": ""Stark""}, {""name"": ""Captain of the Guard"", ""type"": ""Debut"", ""link"": ""List of Characters/Minor#Beyond Journey's End Arc""}, {""name"": ""Passersby"", ""type"": ""Debut"", ""link"": ""List of Characters/Minor#Beyond Journey's End Arc""}, {""name"": ""Bartender"", ""type"": ""Debut"", ""link"": ""List of Characters/Minor#Beyond Journey's End Arc""}, {""name"": ""Eisen"", ""type"": ""Flashback""}, {""name"": ""Castellan of Waal"", ""type"": ""Debut"", ""link"": ""List of Characters/Minor#Beyond Journey's End Arc""}, {""name"": ""Himmel"", ""type"": ""Flashback""}, {""name"": ""Heiter"", ""type"": ""Flashback""}]"
13,Liberation Festival,https://frieren.fandom.com/wiki/Chapter_13,18,"Twenty-eight years after the Hero Himmel's passing, Frieren, Fern, and Stark are on the Eng Road. They travel with a merchant after clearing the road which had been blocked due to a landslide. When they reach the town, they find out the Liberation Festival is taking place the same night, which commemorates the day the Hero Party subjugated the demon that was oppressing the region. The townspeople celebrate by decorating the statues of the Hero Party. The merchant tells Frieren that it is on this day everyone remembers Himmel and his party, making her recall a memory of when Himmel told her he makes statues of himself and the party so that Frieren would not be alone in the future. They reach the town and see the statues decorated with flowers. The next day, the trio continues their voyage towards Heaven.","[{""name"": ""Heiter"", ""type"": ""Flashback""}, {""name"": ""Himmel"", ""type"": ""Flashback""}, {""name"": ""Eisen"", ""type"": ""Flashback""}, {""name"": ""Flamme"", ""type"": ""Mentioned""}, {""name"": ""Frieren""}, {""name"": ""Fern""}, {""name"": ""Stark""}, {""name"": ""Merchant"", ""type"": ""Debut"", ""link"": ""List of Characters/Minor#Beyond Journey's End Arc""}]"
14,Monsters That Speak,https://frieren.fandom.com/wiki/Chapter_14,19,"Twenty-eight years after the Hero Himmel's passing, Frieren, Fern, and Stark are in Graf Granat's Domain. As the trio walks into town, Frieren senses some demons and tries to kill them, but she is stopped by the town's guards. The demons, led by Lord Lügner, are supposedly messengers of peace, but Frieren calls them incomprehensible wild beasts that mimic human voices. She is then thrown into the mansion dungeon. Fern and Stark investigate and find out Aura the Guillotine, a great demon who served the Demon King as one of the Seven Sages of Destruction, has requested peace after being long at war with the town. Frieren states that it is futile to negotiate with demons, as they only use words as a means of deception rather than communication. She decides to break out of the dungeon once the disorder starts. Meanwhile, Lügner wonders where he has seen Frieren before and smiles as she is the only one in town who knows the true nature of demons.","[{""name"": ""Frieren""}, {""name"": ""Fern""}, {""name"": ""Stark""}, {""name"": ""Graf Granat"", ""type"": ""Debut""}, {""name"": ""Lügner"", ""type"": ""Debut""}, {""name"": ""Linie"", ""type"": ""Cameo""}, {""name"": ""Draht"", ""type"": ""Cameo""}, {""name"": ""Jail cell guard"", ""type"": ""Debut"", ""link"": ""List of Characters/Minor#Aura the Guillotine Arc""}, {""name"": ""Demon King"", ""type"": ""Mentioned""}, {""name"": ""Aura"", ""type"": ""Imagined Debut""}, {""name"": ""Himmel"", ""type"": ""Flashback""}, {""name"": ""Heiter"", ""type"": ""Flashback""}, {""name"": ""Eisen"", ""type"": ""Flashback""}, {""name"": ""Young demon girl"", ""type"": ""Flashback Debut"", ""link"": ""List of Characters/Minor#Aura the Guillotine Arc""}, {""name"": ""Bereaved couple"", ""type"": ""Flashback Debut"", ""link"": ""List of Characters/Minor#Aura the Guillotine Arc""}, {""name"": ""Slain village chief"", ""type"": ""Flashback Debut"", ""link"": ""List of Characters/Minor#Aura the Guillotine Arc""}, {""name"": ""Flamme"", ""type"": ""Mentioned""}]"
15,Draht,https://frieren.fandom.com/wiki/Chapter_15,18,"Graf Granat leads Lügner to his son's room and is about to kill him as vengeance for his son. However, Granat empathizes with Lügner when he tells him that his father was also killed by humans in the ongoing human-demon conflict. Lügner reveals to Linie, the demon girl, that this is actually a lie in order to placate the Graf. He tells Linie that their true goal is to get the Graf to release the defensive barrier surrounding the town so that Aura the Guillotine's army can destroy it. Meanwhile, the demon boy, Draht, goes to the dungeon to try to assassinate Frieren. He fails, and she is able to kill him easily, remarking that this is one beast down.","[{""name"": ""Graf Granat""}, {""name"": ""Lügner""}, {""name"": ""Linie"", ""type"": ""Debut""}, {""name"": ""Draht"", ""type"": ""Debut""}, {""name"": ""Graf Granat's son"", ""type"": ""Mentioned"", ""link"": ""List of Characters/Minor#Aura the Guillotine Arc""}, {""name"": ""The King"", ""type"": ""Mentioned"", ""link"": ""List of Characters/Minor#Beyond Journey's End Arc""}, {""name"": ""Aura"", ""type"": ""Imagined""}, {""name"": ""Jail cell guard"", ""type"": ""Debut"", ""link"": ""List of Characters/Minor#Aura the Guillotine Arc""}, {""name"": ""Frieren""}]"
16,The Murder of a Guard,https://frieren.fandom.com/wiki/Chapter_16,18,"After Frieren kills Draht, she exits the dungeon and finds the guard dead. Meanwhile, Fern and Stark have lunch and decide to go appeal to Graf Granat for Frieren's release from prison so she can defeat Aura the Guillotine and her executioners. Meanwhile, Lügner finds out Draht was killed through Linie. Graf Granat confronts Lügner, and when Lügner's excuse falls apart, correctly suspects that Draht killed the guard. Now that his plan has failed, Lügner reveals his true colors and kills the guards and injures Graf Granat. He spares Granat's life so he can lift the protective barrier on the town. As Fern and Stark head to the Graf's estate, Fern spots Frieren stealthily walking while disguised. Frieren tells them what happened in the dungeon, and says that she will leave the town, leaving Fern and Stark to deal with the demons in town, despite Stark's pleas for her to help them. Frieren senses Aura in the distance and decides to quickly finish her off.","[{""name"": ""Frieren""}, {""name"": ""Draht"", ""type"": ""Mentioned""}, {""name"": ""Jail cell guard"", ""link"": ""List of Characters/Minor#Aura the Guillotine Arc""}, {""name"": ""Fern""}, {""name"": ""Stark""}, {""name"": ""Eisen"", ""type"": ""Mentioned""}, {""name"": ""Lügner""}, {""name"": ""Linie""}, {""name"": ""Graf Granat""}, {""name"": ""Aura""}]"
17,Frieren the Slayer,https://frieren.fandom.com/wiki/Chapter_17,21,"After meeting with Frieren, Fern and Stark sneak into Graf Granat's mansion to rescue him. In the meantime, Lügner tries to get Graf Granat to tell him how the barrier magic works, but to no avail. He leaves the Graf to think over it carefully while trying to find a grimoire about it in his mansion. Stark enters the room and tries to free him, but Lügner and Linie return. Stark attacks Lügner but is unable to kill him. However, he gives an opening to Fern who was outside the window to shoot Lügner with magic. Stark and Fern escape with Graf Granat, and Lügner decides they will go after them as soon as he heals. Meanwhile, Frieren descends upon Aura's army.","[{""name"": ""Fern""}, {""name"": ""Stark""}, {""name"": ""Lügner""}, {""name"": ""Qual"", ""type"": ""Imagined""}, {""name"": ""Graf Granat""}, {""name"": ""Linie""}, {""name"": ""Flamme"", ""type"": ""Mentioned""}, {""name"": ""Graf Granat's son"", ""type"": ""Mentioned"", ""link"": ""List of Characters/Minor#Aura the Guillotine Arc""}, {""name"": ""Frieren""}, {""name"": ""Aura""}]"
18,The Undead Army,https://frieren.fandom.com/wiki/Chapter_18,18,"After taking Graf Granat to safety, Stark and Fern tell the Graf that Frieren is innocent. The Graf agrees, telling them she and the Hero Party had protected the town from Aura before. Meanwhile, Frieren confronts Aura who surrounds her with her undead army. Granat reveals that Aura fights with a magic tool known as the Scales of Obedience which weighs Aura's mana against her opponent's. The one with greater mana is then given control over the other and cannot be fully resisted. In her five hundred years serving as one of the Seven Sages of Destruction, not once has Aura lost in a battle of mana. Frieren starts battling Aura's army using an anti-magic, as Himmel scolded her any in the past for blasting the army away. Aura asks why she would do so since Himmel is gone, which angers Frieren and results in her deciding to kill Aura without mercy.","[{""name"": ""Graf Granat""}, {""name"": ""Stark""}, {""name"": ""Fern""}, {""name"": ""Church father"", ""type"": ""Debut"", ""link"": ""List of Characters/Minor#Aura the Guillotine Arc""}, {""name"": ""Himmel"", ""type"": ""Flashback""}, {""name"": ""Eisen"", ""type"": ""Flashback""}, {""name"": ""Heiter"", ""type"": ""Flashback""}, {""name"": ""Frieren""}, {""name"": ""Aura""}, {""name"": ""Graf Granat's son"", ""type"": ""Imagined Debut"", ""link"": ""List of Characters/Minor#Aura the Guillotine Arc""}]"
19,Raid,https://frieren.fandom.com/wiki/Chapter_19,18,"Stark and Fern leave Graf Granat at the church and decide to split up, Stark to find Frieren and Fern to evacuate the town's citizens. They are unexpectedly attacked by Lügner and Linie who separate them. After pinning Fern to a wall using blood magic, Lügner questions her about the whereabouts of Frieren whilst commenting that Stark will not receive a pleasant death. Meanwhile, Stark has engaged in a fight with Linie. After the initial surprise attack by Linie, Stark wonders why her technique is so similar to his Master's. While Lügner is distracted, Fern grabs her staff and breaks out of demon's hold. Lügner tells Fern that she would lose her head first if she attacked, for he has spent the greater part of his life dedicated to honing his magic. Fern remembers Frieren telling her that Fern's strength lies in her casting speed. She tells Lügner that she, too, has spent the greater part of her life dedicated to magic before blasting him with a large-scale spell.","[{""name"": ""Stark""}, {""name"": ""Fern""}, {""name"": ""Graf Granat""}, {""name"": ""Church father"", ""link"": ""List of Characters/Minor#Aura the Guillotine Arc""}, {""name"": ""Linie""}, {""name"": ""Lügner""}, {""name"": ""Jail cell guard"", ""type"": ""Mentioned"", ""link"": ""List of Characters/Minor#Aura the Guillotine Arc""}, {""name"": ""Aura"", ""type"": ""Mentioned""}, {""name"": ""Frieren"", ""type"": ""Flashback""}]"
20,Master's Technique,https://frieren.fandom.com/wiki/Chapter_20,18,"Fern blasts Lügner, who only survives through reflexively defending his heart. The demon then responds with an attack of his own, purporting to crush Fern with his full strength. Meanwhile, Linie states that Stark has lost, but Stark stands up to continue fighting her. Lügner begins to lose ground against Fern and urges Linie to finish her fight. The demon initially appears to overwhelm Stark, but Stark remembers his Master's words and stands up again. He tanks a hit from Linie and uses the opening to slash her across the chest. In the midst of fighting Fern, Lügner's attention is drawn away by Linie's defeat. In his moment of distraction, he is blasted through the heart by Fern.","[{""name"": ""Lügner""}, {""name"": ""Fern""}, {""name"": ""Linie""}, {""name"": ""Stark""}, {""name"": ""Frieren"", ""type"": ""Mentioned""}, {""name"": ""Eisen"", ""type"": ""Flashback""}, {""name"": ""Heiter"", ""type"": ""Flashback""}]"
21,Coward,https://frieren.fandom.com/wiki/Chapter_21,18,"After being struck by Fern, Lügner lays on the verge of death. He realizes that Frieren and Fern have been limiting their mana levels, a despicable and cowardly act. Fern concurs, then finishes Lügner off. The story then flashes back to Frieren's past, where she encounters Flamme after her village was destroyed by a demon. Flamme finds Frieren on the verge of death and decides to make Frieren her apprentice. The pair are accosted by Demon in pursuit of Frieren, who judge Flamme to be weak based on her mana and call for her to leave Frieren behind if she wishes to keep her life. Flamme calls the three demons arrogant and careless, before releasing her limited mana and destroying the Demon. After Frieren heals, Flamme teaches Frieren how to limit her mana, and tells her to keep up her mana limiting for her entire life to deceive Demon. The flashback ends with Frieren facing off against Aura. Aura's mana output is visibly greater than Frieren's, and Aura questions if it was the right call for Frieren to expend so much mana.","[{""name"": ""Lügner""}, {""name"": ""Fern""}, {""name"": ""Flamme"", ""type"": ""Flashback""}, {""name"": ""Basalt"", ""type"": ""Flashback Debut"", ""link"": ""List of Characters/Minor#Named Characters""}, {""name"": ""Three demons killed by Flamme"", ""type"": ""Flashback Debut"", ""link"": ""List of Characters/Minor#Aura the Guillotine Arc""}, {""name"": ""Demon King"", ""type"": ""Mentioned""}, {""name"": ""Aura""}, {""name"": ""Frieren""}]"
22,The Scales of Obedience,https://frieren.fandom.com/wiki/Chapter_22,22,"Frieren and Aura continue to face off against each other. Using her Scales of Obedience, Aura casts the Spell of Obedience: Auserlese. Frieren notes that based on her mana, Aura must have trained for most of her five hundred years of life. In a flashback, Frieren's training under Flamme's apprenticeship is shown. Flamme tells Frieren that demons cannot limit their mana because they are beholden to it as a form of status. All the while, Frieren continues to train in restricting her mana. She promises Flamme to keep a low profile until she has defeated the Demon King.
Once Flamme perishes due to old age, a series of scenes show Frieren's life, all while limiting her mana, up until she is recruited by the Hero Party and they face down the Demon King. The flashback then ends with Aura weighing Frieren's soul against her own. Initially, Aura seems assured in her victory, but slowly, the scale tips towards Frieren's side. Frieren tells Aura that she was limiting her mana and that Aura miscalculated, and when Aura reacts in disbelief, Frieren releases her full mana, which dwarf's Aura's mana. The scale tips fully to Frieren's side, and turning her back, Frieren commands Aura to kill herself, finally defeating the Sage of Destruction.","[{""name"": ""Aura""}, {""name"": ""Frieren""}, {""name"": ""Flamme"", ""type"": ""Flashback""}, {""name"": ""Himmel"", ""type"": ""Flashback""}, {""name"": ""Heiter"", ""type"": ""Flashback""}, {""name"": ""Eisen"", ""type"": ""Flashback""}, {""name"": ""Qual"", ""type"": ""Flashback""}, {""name"": ""Demon King"", ""type"": ""Flashback Debut""}]"
23,A Victory and a Funeral,https://frieren.fandom.com/wiki/Chapter_23,18,"After Frieren defeats Aura, she reconvenes with Fern, Stark, and Graf Granat. Frieren tells Stark and Fern she is proud of them for defeating Lügner and Linie. Graf Granat inspects the now inanimate bodies of Aura's undead army, and thanks Frieren for minimizing the damage to the bodies and paying respect to the heroes of the Northern Lands. He then commands his subordinates to give the dead a proper burial. The trio then return to the Graf's mansion, where the Graf grants Frieren any reward within reason. Frieren asks for the grimoire of the Great Mage Flamme the Graf supposedly possesses, and though it is a fake, Frieren reveals she knew all along and is happy with it nonetheless. Frieren's Party then rest and relax in the city, joining in on the festivities and helping with rebuilding. Before they depart from the city, they, along with the other citizens of Graf Granat's Domain, pay respects to the fallen heroes of the Northern Lands who have at last been properly buried. After making final preparations to travel north, Frieren's Party head out of the city. Graf Granat sees them off until the gate and informs them that in order to head to Ende, the party will first need to go to Äußerst and receive a first-class mage certification with the Continental Magic Association. However, as soon as they begin their travels north, the party gets lost in the snow.","[{""name"": ""Frieren""}, {""name"": ""Fern""}, {""name"": ""Stark""}, {""name"": ""Graf Granat""}, {""name"": ""Aura"", ""type"": ""Flashback""}, {""name"": ""Lügner"", ""type"": ""Mentioned""}, {""name"": ""Linie"", ""type"": ""Mentioned""}, {""name"": ""Graf Granat's son"", ""link"": ""List of Characters/Minor#Aura the Guillotine Arc""}, {""name"": ""Flamme"", ""type"": ""Mentioned""}, {""name"": ""Heiter"", ""type"": ""Mentioned""}, {""name"": ""Himmel"", ""type"": ""Flashback""}, {""name"": ""Eisen"", ""type"": ""Flashback""}, {""name"": ""The King"", ""type"": ""Mentioned"", ""link"": ""List of Characters/Minor#Beyond Journey's End Arc""}, {""name"": ""Gardener"", ""type"": ""Debut"", ""link"": ""List of Characters/Minor#Beyond Journey's End Arc""}, {""name"": ""Church father"", ""link"": ""List of Characters/Minor#Aura the Guillotine Arc""}]"
24,The Elves' Wish,https://frieren.fandom.com/wiki/Chapter_24,18,"Twenty-eight years after the Hero Himmel's passing, Frieren's Party is in the Decke Region. Stark has collapsed and there is a heavy snowstorm so they seek shelter in an old cabin at the base of the Schwer Mountains. As they enter, they see an elf doing squats. Fern protests staying there and suggests finding another place as there is a pervert inside. Before they can leave, the elf opens the door and asks Frieren if she is also an elf. They head inside and the elf, who is a monk named Kraft, converses with Frieren about how long it has been since he encountered another elf and how he arrived in the cabin. As Stark rests in the cabin after being warmed up by Kraft, Frieren and Fern help Kraft carry food from his cart. Frieren's Party spends half a year in the cabin due to the dangerous weather. Close to spring, Kraft and Frieren discuss the Goddess of Creation. Kraft believes in the Goddess and Heaven as well as he wishes for someone to acknowledge his achievements. He then asks Frieren to tell him about herself so that he can praise her in the Goddess' place as she does not believe in the Goddess. This causes Frieren to remember how Heiter asked the same of her in the past and she declines Kraft's offer. Frieren's Party and Kraft part ways as they continue their separate adventures, with Kraft promising Frieren they will meet again.","[{""name"": ""Frieren""}, {""name"": ""Fern""}, {""name"": ""Stark""}, {""name"": ""Kraft"", ""type"": ""Debut""}, {""name"": ""Goddess of Creation"", ""type"": ""Imagined Debut""}, {""name"": ""Himmel"", ""type"": ""Flashback""}, {""name"": ""Eisen"", ""type"": ""Flashback""}, {""name"": ""Heiter"", ""type"": ""Flashback""}]"
25,The Village of the Sword,https://frieren.fandom.com/wiki/Chapter_25,18,"Twenty-nine years after the Hero Himmel's passing, Frieren's Party is in the Schwer Mountains. The party presses towards the north and reaches the Village of the Sword, which protects the Sword of the Hero. The blade was pulled out by Himmel 80 years ago. The party members meet with the village chief, who tells Frieren that she didn't fulfill her vow of coming half-century later to fulfill her duty of exterminating the monsters that regularly appear around the village. The next day, the party kills numerous monsters that appear near the cave which surprisingly still holds the Sword of the Hero. It is revealed that Himmel was never able to pull the sword out, but the story was spread that he did so that the hero could be arbitrarily glorified by future generations. The village chief thanks Frieren's Party and they continue their voyage.","[{""name"": ""Himmel"", ""type"": ""Flashback""}, {""name"": ""Heiter"", ""type"": ""Flashback""}, {""name"": ""Eisen"", ""type"": ""Flashback""}, {""name"": ""The King"", ""type"": ""Flashback"", ""link"": ""List of Characters/Minor#Beyond Journey's End Arc""}, {""name"": ""Demon King"", ""type"": ""Mentioned""}, {""name"": ""Frieren""}, {""name"": ""Fern""}, {""name"": ""Stark""}, {""name"": ""49th village chief"", ""type"": ""Debut"", ""link"": ""List of Characters/Minor#Travels to Äußerst Arc""}, {""name"": ""Goddess of Creation"", ""type"": ""Mentioned""}, {""name"": ""47th village chief"", ""type"": ""Flashback Debut"", ""link"": ""List of Characters/Minor#Travels to Äußerst Arc""}]"
26,A Gift to a Warrior,https://frieren.fandom.com/wiki/Chapter_26,18,"Twenty-nine years after the Hero Himmel's passing, Frieren's Party are in the Appetit Region. On Stark's eighteenth birthday, Frieren and Fern discuss what to give him as birthday gifts. Frieren decides on a potion that melts clothes, which is quickly shut down by Fern, who pours it on her, leaving Frieren to find a new gift. Fern decides to investigate Stark on her own and ends up asking him directly what he desired. Stark mentions how he never received gifts growing up due to his weakness, and his brother, Stoltz, the best warrior in his hometown and the only one kind to Stark, was the one to fight against demons during an attack while he simply fled. Fern comforts him and they find a gift, returning to the inn where Frieren is cooking giant hamburger steaks. Frieren reveals she received the recipe from Eisen, who had always made steaks for Stark's birthday and for the members of the Hero Party during their journey as a way of expressing gratitude towards their efforts as warriors. Stark recalls his brother making a steak for his birthday as well and that his brother was the one who told him to escape the fateful night of the demon attack. In better spirits, he enjoys the rest of his birthday with his companions.","[{""name"": ""Frieren""}, {""name"": ""Fern""}, {""name"": ""Stark""}, {""name"": ""Flamme"", ""type"": ""Mentioned""}, {""name"": ""Merchant lady"", ""type"": ""Debut"", ""link"": ""List of Characters/Minor#Travels to Äußerst Arc""}, {""name"": ""Kids"", ""type"": ""Debut"", ""link"": ""List of Characters/Minor#Travels to Äußerst Arc""}, {""name"": ""Kid with cat"", ""type"": ""Debut"", ""link"": ""List of Characters/Minor#Travels to Äußerst Arc""}, {""name"": ""Cattle breeder"", ""type"": ""Debut"", ""link"": ""List of Characters/Minor#Travels to Äußerst Arc""}, {""name"": ""Stark's father"", ""type"": ""Flashback Debut"", ""link"": ""List of Characters/Minor#Travels to Äußerst Arc""}, {""name"": ""Stoltz"", ""type"": ""Flashback Debut""}, {""name"": ""Rivale"", ""type"": ""Cameo""}, {""name"": ""Eisen"", ""type"": ""Flashback""}, {""name"": ""Himmel"", ""type"": ""Flashback""}, {""name"": ""Heiter"", ""type"": ""Flashback""}]"
27,A Priest from an Ordinary Village,https://frieren.fandom.com/wiki/Chapter_27,19,"Twenty-nine years after the Hero Himmel's passing, Frieren, Fern and Stark are in the Alt Woods. A man is stuck in a bottomless swamp, and he recounts the story of his childhood friend to Frieren in order to gain sympathy and ask for her help. Frieren uses magic to pull him out. The man walks with the party to his village and he invites them there, but they refuse as they wish to reach a major town, and they go on their way. On the way to the town, Stark gets bitten by a snake and the party heads back to the previous village to get him treated. The village's priest states that he is unable to cure Stark. However, his younger brother Sein, who is the man from before, enters upon them and recognizes Frieren's party, and immediately treats Stark with ease. The priest asks Frieren to take Sein away from the village, because he believes that Sein has always been searching for someone to support him to go on an adventure. Fern and Stark are in favour of having a priest in the party, but Frieren is unsure. Stark goes to invite Sein to join on his own. He finds Sein gambling, and Sein tells him that if Stark manages to beat him he will join them. When Fern and Frieren go to check on Stark, they find out that both he and Sein lost badly. Frieren tries to ask Sein to join them, but he refuses, saying he is too old and that it is too late now. This reminds her of how she used to be in the past and how Himmel managed to persuade her to join the Hero Party. She tries to convince Sein in the same way, and he seems to be inspired, but refuses again after contemplating a little. Frieren concludes that she truly does despise him, and that is why she chose to invite him to be a comrade regardless, a logic Sein fails to understand.","[{""name"": ""Sein"", ""type"": ""Debut""}, {""name"": ""Frieren""}, {""name"": ""Gorilla"", ""type"": ""Flashback Cameo"", ""link"": ""Kreis""}, {""name"": ""Fern""}, {""name"": ""Stark""}, {""name"": ""Sein's Brother"", ""type"": ""Debut"", ""link"": ""List of Characters/Minor#Travels to Äußerst Arc""}, {""name"": ""Heiter"", ""type"": ""Flashback""}, {""name"": ""Eisen"", ""type"": ""Flashback""}, {""name"": ""Himmel"", ""type"": ""Flashback""}, {""name"": ""Demon King"", ""type"": ""Mentioned""}]"
28,The Priest and His Regret,https://frieren.fandom.com/wiki/Chapter_28,18,"Frieren's Party decides to stay in the village and attempts to recruit Sein nearly every day. After many attempts, Sein discloses the reason he doesn't intend to become an adventurer and track his best friend is that his friend told Sein that he would return in three years but ten years have passed since then, so he believes that his friend is already dead. However, after being confronted by Frieren, Sein eventually admits that the real reason why he cannot leave is that he cannot abandon his older brother, who also stayed in the village for Sein's sake when he was a child. This admission angers Sein's older brother, who slaps Sein and points out that he has not once regretted the decision he made, but Sein has. Sein apologizes to his older brother and decides to join the Frieren's Party after all in pursuit of his best friend.","[{""name"": ""Fern""}, {""name"": ""Stark""}, {""name"": ""Frieren""}, {""name"": ""Sein""}, {""name"": ""Sein's Brother"", ""type"": ""Appears""}, {""name"": ""Gorilla"", ""type"": ""Flashback Cameo"", ""link"": ""Kreis""}, {""name"": ""Flamme"", ""type"": ""Mentioned""}, {""name"": ""Himmel"", ""type"": ""Flashback""}, {""name"": ""Heiter"", ""type"": ""Flashback""}, {""name"": ""Eisen"", ""type"": ""Flashback""}]"
29,Ideal Adult,https://frieren.fandom.com/wiki/Chapter_29,18,"Twenty-nine years after the Hero Himmel's passing, Frieren's Party are in the Raad Region. Fern and Stark fight after Fern becomes upset at Stark for not buying her a birthday present. The two eventually reconcile with Sein's guidance and proceed to shop for a gift for Fern together. Frieren tells Sein that Fern must have sought his guidance due to his resemblance to Heiter, who Sein believes to be an ideal adult unlike himself. Frieren proceeds to pat his head, as she believes that Sein is managing being a proper adult just fine.","[{""name"": ""Stark""}, {""name"": ""Frieren""}, {""name"": ""Fern""}, {""name"": ""Sein""}, {""name"": ""Heiter"", ""type"": ""Flashback""}, {""name"": ""Eisen"", ""type"": ""Flashback""}, {""name"": ""Himmel"", ""type"": ""Flashback""}, {""name"": ""Goddess of Creation"", ""type"": ""Mentioned""}]"
30,Mirrored Lotus,https://frieren.fandom.com/wiki/Chapter_30,18,"Twenty-nine years after the Hero Himmel's passing, Frieren's Party are in the Bande Woods. The party catches a ride on a wagon. Frieren discusses the bracelet Stark bought Fern for her birthday, which shares the same mirrored-lotus flower design as a ring Himmel previously purchased for Frieren. Their discussion is interrupted by an attack from a bird-like monster, who lifts the wagon in the sky. Frieren jumps out of the wagon and blasts the monster in midair, dropping them to the ground and damaging the wagon in the process. While the party repairs the carriage, Frieren realizes she has lost Himmel's ring. Meanwhile, Sein reveals that the mirrored lotus represents eternal love in flower-language, much to Stark's dismay and Fern's annoyance. After the wagon is fixed, Fern realizes that Frieren has lost her ring and assists her in searching for it. With the aid of magic that seeks out lost accessories from the merchant, Frieren can locate the ring. As the party proceeds onwards through the woods, Frieren reflects on how she obtained the ring and that she is happy she did not give up on it.","[{""name"": ""Accessory merchant"", ""type"": ""Debut"", ""link"": ""List of Characters/Minor#Travels to Äußerst Arc""}, {""name"": ""Stark""}, {""name"": ""Frieren""}, {""name"": ""Fern""}, {""name"": ""Sein""}, {""name"": ""Eisen"", ""type"": ""Flashback""}, {""name"": ""Heiter"", ""type"": ""Flashback""}, {""name"": ""Himmel"", ""type"": ""Flashback""}]"
31,Chaos Flower,https://frieren.fandom.com/wiki/Chapter_31,17,"Twenty-nine years after the Hero Himmel's passing, Frieren's Party are in the Laub Hills. Sein is complaining due to the lack of variety in party members. The party soon approaches a village, where they notice the villagers are all sleeping. As Sein examines them, he identifies that the villagers have been cursed by a monster. He asks the party to hurry as the easiest way to dispel the curse is to eliminate it. However, before they leave the village, Stark falls asleep as well, followed by Fern some time later. Sein and Frieren proceed onward, until Sein senses the presence of the monster. Hearing this, Frieren tells Sein to wake her when the monster appears before succumbing to the curse as well. Sein then proceeds to engage in a fight with the monster, a confusion flower that reflects magic. Having trouble against it, he decides to awaken Frieren, trusting in her words that she would defeat the monster, which she proceeds to blast with offensive magic. After awakening, the villagers thank the party, who proceed to head on their way.","[{""name"": ""Sein""}, {""name"": ""Frieren""}, {""name"": ""Fern""}, {""name"": ""Stark""}, {""name"": ""Village chief"", ""type"": ""Debut"", ""link"": ""List of Characters/Minor#Travels to Äußerst Arc""}, {""name"": ""Heiter"", ""type"": ""Flashback""}, {""name"": ""Gorilla"", ""type"": ""Flashback"", ""link"": ""Kreis""}, {""name"": ""Demon King"", ""type"": ""Flashback Mentioned""}]"
32,The Orden Family,https://frieren.fandom.com/wiki/Chapter_32,18,"Twenty-nine years after the Hero Himmel's passing, Frieren, Sein, Fern and Stark approach the Fortress City of Vorig. Right outside the city, Stark is noticed by a nobleman named Orden. Orden takes the party to his estate with a request for Stark. While Frieren initially refuses Orden's request, he offers to pay them for Stark's services, and with the party already running low on funds, she agrees to hear him out. Due to Stark's resemblance to Orden's deceased son Wirt, he wants Stark to impersonate his son as a way to boost morale. Stark is then taught in the ways of etiquette by the butler Gabel. After a bout of practice, Orden leads Stark to teach him the Orden Family's swordsmanship. As they head to the training grounds, they come across Orden's second son Mut. Orden criticizes Mut's weakness, reminding Stark of his own father, but he soon realizes Orden's relationship with Mut is different. After three months have passed, Stark attends the social gathering whilst posing as Orden's son and dances with Fern. Afterwards, Orden praises Stark's strength, but before he can even ask, Stark tells Orden that he is not a replacement for his son, and that he needs to return to his own foster father lest he regrets the words they parted on. Orden agrees, and the two part amicably. While Frieren picks out her grimoire, Stark notices Orden encouraging Mut in his training, and smiles knowing Orden won't have to worry about matters of a heir.","[{""name"": ""Frieren""}, {""name"": ""Fern""}, {""name"": ""Stark""}, {""name"": ""Sein""}, {""name"": ""Lord Orden"", ""type"": ""Debut"", ""link"": ""List of Characters/Minor#Named Characters""}, {""name"": ""Gabel"", ""type"": ""Debut""}, {""name"": ""Wirt"", ""type"": ""Flashback Debut"", ""link"": ""List of Characters/Minor#Named Characters""}, {""name"": ""Mut"", ""type"": ""Debut"", ""link"": ""List of Characters/Minor#Named Characters""}, {""name"": ""Stark's father"", ""type"": ""Flashback"", ""link"": ""List of Characters/Minor#Travels to Äußerst Arc""}, {""name"": ""Eisen"", ""type"": ""Flashback""}]"
33,Old Man Voll,https://frieren.fandom.com/wiki/Chapter_33,18,"Twenty-nine years after the Hero Himmel's passing, Frieren's Party is in the Klar Region. They are traveling to meet one of Frieren's old friends, a dwarven warrior whom Frieren calls Old Man Voll. Frieren tells Stark to train with Voll and throughout the week, while the party completes tasks for the village, reminisces with Voll about the past. At the end of the week, Frieren thanks Voll for giving her the chance to get to know the Hero Party all those years ago. Voll asks if Frieren still remembers Himmel's face and voice, as despite his wife being his reason for protecting the village, he no longer recalls hers. The two continue reminiscing, and upon hearing that Frieren is currently traveling to Ende, Voll wishes for a peaceful era to arrive soon. Frieren does not correct him and instead tells him she will carry his memory with her. The next day, as Frieren's Party is about to depart, Voll tells them that he had a dream of his wife. The party then continues their journey north.","[{""name"": ""Frieren""}, {""name"": ""Fern""}, {""name"": ""Stark""}, {""name"": ""Sein""}, {""name"": ""Voll"", ""type"": ""Debut""}, {""name"": ""Klar Region Villager"", ""type"": ""Debut"", ""link"": ""List of Characters/Minor#Travels to Äußerst Arc""}, {""name"": ""Himmel"", ""type"": ""Flashback""}, {""name"": ""Heiter"", ""type"": ""Flashback""}, {""name"": ""Eisen"", ""type"": ""Flashback""}, {""name"": ""Voll's wife"", ""type"": ""Flashback Debut"", ""link"": ""List of Characters/Minor#Travels to Äußerst Arc""}, {""name"": ""Demon King"", ""type"": ""Mentioned""}]"
34,The Statues of Heroes,https://frieren.fandom.com/wiki/Chapter_34,18,"Twenty-nine years after the Hero Himmel's passing, Frieren's Party is traveling along the Rohr Road. Sein stops to talk to a farmer, and reminds the party that his reason for journeying is to reunite with his best friend. The friend's name is Warrior Gorilla, while Sein's nickname is Priest Goatee. They stop by a town before the road forks off into several paths where Sein asks about Gorilla. He is directed to a granny who was close to Gorilla, but she makes the party help with several errands before she tells them anything. The final errand is polishing a statue of some forgotten heroes that look like Sein and Gorilla, but Frieren realizes the Gorilla lookalike is Kraft. Sein, now knowing one of the forgotten hero's names, recalls standing with Warrior Gorilla next to a statue of the same forgotten heroes with Heiter. Gorilla vows to be a hero that is remembered like Himmel and dubs himself Warrior Gorilla, as to not be forgotten, a hero must have an unforgettable name. In response, Heiter gives Sein the nickname Priest Goatee, claiming he will one day match the other forgotten hero. As Sein and co finish polishing the statue, the granny tells them that Warrior Gorilla headed towards Tür, which is the opposite direction of where Frieren's Party is headed and leaves Sein unsure of what to do.","[{""name"": ""Frieren""}, {""name"": ""Fern""}, {""name"": ""Stark""}, {""name"": ""Sein""}, {""name"": ""Gorilla"", ""type"": ""Flashback Debut"", ""link"": ""Kreis""}, {""name"": ""Rohr Road Villager"", ""type"": ""Debut"", ""link"": ""List of Characters/Minor#Travels to Äußerst Arc""}, {""name"": ""Stubborn old woman"", ""type"": ""Debut"", ""link"": ""List of Characters/Minor#Travels to Äußerst Arc""}, {""name"": ""Kraft's partner"", ""type"": ""Statue Debut"", ""link"": ""List of Characters/Minor#Travels to Äußerst Arc""}, {""name"": ""Nagel"", ""type"": ""Debut"", ""link"": ""List of Characters/Minor#Travels to Äußerst Arc""}, {""name"": ""Himmel"", ""type"": ""Flashback""}, {""name"": ""Heiter"", ""type"": ""Flashback""}, {""name"": ""Kraft"", ""type"": ""Flashback""}, {""name"": ""Demon King"", ""type"": ""Mentioned""}]"
35,A Reason to Begin the Journey,https://frieren.fandom.com/wiki/Chapter_35,18,"Right after the events of the previous chapter, Frieren's Party is on the Rohr Road. They are discussing Warrior Gorilla's whereabouts, which are likely in the opposite direction from Äußerst. Finding Warrior Gorilla was Sein's reason for going on a journey, so this complicates things. They decide to put off the decision of what Sein will do until tomorrow, and they then go to a cabin Stark rented. While getting supplies, Fern notes that her hands are chilly, to which Frieren says it's because it's gotten colder lately. They attempt to continue their journey the next day, but a cold wave that is estimated to last for about a month stops them, meaning the party must stay in the village for a bit longer. Around the end of the cold wave, Frieren calls on Sein to mediate between Fern and Stark again, which leads to Stark apologizing to Fern. Afterward, Frieren and Sein are having a drink in a tavern, which leads to Sein asking Frieren why she was so concerned about him to the point where she told him to go on a journey with them. Frieren replies that it's because he reminded her of her old self before she joined the Hero Party and subjugated the Demon King. She adds that it is what Himmel would have done, and that the Hero Party gave her the courage to travel and taught her to understand how fun it is to travel with comrades. Sein agrees that the journey has been fun. Afterwards, when the cold wave is over, Frieren's Party departs for Äußerst, although without Sein, who has chosen to pursue Warrior Gorilla in order to not bear anymore regrets. The now separate parties continue their journeys.","[{""name"": ""Frieren""}, {""name"": ""Fern""}, {""name"": ""Gorilla"", ""type"": ""Mentioned"", ""link"": ""Kreis""}, {""name"": ""Stark""}, {""name"": ""Sein""}, {""name"": ""Rohr Road Elder"", ""type"": ""Debut"", ""link"": ""List of Characters/Minor#Travels to Äußerst Arc""}, {""name"": ""Shady old man"", ""type"": ""Debut"", ""link"": ""List of Characters/Minor#Travels to Äußerst Arc""}, {""name"": ""Himmel"", ""type"": ""Flashback""}, {""name"": ""Heiter"", ""type"": ""Flashback""}, {""name"": ""Eisen"", ""type"": ""Flashback""}]"
36,Emotional Support,https://frieren.fandom.com/wiki/Chapter_36,16,"Twenty-nine years after Himmel the Hero's passing, Frieren's Party arrive in the Offen Mountain Range. Stark walks back to their camp, where Frieren is asleep, and he is surprised to see that Fern is also still sleeping. He prepares their food, and when he tries to wake Fern up, he notices she seems unwell. He wakes up Frieren so she can check on Fern, and Frieren deduces that Fern has a fever. Frieren uses notes left by Sein for treating illnesses and diagnoses Fern using magic, concluding that she has a cold, and she and Stark move Fern to a nearby cabin. Frieren comforts Fern by holding her hand like she did when she was ill as a child, much to Fern's embarrassment, and Frieren and Stark subsequently depart to search for herbs. On their way, Frieren comments that Fern will be an adult soon, and she still views Fern as a child in her heart. They arrive at an Icicle Cherry Blossom tree, and Stark asks Frieren why she held Fern's hand, as she never treated Fern like a child to that extent before. Frieren asks Stark what she should have done, and he tells her that she should just do what her heart tells her to, as some individuals need emotional support. His words remind Frieren of Himmel holding her hand when she was sick, just like she did with Fern. Frieren extracts the mushroom growing at the base of the tree and prepares the medicine, which she gives to Fern, eventually leading to her recovery. With Fern's improved condition, Frieren and her party depart to continue on their journey.","[{""name"": ""Stark""}, {""name"": ""Frieren""}, {""name"": ""Fern""}, {""name"": ""Sein"", ""type"": ""Mentioned""}, {""name"": ""Cabin owner"", ""type"": ""Debut"", ""link"": ""List of Characters/Minor#Travels to Äußerst Arc""}, {""name"": ""Himmel"", ""type"": ""Flashback""}, {""name"": ""Heiter"", ""type"": ""Flashback""}, {""name"": ""Eisen"", ""type"": ""Flashback""}]"
37,The First-Class Exam,https://frieren.fandom.com/wiki/Chapter_37,21,"Twenty-nine years after the Hero Himmel’s passing, Frieren, Fern, and Stark are in the Kühl Region. The trio spot Äußerst in the distance and catch a coach the rest of the way. Meanwhile, in a remote area of Graf Granat's Domain, Mage Übel meets Monk Kraft when accosted by thieves. Übel reveals that she intends to take the First-Class Mage Exam in Äußerst and the two part ways. Some time later, at the Northern Branch of the Continental Magic Association in Äußerst, Frieren and Fern are informed the First-Class Mage Exam will be held in two months. Despite not having received the necessary mage class standing necessary to partake in the exam, an older mage recognizes Frieren's Holy Emblem and allows her to participate. Frieren and Fern then spend the next two months training for the exam. Two months later, all the mages participating in the First-Class Mage Exam have gathered. The proctor of the first exam, Genau, commences the first exam, a team battle, by splitting the examinees into groups of three. Frieren and Fern both find their teammates. To Frieren's dismay, her teammates are already fighting amongst themselves.","[{""name"": ""Frieren""}, {""name"": ""Fern""}, {""name"": ""Stark""}, {""name"": ""Qual"", ""type"": ""Flashback""}, {""name"": ""Übel"", ""type"": ""Debut""}, {""name"": ""Bandits"", ""type"": ""Debut"", ""link"": ""List of Characters/Minor#First-Class Mage Exam Arc""}, {""name"": ""Aura"", ""type"": ""Mentioned""}, {""name"": ""Kraft""}, {""name"": ""CMA Receptionist"", ""type"": ""Debut"", ""link"": ""List of Characters/Minor#First-Class Mage Exam Arc""}, {""name"": ""Lernen"", ""type"": ""Cameo""}, {""name"": ""Himmel"", ""type"": ""Flashback""}, {""name"": ""Heiter"", ""type"": ""Flashback""}, {""name"": ""Eisen"", ""type"": ""Flashback""}, {""name"": ""Genau"", ""type"": ""Debut""}, {""name"": ""Falsch"", ""type"": ""Cameo""}, {""name"": ""Sense"", ""type"": ""Cameo""}, {""name"": ""Wirbel"", ""type"": ""Debut""}, {""name"": ""Denken"", ""type"": ""Debut""}, {""name"": ""Lawine"", ""type"": ""Cameo""}, {""name"": ""Kanne"", ""type"": ""Cameo""}, {""name"": ""Land"", ""type"": ""Cameo""}]"
38,Stille—Meteoric Iron Bird,https://frieren.fandom.com/wiki/Chapter_38,18,"Right after the events of the previous chapter, Frieren and Fern are in the Grobe Basin, the location of the first stage of the first-class mage examination. Genau explains the exact rules of the first stage. First, each party must possess a cage with a bird native to the area, the ""meteoric iron bird"" called the ""Stille"", by sunset the next day. Secondly, all party members must be present and cannot leave the boundaries of the examination area, which has been demarcated with an impenetrable barrier spell. After explaining the rules, the exam commences. Frieren's teammates introduce themselves as Lawine and Kanne. Lawine spots a Stille in the middle of a lake, and though Kanne and Lawine coordinate their magic perfectly, it easily escapes. They proceed to observe more Stilles for the rest of the day. That night, Kanne is attacked by a bird monster but saved by Frieren who appears and restrains the monster. Frieren asks Kanne about her relationship with Lawine. Kanne recalls her first time learning flight magic and tells Frieren that Lawine is the one who showed her how to overcome frightening things. This causes Frieren to remember a moment with the Hero Party and Heiter's words that adventurers overcome their fear in different ways. Kanne then points out something that may help them catch a Stille. Meanwhile, Fern returns to her party, having already captured a Stille, and Übel indicates that the first stage will soon turn into a battle royale.","[{""name"": ""Richter"", ""type"": ""Cameo""}, {""name"": ""Denken""}, {""name"": ""Laufen"", ""type"": ""Cameo""}, {""name"": ""Fern""}, {""name"": ""Land"", ""type"": ""Cameo""}, {""name"": ""Übel""}, {""name"": ""Lawine"", ""type"": ""Debut""}, {""name"": ""Kanne"", ""type"": ""Debut""}, {""name"": ""Frieren""}, {""name"": ""Genau""}, {""name"": ""Heiter"", ""type"": ""Flashback""}, {""name"": ""Eisen"", ""type"": ""Flashback""}, {""name"": ""Himmel"", ""type"": ""Flashback""}]"
39,Commence Capture Strategy,https://frieren.fandom.com/wiki/Chapter_39,18,"Right after the events of the previous chapter, Frieren, Lawine, and Kanne are discussing their observations from Stille-watching. Frieren reveals she knows a spell that captures a bird that can assist in capturing a Stille and decides on a strategy for their team. Meanwhile, Fern, Übel, and Land realize that the barrier around the exam grounds is keeping out the river water, causing most of the water in the Grobe Basin to gather in the lake in the center of the exam grounds. This will cause Stilles and examinees alike to flock to the lake. The Fourth Party elects to avoid in lake in hopes of avoiding battle, but their hopes are dashed when Wirbel's team attacks them. Before a battle can break out, they are interrupted by a burst of magic from the lake courtesy of Lawine, who has frozen over the entire lake. While other parties attempt to melt the lake, Denken infers that it is a wasted effort as the usage of so much mana will deter any other Stilles from showing up. Denken then decides their party will steal the Second Party's Stille, and Wirbel's party and Fern's party begin to battle. Meanwhile, the Second Party continues to enact their strategy around the forest.","[{""name"": ""Frieren""}, {""name"": ""Lawine""}, {""name"": ""Kanne""}, {""name"": ""Fern""}, {""name"": ""Übel""}, {""name"": ""Land"", ""type"": ""Debut""}, {""name"": ""Wirbel""}, {""name"": ""Ehre"", ""type"": ""Cameo""}, {""name"": ""Scharf"", ""type"": ""Cameo""}, {""name"": ""Party that tries to melt the lake"", ""type"": ""Debut"", ""link"": ""List of Characters/Minor#First-Class Mage Exam Arc""}, {""name"": ""Edel"", ""type"": ""Cameo""}, {""name"": ""Blei"", ""type"": ""Cameo""}, {""name"": ""Dünste"", ""type"": ""Cameo""}, {""name"": ""Denken""}, {""name"": ""Richter"", ""type"": ""Cameo""}, {""name"": ""Laufen"", ""type"": ""Cameo""}]"
40,A Spell to Capture a Bird,https://frieren.fandom.com/wiki/Chapter_40,18,"Right after the events of the previous chapter, the Thirteenth Party, which consists of Denken, Richter, and Laufen, moves to dismantle the Second Party's elaborate plan. The Thirteenth Party notes how inexperienced many of the examinees are. Richter states the exam is so dangerous because the Continental Magic Association wants to foster strong first-class mages, but Denken disagrees with this ideology as he values authority over strength. The different teams are shown all attempting to obtain a Stille in their own ways. Denken notes that every body of water they come across has faint traces of mana circulating through it. He deduces that there is one body of water the Second Party has not tampered with, and their whereabouts must be nearby it. Meanwhile, Frieren completely suppresses her mana and sits in wait for a Stille. Finally, after significant time has passed, a Stille lands on her shoulder, and Frieren uses her bird-capturing magic. This reveals her position to the Thirteenth Party, and Laufen quickly uses her magic to intercept the Second Party before they can escape.","[{""name"": ""Stark"", ""type"": ""Chapter Cover""}, {""name"": ""Denken""}, {""name"": ""Richter"", ""type"": ""Debut""}, {""name"": ""Laufen"", ""type"": ""Debut""}, {""name"": ""Edel"", ""type"": ""Cameo""}, {""name"": ""Blei"", ""type"": ""Cameo""}, {""name"": ""Dünste"", ""type"": ""Cameo""}, {""name"": ""Inexperienced party killed by Geisels"", ""type"": ""Debut"", ""link"": ""List of Characters/Minor#First-Class Mage Exam Arc""}, {""name"": ""Complaining party"", ""type"": ""Debut"", ""link"": ""List of Characters/Minor#First-Class Mage Exam Arc""}, {""name"": ""Genau""}, {""name"": ""Methode"", ""type"": ""Cameo""}, {""name"": ""Länge"", ""type"": ""Cameo""}, {""name"": ""Ton"", ""type"": ""Cameo""}, {""name"": ""Lawine""}, {""name"": ""Kanne""}, {""name"": ""Frieren""}, {""name"": ""Fern""}, {""name"": ""Ehre"", ""type"": ""Cameo""}, {""name"": ""Übel""}, {""name"": ""Wirbel""}]"
41,Time for Resolve,https://frieren.fandom.com/wiki/Chapter_41,18,"Right after the events of the previous chapter, Fern and Wirbel's teams continue to fight. Fern faces off against Ehre, who declares that if Fern were facing off against Wirbel, she would be dead. Fern finds this curious, as she feels Ehre is the strongest among her party. Ehre refutes this and says that Wirbel's experience is on an entirely different level and as such, Übel is likely to be killed. Fern appears unconcerned and fires a swarm of offensive magic that overwhelms Ehre's defenses. Meanwhile, Übel fights against Wirbel using her cleaving magic. Though both manage to figure out the weaknesses of their opponents' magic, after a brief fight where Übel is able to slash Wirbel's face, Wirbel is able to immobilize Übel using Sorganeil, the spell of binding. Wirbel notes that Übel had aimed for his eyes instead of his neck and in his experience, this marked her as a degenerate who enjoyed killing. He muses that it would be better to kill Übel on the spot. Übel buys time by asking about Wirbel's history. Wirbel reveals that his magic allows him time to build up the resolve to kill, but in the end he has never shirked from a necessary kill; as he speaks, he raises his staff to Übel's head. However, he is stopped by Fern, who sneaks up behind him and holds Wirbel at staff point. As the three of them are now at an impasse, Fern proposes that they strike a deal.","[{""name"": ""Stark"", ""type"": ""Chapter Cover""}, {""name"": ""Scharf"", ""type"": ""Debut""}, {""name"": ""Land""}, {""name"": ""Ehre"", ""type"": ""Debut""}, {""name"": ""Fern""}, {""name"": ""Lernen"", ""type"": ""Mentioned (Indirectly)""}, {""name"": ""Frieren"", ""type"": ""Imagined""}, {""name"": ""Wirbel""}, {""name"": ""Übel""}]"
42,A Reason to Fight,https://frieren.fandom.com/wiki/Chapter_42,18,"Right after the events of the previous chapter, Wirbel asks what happened to Ehre. Fern, expressionless, tells Wirbel that she killed Ehre. Since one of the conditions to pass is for all party members to be present, Wirbel concedes defeat and leaves. Removed from the rest of their parties, Land is still fighting Scharf, who controls flower petals to slice and disable Land's dominant arm. As he prepares to behead Land, Land notes that Scharf is bad at mana detection. Another figure of Land appears behind Scharf, paralyzing him, and Land reveals that he has been using a clone of himself since the beginning of the exam. Wirbel comes across Ehre lying in the middle of a clearing and realizes Fern's deception, but Ehre and Scharf are both unable to move. Believing they will fail for sure, Wirbel carries them both around the exam grounds and reminisces on his motivation to fight. By chance, they happen across a Stille perched in a tree which Wirbel summarily paralyzes with Sorganeil. Meanwhile, the Thirteenth Party has found the Second Party, with Laufen confronting the three mages in the Second Party alone. Laufen disappears and uses magic to steal the Stille away from Frieren in the blink of an eye, leaving the Second Party to figure out where Laufen has gone.","[{""name"": ""Fern""}, {""name"": ""Wirbel""}, {""name"": ""Übel""}, {""name"": ""Land""}, {""name"": ""Scharf""}, {""name"": ""Ehre""}, {""name"": ""Wirbel's childhood crush"", ""type"": ""Flashback Debut"", ""link"": ""List of Characters/Minor#First-Class Mage Exam Arc""}, {""name"": ""Lernen"", ""type"": ""Mentioned (Indirectly)""}, {""name"": ""Laufen""}, {""name"": ""Frieren""}, {""name"": ""Kanne""}, {""name"": ""Lawine""}, {""name"": ""Denken""}]"
43,Privilege,https://frieren.fandom.com/wiki/Chapter_43,21,"Right after the events of the previous chapter, Laufen escapes with the stolen Stille using her magic. At the same time, at a high vantage point within the barrier, Genau takes tea with the proctor of the second exam, Sense. Genau believes luck and strength to be important qualities for mages to possess, and he and Sense argue over their philosophies for exams. Meanwhile, Denken and Richter move to fight the Second Party. Denken recognizes that Frieren is the Mage of the Hero Party and wishes to challenge her. Richter is surprised that Denken is not after the ""privilege"" bestowed by the Great Mage Serie, who can grant any magic that one desires, but states nonetheless that he will kill Lawine and Kanne. However, Denken tells him that will not be necessary as he will crush Frieren. Richter then separates the battlefield using earth manipulation magic, and the Second and Thirteenth Parties prepare to face off. Alone with Frieren, Denken says that the pursuit of magic is what brings the greatest joy, which reminds Frieren of a previous meeting with Serie where Frieren rejected Serie's ""privilege"" for the same reason. This lead Flamme to declare that Frieren, as a mage of a peaceful era, would be able to defeat the Demon King. Reminded of her master's words, Frieren affirms that the joy of pursuing magic is what it truly means to be a mage.","[{""name"": ""Laufen""}, {""name"": ""Frieren""}, {""name"": ""Lawine""}, {""name"": ""Kanne""}, {""name"": ""Genau""}, {""name"": ""Sense"", ""type"": ""Debut""}, {""name"": ""Denken""}, {""name"": ""Richter""}, {""name"": ""Serie"", ""type"": ""Flashback Debut""}, {""name"": ""Demon King"", ""type"": ""Mentioned""}, {""name"": ""Goddess of Creation"", ""type"": ""Imagined""}, {""name"": ""Falsch"", ""type"": ""Imagined""}, {""name"": ""Flamme"", ""type"": ""Flashback""}]"
44,Recapture the Stille,https://frieren.fandom.com/wiki/Chapter_44,18,"Right after the events of the previous chapter, Lawine and Kanne begin to fight Richter in a battle of attrition. However, Richter utilizes the flaw in defense magic, its weakness against physical mass, and using his earth manipulation magic and greater mana, easily overwhelms Lawine and Kanne. Richter calls out Lawine's bluff about manipulating the water within his body, correctly guessing that neither Lawine nor Kanne would be able to visualize such magic, and tells the pair to settle down while Denken defeats Frieren. Denken uses a powerful series of spells that impresses even Genau and Sense, the latter of whom calls into question the integrity of the exam ground's barrier, but Genau states that as it is cast by the Great Mage Serie, the barrier is impenetrable. Though Denken casts more spells, Frieren is able to slip past his defenses and defeat him using basic offense magic. She then threatens Denken's life to draw out Laufen, and after restraining both Laufen and Denken to a tree, recovers the Stille. Seeing that Denken has lost, Richter prepares to face Lawine and Kanne seriously. Despite Denken's concern for Lawine and Kanne's safety, Frieren is assured that they will win, and indicates that she has finished deciphering Serie's barrier.","[{""name"": ""Richter""}, {""name"": ""Lawine""}, {""name"": ""Kanne""}, {""name"": ""Frieren""}, {""name"": ""Denken""}, {""name"": ""Genau""}, {""name"": ""Sense""}, {""name"": ""Serie"", ""type"": ""Mentioned""}, {""name"": ""Laufen""}]"
45,Water-Manipulation Magic,https://frieren.fandom.com/wiki/Chapter_45,19,"Right after the events of the previous chapter, Richter begins to seriously fight Lawine and Kanne. Frieren casts a spell, and though Genau states that it is impossible, manages to shatter Serie's barrier. This catches Serie's attention, as she has been waiting for Frieren to reappear again. The rain that the barrier had previously held back begins pouring down. Using the rain, Lawine and Kanne manage to easily overpower Richter with their magic, winning the battle. Later, after the Second Party has left with the Stille, the Thirteenth Party regroup, and despite being out of mana, they engage in a fist fight with another team and are able to secure a Stille. Various teams are shown in the final few hours of the exam defending or securing their Stille. At sunset, Genau declares the first exam to be over and reveals that six parties have passed the first stage of the exam. Meanwhile, Stark is shown having a drink in a bar. He comments that two days have passed since the First-Class Mage Exam's start.","[{""name"": ""Richter""}, {""name"": ""Lawine""}, {""name"": ""Kanne""}, {""name"": ""Frieren""}, {""name"": ""Denken""}, {""name"": ""Laufen""}, {""name"": ""Genau""}, {""name"": ""Sense""}, {""name"": ""Serie""}, {""name"": ""Land""}, {""name"": ""Übel""}, {""name"": ""Fern""}, {""name"": ""Party with one member dead"", ""type"": ""Debut"", ""link"": ""List of Characters/Minor#First-Class Mage Exam Arc""}, {""name"": ""Edel"", ""type"": ""Cameo""}, {""name"": ""Blei"", ""type"": ""Cameo""}, {""name"": ""Dünste"", ""type"": ""Cameo""}, {""name"": ""Wirbel""}, {""name"": ""Ehre""}, {""name"": ""Scharf""}, {""name"": ""Complaining party"", ""link"": ""List of Characters/Minor#First-Class Mage Exam Arc""}, {""name"": ""Methode"", ""type"": ""Cameo""}, {""name"": ""Ton"", ""type"": ""Cameo""}, {""name"": ""Länge"", ""type"": ""Cameo""}, {""name"": ""Stark""}, {""name"": ""Äußerst bartender"", ""type"": ""Debut"", ""link"": ""List of Characters/Minor#First-Class Mage Exam Arc""}]"
46,An Even-Better Flavor,https://frieren.fandom.com/wiki/Chapter_46,18,"Right after the events of the previous chapter, Genau introduces the six parties that have passed the first stage of the First-Class Mage Exam. He then explains that the second stage of the exam will begin in three days and dismisses all the examinees. The next day, back in Äußerst, Stark wakes up in the evening. Fern chastises Stark and Frieren for their childish antics and they decide to take Fern to a nice restaurant in town to make up for angering her. Meanwhile, Richter is shown working in a shop and repairing items with magic. Denken and Laufen convince him to go to a restaurant with them, coincidentally the same one Frieren's Party have decided to go to. Meanwhile, Übel finds Land and starts a conversation with him. She reveals that she is able to learn others' magic through empathy; as a result, she wishes to get to know Land better. At the restaurant, Stark notes the exorbitant amount of food Frieren has ordered. Frieren recalls her memory of dining at this same restaurant with the Hero Party, where she explained that she must relish good food because it she so often will never have the chance to taste that same flavor again. In response, as a reward for their quest Himmel asks that the head chef, Lecker, makes sure the taste of his food remains unchanged in the future. In the present day, Frieren tries the food and comments that the taste has changed, but she smiles as she realizes it has become even better than before.","[{""name"": ""Genau""}, {""name"": ""Methode"", ""type"": ""Debut""}, {""name"": ""Ton"", ""type"": ""Debut""}, {""name"": ""Länge"", ""type"": ""Debut""}, {""name"": ""Frieren""}, {""name"": ""Kanne""}, {""name"": ""Lawine""}, {""name"": ""Fern""}, {""name"": ""Übel""}, {""name"": ""Land""}, {""name"": ""Wirbel""}, {""name"": ""Ehre""}, {""name"": ""Scharf""}, {""name"": ""Denken""}, {""name"": ""Richter""}, {""name"": ""Laufen""}, {""name"": ""Edel"", ""type"": ""Debut""}, {""name"": ""Blei"", ""type"": ""Debut""}, {""name"": ""Dünste"", ""type"": ""Debut""}, {""name"": ""Stark""}, {""name"": ""Old lady"", ""type"": ""Debut"", ""link"": ""List of Characters/Minor#First-Class Mage Exam Arc""}, {""name"": ""Denken's wife"", ""type"": ""Mentioned""}, {""name"": ""Lecker"", ""type"": ""Flashback Debut"", ""link"": ""List of Characters/Minor#Named Characters""}, {""name"": ""Himmel"", ""type"": ""Flashback""}, {""name"": ""Heiter"", ""type"": ""Flashback""}, {""name"": ""Eisen"", ""type"": ""Flashback""}]"
47,Fern and Her Baked Sweets,https://frieren.fandom.com/wiki/Chapter_47,18,"After the events of the previous chapter, Stark is seen meditating on a cliff whilst an old man watches over his progress. Frieren, looking for Stark, notices the old man and inquires about him. Stark tells her the man is a stranger. Frieren seeks Stark's help as she angered Fern. Stark and Frieren are then seen approaching the angered Fern. Stark attempts to placate her, however Fern unexpectedly replies wanting to eat snacks. The chapter then cuts to Lawine and Kanne, where an elaborately dressed Lawine is seen complaining about her brothers and mother coddling her. Kanne in response teases Lawine and Lawine begins to pull her pigtails in retaliation. The scene then cuts to Frieren's Party in a bakery where Frieren and Stark are struggling to pick out sweets for Fern. Lawine and Kanne are then seen entering the bakery where they proceed to converse with Frieren's Party before they leave all together. Whilst on the streets, Wirbel interrupts the group. He and Scharf inspect Stark's strength and musculature, before he requests to borrow Stark as he requires a vanguard. Stark departs with Wirbel and Scharf, whilst Frieren, Fern, Lawine, and Kanne return to Frieren and Fern's inn. Lawine and Kanne gift Frieren with a basket of treats for helping them pass the first stage of the exam, which makes Frieren recall one of Himmel's motivations for helping people, which was to be remembered by them, and that to be remembered, you just had to change someone's life a little. In the present day, Frieren smiles, realizing that she has touched Lawine and Kanne's lives. Fern is seen to brighten up with the sweets. Birds they fly to each of the examinees still in the exam with details about the second stage of the exam. Their proctor is to be Sense.","[{""name"": ""Stark""}, {""name"": ""Art of War old man"", ""type"": ""Debut"", ""link"": ""List of Characters/Minor#First-Class Mage Exam Arc""}, {""name"": ""Frieren""}, {""name"": ""Fern""}, {""name"": ""Kanne""}, {""name"": ""Wirbel""}, {""name"": ""Scharf""}, {""name"": ""No-good warrior"", ""type"": ""Debut"", ""link"": ""List of Characters/Minor#First-Class Mage Exam Arc""}, {""name"": ""Lawine""}, {""name"": ""Lawine's brothers"", ""type"": ""Flashback Debut"", ""link"": ""List of Characters/Minor#First-Class Mage Exam Arc""}, {""name"": ""Lawine's mother"", ""type"": ""Flashback Debut"", ""link"": ""List of Characters/Minor#First-Class Mage Exam Arc""}, {""name"": ""Himmel"", ""type"": ""Flashback""}, {""name"": ""Heiter"", ""type"": ""Flashback""}, {""name"": ""Eisen"", ""type"": ""Flashback""}, {""name"": ""Young girl Himmel helps"", ""type"": ""Flashback Debut"", ""link"": ""List of Characters/Minor#First-Class Mage Exam Arc""}, {""name"": ""Denken""}, {""name"": ""Richter""}, {""name"": ""Laufen""}, {""name"": ""Länge""}, {""name"": ""Land""}, {""name"": ""Übel""}, {""name"": ""Edel""}, {""name"": ""Blei""}, {""name"": ""Dünste""}, {""name"": ""Ton""}, {""name"": ""Methode""}, {""name"": ""Ehre""}, {""name"": ""Sense""}, {""name"": ""Genau""}]"
48,The Ruins of the King's Tomb,https://frieren.fandom.com/wiki/Chapter_48,18,"Right after the events of the previous chapter, Frieren's Party arrives at the Ruins of the King's Tomb for the second exam. The participants of the second exam are seen listening to Sense's explanation of the tomb. Before the exam begins, Sense provides all participants with a golem in a glass bottle in case trouble occurs. As Fern and Frieren prepare to enter the dungeon they are interrupted by Sense who decides to follow the pair. Whilst in the dungeon, Frieren reminisces about her former party's experience with dungeons, where Himmel's passion for dungeons is seen. As Frieren and Fern are exploring the dungeon, only five participants left outside the dungeon, including Denken and Richter. The remaining participants team up and enter together. The chapter ends with Frieren being trapped by a mimic as Fern attempts to pull her out.","[{""name"": ""Sense""}, {""name"": ""Frieren""}, {""name"": ""Fern""}, {""name"": ""Blei""}, {""name"": ""Dünste""}, {""name"": ""Methode""}, {""name"": ""Länge""}, {""name"": ""Lernen"", ""type"": ""Mentioned""}, {""name"": ""Edel""}, {""name"": ""Land""}, {""name"": ""Übel""}, {""name"": ""Ehre""}, {""name"": ""Ton""}, {""name"": ""Laufen""}, {""name"": ""Denken""}, {""name"": ""Kanne""}, {""name"": ""Lawine""}, {""name"": ""Wirbel""}, {""name"": ""Scharf""}, {""name"": ""Richter""}, {""name"": ""Himmel"", ""type"": ""Flashback""}, {""name"": ""Heiter"", ""type"": ""Flashback""}, {""name"": ""Eisen"", ""type"": ""Flashback""}]"
49,Dungeons and Magical Items,https://frieren.fandom.com/wiki/Chapter_49,18,"Right after the events of the previous chapter, Denken, Richter, Methode, Laufen, and Länge are seen encountering a pair of gargoyles. In the proceeding fight, Länge gets caught in a trap, having to resort to escaping by breaking a bottle. The chapter then proceeds to cut to Frieren's Party and Sense attempting to free Frieren from a mimic. Fern eventually helps Frieren escape and the party moves deeper into the dungeon. As they venture down, Sense and Fern are seen conversing, where Fern mentions her motivation of being a mage being a result of Heiter's kindness. The chapter then cuts to Wirbel, Ehre, and Scharf confronting a clone of themselves. Denken's party, on the other hand, is seen taking down the clone of Laufen before encountering the clone of Frieren.","[{""name"": ""Denken""}, {""name"": ""Richter""}, {""name"": ""Methode""}, {""name"": ""Laufen and clone"", ""type"": ""Appears/Debut"", ""link"": ""Laufen""}, {""name"": ""Länge""}, {""name"": ""Frieren and clone"", ""type"": ""Appears/Debut"", ""link"": ""Frieren""}, {""name"": ""Fern""}, {""name"": ""Sense""}, {""name"": ""Heiter"", ""type"": ""Flashback""}, {""name"": ""Wirbel and clone"", ""type"": ""Appears/Debut"", ""link"": ""Wirbel""}, {""name"": ""Ehre and clone"", ""type"": ""Appears/Debut"", ""link"": ""Ehre""}, {""name"": ""Scharf and clone"", ""type"": ""Appears/Debut"", ""link"": ""Scharf""}]"
50,Spiegel—A Water-Mirror Demon,https://frieren.fandom.com/wiki/Chapter_50,18,"Right after the events of the previous chapter, Denken's party retreat from the circular hall where Frieren's clone resides. Genau and an unknown mage are seen discussing the exam, and it is revealed the demon that resides in the dungeon is called Spiegel, a water-mirror demon that can create identical clones, and that Sense chose the examination ground since the examinees will need to work together to avoid casualties. Übel and Land fight Übel's clone. Frieren arrives at the entrance of the circular hall, and learns her clone is blocking the doorway to the innermost chamber of the dungeon.","[{""name"": ""Frieren and clone"", ""link"": ""Frieren""}, {""name"": ""Denken""}, {""name"": ""Richter""}, {""name"": ""Methode""}, {""name"": ""Laufen""}, {""name"": ""Genau""}, {""name"": ""Falsch"", ""type"": ""Cameo""}, {""name"": ""Ewig the Sage"", ""type"": ""Imagined Debut""}, {""name"": ""Übel and clone"", ""type"": ""Appears/Debut"", ""link"": ""Übel""}, {""name"": ""Land""}, {""name"": ""Sense""}, {""name"": ""Fern""}]"
51,Dungeon Battle,https://frieren.fandom.com/wiki/Chapter_51,18,"Right after the events of the previous chapter, the mages at the entrance of the circular hall discuss what to do with the clone of Frieren, which is inside. Meanwhile, Edel, Dünste, and Blei fight Sense's clone. Edel uses her escape golem and forfeits the exam after being injured. The mages at the entrance of the circular hall continue to discuss what to do.","[{""name"": ""Frieren and clone"", ""link"": ""Frieren""}, {""name"": ""Fern""}, {""name"": ""Denken""}, {""name"": ""Methode""}, {""name"": ""Richter""}, {""name"": ""Sense and clone"", ""type"": ""Appears/Debut"", ""link"": ""Sense""}, {""name"": ""Edel""}, {""name"": ""Dünste""}, {""name"": ""Blei""}, {""name"": ""Ehre"", ""type"": ""Imagined""}, {""name"": ""Kanne"", ""type"": ""Imagined""}]"
52,Strategy Meeting,https://frieren.fandom.com/wiki/Chapter_52,18,"Right after the events of the previous chapter, Dünste arrives at the hall entrance willing to cooperate, and shares valuable information previously observed by the now-disqualified Edel. The group remains uncertain about the strength of the clone, as Sense refuses to assist as a proctor. Soon after, Kanne and Lawine also join, with Lawine providing insight about the monster in the depths of the dungeon and urging the group to act quickly as the clones are closing in. With the assumption that the clones will imitate the exact actions of the hosts, Fern reveals Frieren's weakness: her momentary mana detection interruption when casting spells. The group initiates a strategy meeting, to Frieren’s enjoyment.","[{""name"": ""Dünste""}, {""name"": ""Laufen""}, {""name"": ""Fern""}, {""name"": ""Frieren and clone"", ""link"": ""Frieren""}, {""name"": ""Methode""}, {""name"": ""Denken""}, {""name"": ""Edel"", ""type"": ""Flashback""}, {""name"": ""Blei"", ""type"": ""Flashback""}, {""name"": ""Sense and clone"", ""type"": ""Appears/Flashback"", ""link"": ""Sense""}, {""name"": ""Richter""}, {""name"": ""Lawine""}, {""name"": ""Kanne""}, {""name"": ""CMA advance party"", ""type"": ""Debut"", ""link"": ""List of Characters/Minor#First-Class Mage Exam Arc""}, {""name"": ""Heiter"", ""type"": ""Flashback""}, {""name"": ""Eisen"", ""type"": ""Flashback""}, {""name"": ""Himmel"", ""type"": ""Flashback""}]"
53,An Era of Humans,https://frieren.fandom.com/wiki/Chapter_53,18,"Right after the events of the previous chapter, the group of mages begins to execute their plan to conquer the dungeon. They split up and begin to fight the clone they are the best matchup against. Fern and Frieren remain behind to fight Frieren's clone. In a flashback, Frieren delivers Flamme's will to Serie, who tells Frieren that due to Flamme's efforts, an Era of Humans will soon arrive. Serie warns Frieren that if she is killed, it will be by the Demon King or a human mage. In the present day, Frieren smiles as Fern blasts her clone with Zoltraak.","[{""name"": ""Stark"", ""type"": ""Chapter Cover""}, {""name"": ""Frieren and clone"", ""link"": ""Frieren""}, {""name"": ""Fern""}, {""name"": ""Kanne""}, {""name"": ""Lawine""}, {""name"": ""Denken""}, {""name"": ""Richter""}, {""name"": ""Methode""}, {""name"": ""Laufen""}, {""name"": ""Dünste""}, {""name"": ""Serie"", ""type"": ""Flashback""}, {""name"": ""Flamme"", ""type"": ""Flashback""}, {""name"": ""Demon King"", ""type"": ""Mentioned""}]"
54,A Spell that Slashes Almost Anything,https://frieren.fandom.com/wiki/Chapter_54,18,"Right after the events of the previous chapter, Frieren's clone blocks Fern's Zoltraak. They continue to fight a battle of attrition. Meanwhile, the other mages have split up and now fight advantageous matchups. However, Sense's clone remains a concern, as they cannot detect its mana. Richter and Lawine defeat Lawine and Kanne's clones, but they are surprise attacked by Sense and must use their escape golems. Denken, Übel, and Land show up right after, and Übel faces Sense. In a flashback, Sense recalls Übel participating in the First-Class Mage Exam three years ago, where she was disqualified for slashing through the proctor Burg's Immovable Cloak and killing him. Übel explains that if she can visualize cutting something, it will cut. In the present, she easily dispatches Sense with Reelseiden.","[{""name"": ""Frieren and clone"", ""link"": ""Frieren""}, {""name"": ""Fern""}, {""name"": ""Richter and clone"", ""type"": ""Appears/Debut"", ""link"": ""Richter""}, {""name"": ""Lawine and clone"", ""type"": ""Appears/Debut"", ""link"": ""Lawine""}, {""name"": ""Kanne and clone"", ""type"": ""Appears/Debut"", ""link"": ""Kanne""}, {""name"": ""Denken""}, {""name"": ""Methode and clone"", ""type"": ""Appears/Debut"", ""link"": ""Methode""}, {""name"": ""Laufen""}, {""name"": ""Sense and clone"", ""link"": ""Sense""}, {""name"": ""Übel""}, {""name"": ""Land""}, {""name"": ""Burg"", ""type"": ""Flashback Debut""}, {""name"": ""Falsch"", ""type"": ""Flashback Cameo""}, {""name"": ""Übel's sister"", ""type"": ""Flashback Debut"", ""link"": ""List of Characters/Minor#First-Class Mage Exam Arc""}]"
55,The Second Exam Ends,https://frieren.fandom.com/wiki/Chapter_55,18,"Right after the events of the previous chapter, Methode seeks out Wirbel's group and asks for their cooperation. Wirbel agrees that his group will fight Denken's Spiegel clone, while Methode herself will fight Fern's clone. The previously defeated Spiegel clones return, and the mages fight a war of attrition until the main body of Spiegel is defeated, with some being eliminated in the process. Frieren takes a blow from her clone in order to give Fern a bigger opening, and Fern manages to deal a fatal wound to the clone. It is able to retaliate with a powerful attack, but this leaves it open for Frieren to finish it off with Zoltraak. With the clone dead, the seal on the door breaks, and Frieren defeats Spiegel, ending the exam. Sense congratulates all the remaining participants and says that they have passed the second stage of the exam. Meanwhile, Frieren has gotten stuck in a mimic again.","[{""name"": ""Wirbel and clone"", ""link"": ""Wirbel""}, {""name"": ""Methode and clone"", ""link"": ""Methode""}, {""name"": ""Scharf and clone"", ""link"": ""Scharf""}, {""name"": ""Ehre and clone"", ""link"": ""Ehre""}, {""name"": ""Frieren and clone"", ""link"": ""Frieren""}, {""name"": ""Fern and clone"", ""type"": ""Appears/Debut"", ""link"": ""Fern""}, {""name"": ""Denken and clone"", ""type"": ""Appears/Debut"", ""link"": ""Denken""}, {""name"": ""Land and clone"", ""type"": ""Appears/Debut"", ""link"": ""Land""}, {""name"": ""Übel and clone"", ""type"": ""Appears/Reappears"", ""link"": ""Übel""}, {""name"": ""Kanne and clone"", ""type"": ""Appears/Reappears"", ""link"": ""Kanne""}, {""name"": ""Dünste""}, {""name"": ""Laufen and clone"", ""type"": ""Appears/Reappears"", ""link"": ""Laufen""}, {""name"": ""Ton""}, {""name"": ""Richter and clone"", ""link"": ""Richter""}, {""name"": ""Edel""}, {""name"": ""Lawine and clone"", ""type"": ""Appears/Reappears"", ""link"": ""Lawine""}, {""name"": ""Länge""}, {""name"": ""Blei""}]"
56,Fern's Staff,https://frieren.fandom.com/wiki/Chapter_56,18,"Right after the events of the previous chapter, the examinees rest in Äußerst. Fern confides with Stark that she is upset with Frieren, who reacted callously to her broken staff which Heiter gave her. The various examinees who did not pass the second stage commiserate their failure. Frieren takes Fern's broken staff to Richter and asks him to fix it before the third stage of the exam. Stark and Fern are shown eating food in a market, and Stark tells Fern to try to understand Frieren who is doing her best. Fern, still upset, returns to her room with Frieren, where she sees her fixed staff on her bed. The next day, those who passed the second exam gather in front of the Northern Continental Magic Association, where the third stage of the First-Class Mage Exam begins.","[{""name"": ""Stark""}, {""name"": ""Art of War old man"", ""link"": ""List of Characters/Minor#First-Class Mage Exam Arc""}, {""name"": ""Fern""}, {""name"": ""Heiter"", ""type"": ""Flashback""}, {""name"": ""Lawine""}, {""name"": ""Kanne""}, {""name"": ""Frieren""}, {""name"": ""Richter""}, {""name"": ""Denken""}, {""name"": ""Laufen""}, {""name"": ""Sense's clone"", ""type"": ""Flashback"", ""link"": ""Sense""}, {""name"": ""Falsch"", ""type"": ""Cameo""}, {""name"": ""Wirbel""}, {""name"": ""Scharf""}, {""name"": ""Ehre""}, {""name"": ""Übel""}, {""name"": ""Land""}, {""name"": ""Methode""}, {""name"": ""Dünste""}]"
57,The Third Exam,https://frieren.fandom.com/wiki/Chapter_57,18,"Some time before the events of the previous chapter, Serie and some of her first-class mages discuss the format of the third exam. Serie decides she will be in charge of the third exam. Right after the events of the previous chapter, Serie decides who passes and fails based on her instincts. She fails Kanne, Dünste, Laufen, Scharf, and Ehre because they cannot visualize becoming first-class mages, and Frieren due to their ongoing ideological dispute over magic. Frieren tells Serie she was only able to meet the Hero Party due to the flower field spell Serie finds foolish; she also tells Serie she will not be able to fail Fern. Fern is able to see the instability in Serie's mana; delighted, Serie asks her to be her apprentice, but Fern rejects.","[{""name"": ""Serie""}, {""name"": ""Sense""}, {""name"": ""Genau""}, {""name"": ""Falsch"", ""type"": ""Debut""}, {""name"": ""Lernen"", ""type"": ""Debut""}, {""name"": ""Demon King"", ""type"": ""Mentioned""}, {""name"": ""Frieren""}, {""name"": ""Fern""}, {""name"": ""Kanne""}, {""name"": ""Dünste""}, {""name"": ""Laufen""}, {""name"": ""Scharf""}, {""name"": ""Ehre""}, {""name"": ""Himmel"", ""type"": ""Flashback""}, {""name"": ""Heiter"", ""type"": ""Flashback""}, {""name"": ""Eisen"", ""type"": ""Flashback""}, {""name"": ""Flamme"", ""type"": ""Mentioned""}]"
58,Serie's Intuition,https://frieren.fandom.com/wiki/Chapter_58,18,"Right after the events of the previous chapter, Serie continues to try to persuade Fern to become her apprentice. However, Fern continues to refuse, and Serie relents and passes her, as she isn't foolish enough to hold back a talented mage. Serie speaks with the remaining candidates and passes Denken, Übel, Land, Wirbel, and Methode. Afterwards, the examinees gather outside the Continental Magic Association either celebrating or commiserating. Denken thanks Frieren for her help, as now he can visit his wife's grave in his hometown. The third stage of the First-Class Mage Exam concludes.","[{""name"": ""Fern""}, {""name"": ""Serie""}, {""name"": ""Frieren"", ""type"": ""Flashback""}, {""name"": ""Denken""}, {""name"": ""Übel""}, {""name"": ""Land""}, {""name"": ""Wirbel""}, {""name"": ""Methode""}, {""name"": ""Sense""}, {""name"": ""Scharf""}, {""name"": ""Ehre""}, {""name"": ""Kanne""}, {""name"": ""Denken's wife"", ""type"": ""Mentioned""}]"
59,With a Little Help,https://frieren.fandom.com/wiki/Chapter_59,18,"After the conclusion of the First-Class Mage Exam, many examinees remain in Äußerst as they prepare for their next courses of action. Denken treats Laufen, Fern, and Stark to sweets, as his wife passed away when he was young and he has no one to spend his money on. He asks Fern to thank Frieren for reminding him of the joy of magic because Frieren was the one who inspired him to become a mage.
Meanwhile, Wirbel encounters Frieren, and they discuss Wirbel's motivations. Wirbel tells Frieren that the silly adventure stories about Himmel the Hero were what brought him this far, and Frieren recalls Himmel saying that he would not turn his back on people who need a little help even if such actions do not change the world. Frieren reckons that the world is changing after all. Fern later asks Stark and Frieren to attend the ceremony for the special privileges granted to the new first-class mages, but Frieren appears displeased at the thought.","[{""name"": ""Fern""}, {""name"": ""Stark""}, {""name"": ""Laufen""}, {""name"": ""Denken""}, {""name"": ""Denken's wife"", ""type"": ""Flashback""}, {""name"": ""Glück"", ""type"": ""Mentioned (Indirectly)""}, {""name"": ""Serie"", ""type"": ""Imagined""}, {""name"": ""Emperor"", ""type"": ""Cameo""}, {""name"": ""Frieren""}, {""name"": ""Old woman that drops fruits"", ""type"": ""Debut"", ""link"": ""List of Characters/Minor#First-Class Mage Exam Arc""}, {""name"": ""Wirbel""}, {""name"": ""Übel"", ""type"": ""Flashback""}, {""name"": ""Böse"", ""type"": ""Imagined Debut""}, {""name"": ""Himmel"", ""type"": ""Flashback""}, {""name"": ""Heiter"", ""type"": ""Flashback""}, {""name"": ""Eisen"", ""type"": ""Flashback""}, {""name"": ""Demon that attacked Wirbel's hometown"", ""type"": ""Flashback Debut"", ""link"": ""List of Characters/Minor#First-Class Mage Exam Arc""}, {""name"": ""Scharf""}, {""name"": ""Ehre""}, {""name"": ""Demon King"", ""type"": ""Mentioned""}]"
60,Departure and Farewell,https://frieren.fandom.com/wiki/Chapter_60,18,"Right after the events of the previous chapter, the Receptionist at the Continental Magic Association tells Frieren's Party that Serie has banned Frieren for the next thousand years. Stark remains with Frieren while Fern attends the ceremony. Serie's apprentice Lernen approaches them and attacks Frieren. He wishes to leave his mark on history so that evidence of Serie's life will remain, but Frieren tells him a duel is unnecessary, as despite her attitude, Serie remembers all her apprentices. After the ceremony, Frieren's Party bid farewell to various people in Äußerst, and then they depart from the city to head further north. Fern comments that Frieren keeps her farewells short and simple; Frieren remembers that Himmel did the same, because a tearful farewell would be embarrassing when they meet again.","[{""name"": ""Frieren""}, {""name"": ""Fern""}, {""name"": ""Stark""}, {""name"": ""CMA Receptionist"", ""link"": ""List of Characters/Minor#First-Class Mage Exam Arc""}, {""name"": ""Lernen""}, {""name"": ""Demon King"", ""type"": ""Mentioned""}, {""name"": ""Serie"", ""type"": ""Flashback""}, {""name"": ""Flamme"", ""type"": ""Mentioned""}, {""name"": ""Serie's other students"", ""type"": ""Flashback Debut"", ""link"": ""List of Characters/Minor#First-Class Mage Exam Arc""}, {""name"": ""Art of War old man"", ""link"": ""List of Characters/Minor#First-Class Mage Exam Arc""}, {""name"": ""Lawine""}, {""name"": ""Kanne""}, {""name"": ""Sein"", ""type"": ""Mentioned""}, {""name"": ""Himmel"", ""type"": ""Flashback""}, {""name"": ""Eisen"", ""type"": ""Flashback""}, {""name"": ""Heiter"", ""type"": ""Flashback""}, {""name"": ""Traveler who was with the Hero Party for 2 weeks"", ""type"": ""Flashback Debut"", ""link"": ""List of Characters/Minor#First-Class Mage Exam Arc""}, {""name"": ""Ehre""}, {""name"": ""Wirbel""}, {""name"": ""Scharf""}, {""name"": ""Richter""}, {""name"": ""Laufen""}, {""name"": ""Denken""}, {""name"": ""Methode""}, {""name"": ""Länge""}, {""name"": ""Ton""}, {""name"": ""Übel""}]"
61,Magic-Nullifying Crystal,https://frieren.fandom.com/wiki/Chapter_61,18,"Twenty-nine years after the death of Himmel the Hero, Frieren's Party is in the Saum Marshes. Frieren finds a Magic-Nullifying Crystal and tells Fern and Stark about its properties. Later, the ground collapses beneath them and they fall into a cave made of magic-nullifying crystal, which they trek through. Fern wonders how Frieren can sleep so soundly in their situation, as the crystals prevent them from using magic, and Fern admits to Stark that she is terrified. They are suddenly interrupted by a Venomous Apex Dragon bursting out of the water, and as they prepare to face it, Frieren tells Stark that she is able to sleep soundly because she has entrusted her life to him, and if he wants to flee, then they will flee together as they are a party, just as the Hero Party did. She pours mana into a magic-nullifying crystal and uses it to blind the dragon, and Frieren's party escapes from the cave together. They then continue on their travels north.","[{""name"": ""Stark""}, {""name"": ""Fern""}, {""name"": ""Frieren""}, {""name"": ""Eisen"", ""type"": ""Flashback""}, {""name"": ""Himmel"", ""type"": ""Flashback""}, {""name"": ""Heiter"", ""type"": ""Flashback""}]"
62,Why I Set Out on This Journey,https://frieren.fandom.com/wiki/Chapter_62,18,"Twenty-nine years after the death of the Hero Himmel, Frieren's Party is in the Great Sanft Forest. Stark accidentally walks to the river when Fern and Frieren are bathing, and the mood becomes tense. They arrive at a fork in the road between the Northern Plateau and Neutral Harbor. Inside the inn at the fork they encounter Wirbel, Ehre, and Scharf. Wirbel asks Frieren to let him convince Stark to help him in the war in the Northern Frontier for two or three years to stabilize the front. Frieren agrees, and states that perhaps Stark felt uncomfortable in their party. Later that evening, Fern approaches Stark who tells her that he turned Wirbel down and that he genuinely wanted to join Fern and Frieren, in large part because of Fern's encouragement. The next day, Wirbel's Party and Frieren's Party go their separate ways, with Wirbel stating they will meet again at the Northern Frontier sooner or later.","[{""name"": ""Stark""}, {""name"": ""Frieren""}, {""name"": ""Fern""}, {""name"": ""Wirbel""}, {""name"": ""Ehre""}, {""name"": ""Scharf""}, {""name"": ""Sein"", ""type"": ""Flashback""}]"
63,The Hero of the South,https://frieren.fandom.com/wiki/Chapter_63,18,"Twenty-nine years after the death of the Hero Himmel, Frieren's Party are in Fabel Village. They receive a request to polish a hero's statue. To Fern and Stark's surprise, it is not a statue of Himmel, but of the Hero of the South. Frieren explains the feats of the Hero of the South, who wiped out the Demon King's frontline forces, killed three of the Seven Sages of Destruction, and ultimately slayed Schlacht the Omniscient.
As they clean up his statue, Frieren recalls meeting the Hero of the South while she was living in the Central Lands. He is unable to convince her to join him, but he tells her his secret: he can actually see the future, and has foreseen he will die in a year. However, he tells Frieren that a young hero will visit her soon and that she will defeat the Demon King with him; he asks her to tell this hero that he, humanity's greatest hero, promises he will blaze a path to the future, even if he doesn't make a mark on history. Frieren finishes polishing his statue and thinks that he has, in fact, made his mark in history.","[{""name"": ""Chief of Fabel Village"", ""type"": ""Debut"", ""link"": ""List of Characters/Minor#Continued Northern Travels Arc""}, {""name"": ""Frieren""}, {""name"": ""Fern""}, {""name"": ""Stark""}, {""name"": ""Schlacht"", ""type"": ""Imagined Debut""}, {""name"": ""Seven Sages Of Destruction"", ""type"": ""Cameo"", ""link"": ""Seven Sages of Destruction""}, {""name"": ""Macht"", ""type"": ""Cameo""}, {""name"": ""Grausam"", ""type"": ""Cameo""}, {""name"": ""Aura"", ""type"": ""Imagined""}, {""name"": ""Böse"", ""type"": ""Imagined""}, {""name"": ""Hero of the South"", ""type"": ""Flashback Debut""}, {""name"": ""Heiter"", ""type"": ""Flashback""}, {""name"": ""Himmel"", ""type"": ""Flashback""}, {""name"": ""Eisen"", ""type"": ""Flashback""}, {""name"": ""Demon King"", ""type"": ""Mentioned""}]"
64,The Demon with a Sword,https://frieren.fandom.com/wiki/Chapter_64,18,"Twenty-nine years after the Hero Himmel's passing, Frieren's Party are in Graf Dach's Domain. To Stark and Fern's surprise, Frieren is in a rush to leave the town. Graf Dach invites them to a banquet before they can leave, and request they retrieve an heirloom sword stolen by a demon. Frieren's Party head in the direction the demon fled, and after journeying, find a village in ruins with a lone priestess in the area. The priestess asks them to pray for the villagers with her, but Frieren blasts a grave and reveals no one is buried, because the villagers were eaten by the fake priestess, who is actually the demon with a sword. They defeat the demon and Frieren remembers Himmel declaring that he would never leave people in need, no matter how challenging the request. They return the sword to Graf Dach and continue on their travels.","[{""name"": ""Stark""}, {""name"": ""Frieren""}, {""name"": ""Fern""}, {""name"": ""Graf Dach's Butler"", ""type"": ""Debut"", ""link"": ""List of Characters/Minor#Continued Northern Travels Arc""}, {""name"": ""Graf Dach"", ""type"": ""Debut""}, {""name"": ""Dach's great-grandfather"", ""type"": ""Flashback Debut"", ""link"": ""List of Characters/Minor#Continued Northern Travels Arc""}, {""name"": ""Eisen"", ""type"": ""Flashback""}, {""name"": ""Himmel"", ""type"": ""Flashback""}, {""name"": ""Heiter"", ""type"": ""Flashback""}, {""name"": ""The demon who previously stole Graf Dach's heirloom sword"", ""type"": ""Flashback Debut"", ""link"": ""List of Characters/Minor#Continued Northern Travels Arc""}, {""name"": ""Sword demon"", ""type"": ""Debut"", ""link"": ""List of Characters/Minor#Continued Northern Travels Arc""}]"
65,The Secret Hot Spring of the Etwas Mountains,https://frieren.fandom.com/wiki/Chapter_65,18,"Twenty-nine years after the Hero Himmel's passing, Frieren's Party are in the Etwas Mountains. The temperature is warmer because they have reached a volcanic belt, and Fern is excited at the prospect of a hot spring. However, the village and hot springs that Frieren expects to find have been abandoned for 30 years, and the hot springs have dried up. The family in the cabin that tells them of this mentions there is a secret hot spring in the Etwas Mountains. Stark wants to check out the secret hot spring despite Frieren's insistence it's not worth the time and effort. They journey to the secret hot spring, defeating a three-headed lizard along the way, and find a shallow hot spring only suitable for a footbath. However, Stark points out it isn't bad, as it means they can all get in together and look at the view - the same one Eisen and the Hero Party had saw. Afterwards, they trek back to the main road from the hot spring.","[{""name"": ""Frieren""}, {""name"": ""Fern""}, {""name"": ""Stark""}, {""name"": ""Etwas Mountains family"", ""type"": ""Debut"", ""link"": ""List of Characters/Minor#Continued Northern Travels Arc""}, {""name"": ""Eisen"", ""type"": ""Flashback""}, {""name"": ""Heiter"", ""type"": ""Flashback""}, {""name"": ""Himmel"", ""type"": ""Flashback""}]"
66,The Places She Would Like,https://frieren.fandom.com/wiki/Chapter_66,18,"Twenty-nine years after the Hero Himmel's passing, Frieren's Party are in the Fortified City of Heiß. As they have some free time, Stark, in an attempt to get even with Fern's harshness, asks her on a date. To his surprise, she accepts. Stark then asks Frieren for advice on what Fern would like, and Frieren takes him to spots around the city she thinks Fern would enjoy. Stark comments that she knows Fern well, but Frieren says it is really Heiter who knew her well. Nonetheless, Stark says it is impressive for Frieren to remember all these things, and she is managing to be a good parent after all. The next morning, Fern asks Frieren which dress is better. A tired Frieren says they're the same, and Fern braids Frieren's hair angrily. After, Stark and Fern meet in the streets, and head out on their date.","[{""name"": ""Frieren""}, {""name"": ""Fern""}, {""name"": ""Stark""}, {""name"": ""Himmel"", ""type"": ""Flashback""}, {""name"": ""Heiter"", ""type"": ""Flashback""}, {""name"": ""Eisen"", ""type"": ""Flashback""}, {""name"": ""Bathhouse woman"", ""type"": ""Debut"", ""link"": ""List of Characters/Minor#Continued Northern Travels Arc""}]"
67,Peaceful Time,https://frieren.fandom.com/wiki/Chapter_67,17,"Right after the events of the previous chapter, Fern and Stark go on their date together. Stark takes Fern to all the places Frieren showed him, including a market, street food vendors, a statue of Himmel in the town plaza, a dessert place, and an overlook of the city. Stark comments that Fern isn't having much fun, as she hasn't smiled all day. Fern admits that while Stark took her to places she'd normally like, it didn't feel like places he would choose. Stark admits that he had Frieren pick all the spots, and while Fern admits that she is a little disappointed, she is happy he put so much thought into the date for her. Afterwards, they sit together and talk about their masters; later, Fern and Frieren sit in the hot springs together, and Frieren notes that Fern is in a good mood. The next day, they depart from the Fortified City of Heiß and continue on their travels, this time with Frieren's hair in good-mood braids.","[{""name"": ""Fern""}, {""name"": ""Stark""}, {""name"": ""Frieren""}, {""name"": ""Himmel"", ""type"": ""Mentioned""}, {""name"": ""Heiter"", ""type"": ""Mentioned""}, {""name"": ""Eisen"", ""type"": ""Flashback""}]"
68,Northern Plateau,https://frieren.fandom.com/wiki/Chapter_68,18,"Twenty-nine years after the Hero Himmel's passing, Frieren's Party is in the Nachricht Region. They pass through the checkpoint to the Northern Plateau, and quickly encounter a variety of different monsters. They stop at a cabin, where a villager requests they subjugate a monster further up the road. Stark questions why the villagers don't leave for safer lands, but the villager says that this land is filled with his family's memories, and asks how one could abandon their hometown. After subjugating the monster, Stark wonders if going by sea would have been easier, but Frieren recalls Himmel saying he wants to protect other people's homes, not just his own, and she tells Stark that many people call the Northern Plateau home. Stark and Fern both agree, and the party then continues their travels.","[{""name"": ""Stoltz"", ""type"": ""Chapter Cover""}, {""name"": ""Stark""}, {""name"": ""Frieren""}, {""name"": ""Fern""}, {""name"": ""Northern Plateau border guard"", ""link"": ""List of Characters/Minor#Continued Northern Travels Arc""}, {""name"": ""Nachricht Region villager"", ""link"": ""List of Characters/Minor#Continued Northern Travels Arc""}, {""name"": ""Eisen"", ""type"": ""Flashback""}, {""name"": ""Heiter"", ""type"": ""Flashback""}, {""name"": ""Himmel"", ""type"": ""Flashback""}]"
69,Boshaft—The Emperor's Spirit,https://frieren.fandom.com/wiki/Chapter_69,18,"Twenty-nine years after the passing of Himmel the Hero, Frieren's Party arrives at a town in the Bier Region. They overhear that a Dwarf named Fass, who has been seeking the alcoholic drink Boshaft—said to be the finest spirit in the world—is close to finding it after searching for two centuries. Fass asks for Frieren's assistance, as he has found the ruins Boshaft is stored in based on a stone tablet in Ancient Elvish and needs help breaking the barrier spell over the door.
Frieren ends up deciphering the barrier after three months, but she is unhappy as she knows the truth behind the alcohol, which the elf Milliarde, despondent after spending her whole life pursuing something worthless, had hid for no reason. Frieren worries the same fate will befall Fass, but upon finally trying Boshaft, Fass laughs in delight and makes the whole town try it. Fass tells them that although the drink was disappointing, he is glad that they were there, as he has never had such a fun night.","[{""name"": ""Stark""}, {""name"": ""Fern""}, {""name"": ""Frieren""}, {""name"": ""Bier region tavern guests"", ""type"": ""Debut"", ""link"": ""List of Characters/Minor#Continued Northern Travels Arc""}, {""name"": ""Heiter"", ""type"": ""Flashback""}, {""name"": ""Fass"", ""type"": ""Debut""}, {""name"": ""Eisen"", ""type"": ""Flashback""}, {""name"": ""Himmel"", ""type"": ""Flashback""}, {""name"": ""Demon King"", ""type"": ""Mentioned""}, {""name"": ""Milliarde"", ""type"": ""Flashback Debut""}]"
70,The Norm Company,https://frieren.fandom.com/wiki/Chapter_70,18,"Thirty years after the Hero Himmel's passing, Frieren's Party are in the Norm Company Territory. Norm, the president of the company, asks Frieren to pay off her debt from the time of the Hero Party detailed on a promissory note. Due to interest, she does not have enough money and he sends her to the mines for 300 years. However, it is revealed that due to demon attacks, the distribution networks of the Northern Plateau are in terrible shape, and this was simply a ploy by Norm to get Frieren to discover silver ore in the mines and rebuild the Norm Company, as a total collapse would cause many to starve to death. Frieren agrees to help, and after finding the silver ore, Frieren reunites with her party, who were about to raid the mine to break her out.","[{""name"": ""Frieren""}, {""name"": ""Fern""}, {""name"": ""Stark""}, {""name"": ""Norm"", ""type"": ""Debut"", ""link"": ""List of Characters/Minor#Named Characters""}, {""name"": ""Norm Company miners"", ""type"": ""Debut"", ""link"": ""List of Characters/Minor#Continued Northern Travels Arc""}, {""name"": ""Lord Norm"", ""type"": ""Flashback Debut"", ""link"": ""List of Characters/Minor#Named Characters""}, {""name"": ""Goddess of Creation"", ""type"": ""Mentioned""}]"
71,Subjugation Request,https://frieren.fandom.com/wiki/Chapter_71,18,"Thirty years after the Hero Himmel's passing, Genau is in the Rufen Region in the ruins of his hometown. Genau subjugates all the demons and finds the dying baker's son. He reassures him that the townspeople are safe, and when the man dies, he carries his body back to Methode. Methode reassures him that the town's deaths are not his fault. Suddenly, the two first-class mages mages sense two mages. Frieren bursts in through the church window, with the rest of the party at the ready outside, as they had also received the subjugation request, and upon arriving, Genau's killing-intent filled mana made her believe he was a demon. Methode says that it is strange that the village was slaughtered even with the Chivalric Order of Norm stationed there, and Genau shares that he believes the demon who attacked the village is still alive. Frieren smiles and says they can help.","[{""name"": ""Rufen Region demon"", ""link"": ""List of Characters/Minor#Divine Revolte Arc""}, {""name"": ""Genau""}, {""name"": ""Serie"", ""type"": ""Mentioned""}, {""name"": ""Baker's son"", ""link"": ""List of Characters/Minor#Divine Revolte Arc""}, {""name"": ""Methode""}, {""name"": ""Goddess of Creation"", ""type"": ""Statue""}, {""name"": ""Frieren""}, {""name"": ""Fern""}, {""name"": ""Stark""}, {""name"": ""Village garrison captain"", ""link"": ""List of Characters/Minor#Divine Revolte Arc""}]"
72,The General,https://frieren.fandom.com/wiki/Chapter_72,18,"Right after the events of the previous chapter, Genau reapplies a barrier to the church and tells Stark burial traditions in the Northern Plateau. Methode tells Frieren that as Serie's apprentice, she has been tasked to subjugate demons with Genau. In a flashback, Methode questions Serie's decision to pair her with Genau, who tells her to not be like him, as he likes fighting and is not a decent person. After, the group shares information on the demon that attacked the village, which they believe to be a quadruple wielder. Meanwhile, a distance away from the village in the ruins of a castle, a young demon runs up to Revolte and tells him that prey have fallen into their trap. Revolte tells the young demon they will wait for them to split up, as although he does not understand why, he has noticed that humans have a habit of leaving someone behind to protect corpses.","[{""name"": ""Methode""}, {""name"": ""Stark""}, {""name"": ""Frieren""}, {""name"": ""Fern""}, {""name"": ""Genau""}, {""name"": ""Serie"", ""type"": ""Flashback""}, {""name"": ""Genau's previous partner"", ""type"": ""Flashback"", ""link"": ""List of Characters/Minor#Divine Revolte Arc""}, {""name"": ""Übel"", ""type"": ""Mentioned""}, {""name"": ""Eisen"", ""type"": ""Mentioned""}, {""name"": ""Young Demon"", ""link"": ""List of Characters/Minor#Named Characters""}, {""name"": ""Revolte"", ""type"": ""Debut""}]"
73,Encounter Battle,https://frieren.fandom.com/wiki/Chapter_73,18,"Right after the events of the previous chapter, the group of mages splits up. Stark stays with Genau to guard the corpses in town while Frieren, Fern, and Methode head off to search for demons. Genau tells Stark that he is a good man, but he won't survive long; Genau himself does not know what he's doing here after everything he has abandoned. Meanwhile, Methode, Fern, and Frieren trek through the forest. They are found by two unnamed demons who create a magic fog made of mana and split the mages up. Frieren decides to leave the fight to Fern, since she is the first-class mage.","[{""name"": ""Genau""}, {""name"": ""Stark""}, {""name"": ""Fern""}, {""name"": ""Methode""}, {""name"": ""Frieren""}, {""name"": ""Serie"", ""type"": ""Flashback""}, {""name"": ""Fog Control Demon"", ""link"": ""List of Characters/Minor#Unnamed Characters""}, {""name"": ""Whirlwind Attack Demon"", ""link"": ""List of Characters/Minor#Unnamed Characters""}]"
74,Divine Revolte,https://frieren.fandom.com/wiki/Chapter_74,18,"Stark returns to the campfire and shares a late-night snack with Genau, who identifies the demon that attacked the village as the Divine Revolte, the same demon who killed his former partner. When Revolte appears, he immediately attacks them. Genau uses the spell to manipulate niello wings: Digardnacht to block Revolte's blows and warns Stark not to take the attacks head-on, but Stark is still struck, creating an opening for Genau to wound Revolte. Revolte recognizes Genau and taunts him about his dead comrade, then tricks him by using a demon disguised as a child to exploit human instincts to protect children. Although Genau is stabbed in the torso, he quickly recovers and kills the disguised demon, realizing his judgment had been clouded by memories of his fallen partner. Revolte moves to finish Genau, but Stark blocks him, refusing to stay down. As Stark insists that the last person standing wins, Genau agrees and decides to keep fighting alongside him.","[{""name"": ""Fern"", ""type"": ""Chapter Cover""}, {""name"": ""Frieren"", ""type"": ""Chapter Cover""}, {""name"": ""Genau""}, {""name"": ""Stark""}, {""name"": ""Methode"", ""type"": ""Mentioned""}, {""name"": ""Revolte""}, {""name"": ""Young Demon"", ""link"": ""List of Characters/Minor#Named Characters""}, {""name"": ""Genau's previous partner"", ""type"": ""Flashback"", ""link"": ""List of Characters/Minor#Divine Revolte Arc""}, {""name"": ""Serie"", ""type"": ""Flashback""}]"
75,Erilfrachte-The Spell to Dispel Fog,https://frieren.fandom.com/wiki/Chapter_75,18,,"[{""name"": ""Fog Control Demon"", ""link"": ""List of Characters/Minor#Unnamed Characters""}, {""name"": ""Fern""}, {""name"": ""Frieren""}, {""name"": ""Methode""}, {""name"": ""Whirlwind Attack Demon"", ""link"": ""List of Characters/Minor#Unnamed Characters""}]"
76,Settling,https://frieren.fandom.com/wiki/Chapter_76,18,,"[{""name"": ""Genau""}, {""name"": ""Stark""}, {""name"": ""Revolte""}, {""name"": ""Methode""}, {""name"": ""Fern""}, {""name"": ""Frieren""}, {""name"": ""Sein"", ""type"": ""Flashback""}]"
77,A Thunder of Dragons,https://frieren.fandom.com/wiki/Chapter_77,18,"Thirty years after the Hero Himmel's passing, Frieren's Party is in the Drachen Region. They find a village destroyed by a dragon attack, and agree to slay the thunder of dragons in exchange for a spell that allows you to say tongue twisters without tripping over your words. After exterminating the dragons, they receive the reward, and Fern asks Frieren why she always takes rewards for helping others. Frieren explains that Himmel did not want to put others in their debt. Meanwhile, Denken meets Lernen and Edel, who assign him the duty of maintaining the barrier that seals the Golden Land.","[{""name"": ""Stark""}, {""name"": ""Fern""}, {""name"": ""Frieren""}, {""name"": ""Drachen Region chief"", ""type"": ""Debut"", ""link"": ""List of Characters/Minor#The Golden Land Arc""}, {""name"": ""Heiter"", ""type"": ""Flashback""}, {""name"": ""Eisen"", ""type"": ""Flashback""}, {""name"": ""Himmel"", ""type"": ""Flashback""}, {""name"": ""Denken""}, {""name"": ""Lernen""}, {""name"": ""Edel""}, {""name"": ""Serie"", ""type"": ""Mentioned""}, {""name"": ""Macht"", ""type"": ""Imagined Debut""}]"
78,Lake Korridor,https://frieren.fandom.com/wiki/Chapter_78,18,"Thirty years after the Hero Himmel's passing, Frieren's Party is in a port city by Lake Korridor, waiting for the rain to stop to cross the lake safely. After waiting out the winter, Frieren asks a ferryman to boat them over, but they do not have enough funds to pay for the fare. The ferryman offers a request to find the Hero Himmel's lost memoir in lieu of payment, and Frieren accepts. After dismantling the barrier protecting the abandoned monastery where the memoir was rumored to be, Frieren locates the memoir and offers it to the ferryman. However, the ferryman refuses to take it, as Frieren appears sad while reading it, and tells her that there are likely enough different valuable books to cover the fare's cost.","[{""name"": ""Stark""}, {""name"": ""Fern""}, {""name"": ""Frieren""}, {""name"": ""Lake Korridor ferryman"", ""type"": ""Debut"", ""link"": ""List of Characters/Minor#The Golden Land Arc""}, {""name"": ""Himmel"", ""type"": ""Flashback""}, {""name"": ""Eisen"", ""type"": ""Flashback""}, {""name"": ""Heiter"", ""type"": ""Flashback""}]"
79,The Great Tor Canyon,https://frieren.fandom.com/wiki/Chapter_79,18,"Thirty years after the Hero Himmel’s passing, Frieren’s Party is at the Great Tor Canyon, and is unable to cross it safely. They encounter the dwarf Gehen and his bridge, but are informed that giant bird monsters have made it dangerous to cross. Gehen requests Frieren to exterminate the monsters in exchange for a spell that lets you flip pancakes perfectly, and Frieren accepts the quest. When Stark asks Frieren why Gehen has chosen to build a bridge across the canyon, Frieren explains that Gehen’s village had been destroyed by demons, and the nearest soldiers were across the canyon and unable to help. After destroying the nest, Frieren asks Gehen what he plans on doing now that his task is complete, and Gehen responds by saying that he will spend the rest of his life at the new village, to Frieren’s surprise.","[{""name"": ""Fern""}, {""name"": ""Stark""}, {""name"": ""Frieren""}, {""name"": ""Gehen"", ""type"": ""Debut"", ""link"": ""List of Characters/Minor#Named Characters""}, {""name"": ""Eisen"", ""type"": ""Flashback""}, {""name"": ""Himmel"", ""type"": ""Flashback""}, {""name"": ""Heiter"", ""type"": ""Flashback""}, {""name"": ""Garrison near the Tor canyon"", ""type"": ""Flashback Debut"", ""link"": ""List of Characters/Minor#The Golden Land Arc""}, {""name"": ""Great Tor canyon villager"", ""type"": ""Debut"", ""link"": ""List of Characters/Minor#The Golden Land Arc""}]"
80,Holy Snow Crystals,https://frieren.fandom.com/wiki/Chapter_80,18,"Thirty years after the hero Himmel's passing, Frieren, Fern, and Stark are in the Schmal Snowfield, of the Northern Plateau. Frieren remarks their lack of travelling funds, and takes a detour in an attempt to earn money upon noticing something. The trio walk into an adventurers camp, one built by those who gathered in a search of valuable Holy Snow Crystals. Stark suggests mining these minerals as a way of making money, but Frieren shoots him down. They head towards a marketplace within the camp, and Fern remarks on the high prices of goods. With an explanation from Frieren on why Holy Snow Crystals are valuable, Fern realizes that subjugation rewards would also be greater. The trio are then tasked by a local man to eliminate the monsters nested in a massive vein, and to erect an anti-personnel barrier to prevent trespassing. Frieren accepts the request, and heads to their destination. They eliminate the a wolf-like monster there, and camp for the night. The next morning, they marvel at the sight, and erect the barrier. At their return, the man gives them their promised rewards.","[{""name"": ""Fern""}, {""name"": ""Frieren""}, {""name"": ""Stark""}, {""name"": ""Schmal snowfield miner"", ""type"": ""Debut"", ""link"": ""List of Characters/Minor#The Golden Land Arc""}, {""name"": ""Schmal snowfield adventurer"", ""type"": ""Debut"", ""link"": ""List of Characters/Minor#The Golden Land Arc""}, {""name"": ""Heiter"", ""type"": ""Flashback""}, {""name"": ""Himmel"", ""type"": ""Flashback""}, {""name"": ""Eisen"", ""type"": ""Flashback""}, {""name"": ""Demon King"", ""type"": ""Mentioned""}]"
81,The Golden Land,https://frieren.fandom.com/wiki/Chapter_81,18,"Thirty years after the Hero Himmel's passing, Frieren's Party are in the Weise Region. Frieren's Party receives a private request from first-class mage Lernen to assist the new barrier keeper of the Golden Land, which is a region transformed into gold at the hands of Macht, one of the Seven Sages of Destruction, fifty years ago. Frieren is initially wary but accepts due to a grimoire that is included as the reward. Upon arriving at the Golden Land, they find that the new keeper of the Golden Land's barrier is Denken, who finally receives the post after successfully becoming a first-class mage. Denken, having revisited his hometown, intends to face Macht of Golden Land and return the Golden Land to normal, an idea which Frieren immediately dismisses as she refuses to engage in a battle with Macht. It turns out that Macht is one of the eleven people Frieren has lost to, and she can still not picture herself defeating Macht. Frieren says it is the best choice to leave him sealed inside the barrier until he dies, to which Denken says that was his initial idea. However, after he revisited his hometown and visited his wife's grave, he decided on this undertaking. Denken tells Frieren's Party they do not have to accept the request and that he intends to face Macht alone, but Frieren, after recalling a memory with Himmel and the Hero Party, agrees to help Denken ""seize a chance of victory.""","[{""name"": ""Frieren""}, {""name"": ""Fern""}, {""name"": ""Stark""}, {""name"": ""Lernen"", ""type"": ""Flashback""}, {""name"": ""Denken""}, {""name"": ""Serie"", ""type"": ""Mentioned""}, {""name"": ""Glück"", ""type"": ""Mentioned""}, {""name"": ""Macht"", ""type"": ""Flashback""}, {""name"": ""Qual"", ""type"": ""Flashback""}, {""name"": ""Emperor"", ""type"": ""Cameo""}, {""name"": ""Denken's wife"", ""type"": ""Flashback""}, {""name"": ""Himmel"", ""type"": ""Flashback""}, {""name"": ""Heiter"", ""type"": ""Flashback""}, {""name"": ""Eisen"", ""type"": ""Flashback""}, {""name"": ""Flamme"", ""type"": ""Flashback""}]"
82,Diagoldze—The Spell to Transmute All Creation into Gold,https://frieren.fandom.com/wiki/Chapter_82,18,"Denken invites Frieren's Party into the hut prepared for the barrier keepers, explaining that barely anyone uses it. Frieren remarks it is because the Golden Land and Macht naturally makes mages nervous. Fern is also anxious and explains that even though the Golden Land is such a huge region magically turned into gold, she cannot feel any mana coming from it. She says that the Golden Land is detected as a mass of pure, solid gold instead of magic. Frieren talks about Macht's specialized magic, the spell to transmute all creation into gold: Diagoldze - an irreversible curse which is imperceptible as magic. It is because of this unique power that Macht is considered the most powerful Sage of Destruction. She concludes that it is impossible to counter his magic and says that Serie's presence is required. Denken begins to tell them about the information he gathered, but Frieren asks him to start from the conclusion. Denken then says if they start from the conclusion, then the conclusion is that it is impossible to defeat Macht.
Meanwhile, first-class mage Lernen and second-class mage Edel are on a wagon. Edel, seeming exhausted, asks Lernen why he went to great lengths to assist Denken. Lernen reveals that they are old friends and were fellow Imperial Mages. When Lernen was expelled from his position, Denken was the only person who defended him until the end, which made Lernen feel indebted. Yet, through many years, like Denken delaying his return to his hometown, Lernen delayed repaying Denken. Therefore, when Denken finally decided to return, Lernen also decided to help him. Edel comments that it was too late, to which Lernen agrees, saying ""There is no such thing as ""someday"" in our lives,"" and that they should have realized sooner.","[{""name"": ""Denken""}, {""name"": ""Frieren""}, {""name"": ""Fern""}, {""name"": ""Stark""}, {""name"": ""Macht"", ""type"": ""Flashback""}, {""name"": ""Sein"", ""type"": ""Flashback""}, {""name"": ""Lernen""}, {""name"": ""Edel""}, {""name"": ""Denken's wife"", ""type"": ""Mentioned""}]"
83,Stone Bracelet of Servitude,https://frieren.fandom.com/wiki/Chapter_83,18,"Denken details the investigation Lernen had launched into the Golden Land, after mentioning that he had entered the Golden Land and left unscathed even after being found by Macht. Lernen recruits second-class mage Edel with him on his quest to investigate the Golden Land, to which Edel reluctantly agrees, while citing that she cannot possibly investigate a demon. He presents her with the replica of the Stone Bracelet of Servitude, the only magical item that is capable of controlling a demon's mind. Apparently, the ruler of the Fortress City of Weise used the Stone Bracelet of Servitude to freely control Macht, until the demon resisted and transmuted the whole city into gold. He informs Edel that Macht of Golden Land was rumored to still be wearing the bracelet and asked her to study its enchantment in an attempt to restore the bracelet. 
Afterwards, they travel to the area outside the Golden Land where they encounter second-class mage Früh, who was part of the party of mages Lernen had asked to conduct a preliminary examination in the Golden Land. Fruh told them that their party encountered Macht inside the Golden Land and was wiped out in the blink of an eye. Lernen then asks why she was able to escape, or why Macht had let her flee. Before she can form a reply, Früh is transmuted into gold so quickly that Edel cannot read her memory. Lernen states that Macht probably delayed her transformation as a warning to outsiders and that they had underestimated Macht.","[{""name"": ""Denken""}, {""name"": ""Frieren""}, {""name"": ""Fern""}, {""name"": ""Stark""}, {""name"": ""Macht"", ""type"": ""Flashback""}, {""name"": ""Serie's apprentices that sealed Macht"", ""type"": ""Imagined Debut"", ""link"": ""List of Characters/Minor#The Golden Land Arc""}, {""name"": ""Edel"", ""type"": ""Flashback""}, {""name"": ""Lernen"", ""type"": ""Flashback""}, {""name"": ""Kanne"", ""type"": ""Memory""}, {""name"": ""Lawine"", ""type"": ""Memory""}, {""name"": ""Methode"", ""type"": ""Flashback""}, {""name"": ""Ewig the Sage"", ""type"": ""Mentioned""}, {""name"": ""Glück"", ""type"": ""Mentioned""}, {""name"": ""Tau"", ""type"": ""Flashback Debut"", ""link"": ""List of Characters/Minor#Named Characters""}, {""name"": ""Second-class mages"", ""type"": ""Flashback Debut"", ""link"": ""List of Characters/Minor#The Golden Land Arc""}, {""name"": ""Früh"", ""type"": ""Flashback Debut"", ""link"": ""List of Characters/Minor#Named Characters""}]"
84,Daredevil,https://frieren.fandom.com/wiki/Chapter_84,18,"Before entering the Golden Land, Lernen leads Edel to meet one of the last remaining survivors of the Fortress City of Weise, who was a servant of the Glück family. He has given permission for Edel to read his memories in the hopes of gathering information on Macht. Edel reads the memory of the feudal lord putting the Stone Bracelet of Servitude on Macht and retells that the lord ordered Macht not to ""hold malice towards the people of Weise.""
As they enter the Golden Land, Edel remarks how the situation was peculiar, since the gold made from Macht's magic is indestructible and thus cannot be refined, it has no real value and thus contradicts the theory that the lord's wish was to gain unfathomable riches. When they enter the city, they are quickly discovered by Macht, who says they should have turned back and that because they did not, he has to kill them and make an example for others. Before Macht can launch his attack, Lernen has made his own, telling him that he has never been praised so remarkably.","[{""name"": ""Frieren"", ""type"": ""Chapter Cover""}, {""name"": ""Denken"", ""type"": ""Chapter Cover""}, {""name"": ""Lernen"", ""type"": ""Memory""}, {""name"": ""Edel"", ""type"": ""Memory""}, {""name"": ""Glück's family servant"", ""type"": ""Memory Debut"", ""link"": ""List of Characters/Minor#The Golden Land Arc""}, {""name"": ""Macht"", ""type"": ""Memory""}, {""name"": ""Glück"", ""type"": ""Memory Debut""}, {""name"": ""Macht's victims in Weise"", ""type"": ""Memory Debut"", ""link"": ""List of Characters/Minor#The Golden Land Arc""}]"
85,Malice,https://frieren.fandom.com/wiki/Chapter_85,18,"Right after First-Class Mage Lernen fires a shot at Macht, Lernen and Macht begin to fight as Second-Class Mage Edel attempts to restore the Stone Bracelet of Servitude. Macht notices that Lernen is only attempting to stall, and not to kill, and questions Lernen as to what his true objective is. Edel informs Lernen that there is no issue with the bracelet, and that everything is working as intended. When Lernen asks how Macht could have turned the city to gold without any malice, Macht tells Lernen that demons do not have any concept of malice, and cannot harbor any in the first place. Lernen decides to retreat to return in the future and summons a golem, but Macht attempts to stop them from retreating, slashing through the golem and wounding Lernen. Edel rushes up outside of Macht's view, briefly touching him and reading his memories. Macht is surprised that she managed to do so, and Lernen congratulates Edel on her work and summons a massive golem. Macht transmutes the golem to gold as it swings its sword, but loses Lernen and Edel in the resulting smoke.","[{""name"": ""Macht"", ""type"": ""Memory""}, {""name"": ""Lernen"", ""type"": ""Memory""}, {""name"": ""Edel"", ""type"": ""Memory""}, {""name"": ""Denken""}, {""name"": ""Frieren""}, {""name"": ""Fern""}, {""name"": ""Stark""}]"
86,Discussions,https://frieren.fandom.com/wiki/Chapter_86,18,"Denken reveals that he has been able to enter and leave the Golden Land as well as converse with Macht because he is a citizen of the Fortress City of Weise, thereby binding Macht to ""serve"" him. As a result, Macht presumably cannot kill him. When asked why he persists with meaningless talks, Denken explains it is because he wants to return the Golden Land to normal. Since Macht's magic remains even after he perishes, Denken cannot kill him even if he managed to find a way to do so. Frieren then asks to join the talks, saying she wants to confirm something by seeing Macht face-to-face.
The four of them go to see Macht inside the Fortress City of Weise. Frieren tries to instigate a fight with Macht upon meeting him again, but Denken stops Macht from escalating. Afterwards, Macht serves them tea and they have a brief conversation. However, when questioned why he keeps killing people even though he wants to coexist, Macht seems confused as to the point of the question, which leads Frieren to conclude they will never be able to understand each other. As they leave, Frieren asks Denken about the relationship between him and Macht. Denken replies that Macht used to be his magic teacher.","[{""name"": ""Denken""}, {""name"": ""Frieren""}, {""name"": ""Fern""}, {""name"": ""Stark""}, {""name"": ""Glück"", ""type"": ""Flashback""}, {""name"": ""Flamme"", ""type"": ""Mentioned""}, {""name"": ""Macht""}, {""name"": ""Demon King"", ""type"": ""Mentioned""}]"
87,Affection,https://frieren.fandom.com/wiki/Chapter_87,17,"Back at the keeper's hut, Denken fills the others in on the history between him and Macht. He says that Macht had begun serving the feudal lord eighty years ago and was only equipped with the Stone Bracelet of Servitude twenty years after. However, it was not the Bracelet that made him benign; during his servitude he had never once disobeyed Lord Glück's orders. Denken then asks Frieren whether she had found a clue to defeating Macht from the talk, but Frieren seems to evade the question, saying that she does not have enough confidence to call it a chance of victory. She then asks Denken about the details of Macht's memories. Denken replies that he has not finished analyzing the memories due to the fact they cover up to a hundred years ago. Having heard this, Frieren agrees to help Denken analyze and read the memories together.
Meanwhile in the Golden Land, Macht ponders to himself about the difference in sensibilities between humans and demons and predicts that Frieren will see his memories. He expresses the wish to ""engage in battle"" with her ""for the sake of coexistence"" and to find the answer he has been looking for there. 
In Macht's recollections, he is in the midst of destroying a human village when he encounters a priest who recognizes that he doesn't experience emotions of malice or guilt and expresses pity for him. After killing the priest, he begins having doubts about the emotions which humans possess but demons like him lack. This is the beginning of his journey to attempt to understand human emotions and find a path for coexistence.","[{""name"": ""Denken""}, {""name"": ""Frieren""}, {""name"": ""Fern""}, {""name"": ""Stark""}, {""name"": ""Glück"", ""type"": ""Flashback""}, {""name"": ""Edel"", ""type"": ""Flashback""}, {""name"": ""Macht""}, {""name"": ""Demon King"", ""type"": ""Mentioned""}, {""name"": ""Slain priest"", ""type"": ""Memory"", ""link"": ""List of Characters/Minor#The Golden Land Arc""}]"
88,Solitär,https://frieren.fandom.com/wiki/Chapter_88,18,"Macht's recollection continues at the scene of another village being massacred. There he encounters Wahrheit, one of the members of the Three Great Knightly Families of the Northern Lands. Wahrheit begins attacking Macht despite the demon's warning. Initially, Macht engages in combat with him. However, once Wahrheit states that through examining Macht's previous massacres he has concluded that there must be some complicated activation mechanism to his special magic, Macht unceremoniously ends the battle, turning the knight into gold without any trouble.
Afterwards, Macht meets up with an eccentric demon who engages in research on human beings, whose name is Solitär. She leads him back to her lodging and shows him the skeletal remains from a shark and an orca. She explains to him the concept of ""Convergent Evolution."" When Macht asks her about the human emotions which demons lacked, Solitär tells him the reason is because the demons evolved to prey on humans. Even though they have similar appearances and behaviors, they are entirely different creatures, thus they will never be able to understand each other. In response, Macht tells her that demons might be able to coexist with humans if they are able to understand their emotions, and that demons like him have more than enough time to waste. 
Afterwards, Macht sits by himself at the site of another settlement he destroyed. He is visited by Schlacht the Omniscient, who asks for his assistance in the battle to take down the Hero of the South.","[{""name"": ""Macht"", ""type"": ""Memory""}, {""name"": ""Wahrheit"", ""type"": ""Memory Debut""}, {""name"": ""Solitär"", ""type"": ""Memory Debut""}, {""name"": ""Demon King"", ""type"": ""Mentioned""}, {""name"": ""Schlacht"", ""type"": ""Memory""}, {""name"": ""Hero of the South"", ""type"": ""Mentioned""}]"
89,Guilt,https://frieren.fandom.com/wiki/Chapter_89,18,"Macht initially refuses to participate in the battle at Schlacht's behest. However, Schlacht tells him that it is an order from the Demon King and threatens to kill Macht if he disobeys. After testing the waters, Macht concurs, noting that Schlacht has brought with him the Magnificient Grausam, an opponent he has the worst matchup against. He asks Schlacht for more instructions and is told he simply needs to be present to fight. Schlacht informs Macht that he will erase his memories of the battle because he will let his memory be read by another in the future. Through Macht, Schlacht addresses Frieren, predicting that she will eventually come upon Macht's memories. 
The scene shifts to years later, where Macht has killed countless people without any particular reason but to attempt to feel malice or guilt. He watches a childhood friend kill the other, having promised them he would let the survivor live. Upon seeing the scene, Macht comes to a new realization: he cannot feel anything because he knows nothing about the people he kills. He wonders if he would be able to understand such emotions if he killed someone close to him, and sets out with a new goal in mind to find people who could be called ""close"" to him.","[{""name"": ""Schlacht"", ""type"": ""Memory""}, {""name"": ""Hero of the South"", ""type"": ""Mentioned""}, {""name"": ""Macht"", ""type"": ""Memory""}, {""name"": ""Demon King"", ""type"": ""Mentioned""}, {""name"": ""Grausam"", ""type"": ""Memory Debut""}, {""name"": ""Frieren"", ""type"": ""Mentioned""}, {""name"": ""Forced to fight girl"", ""type"": ""Memory Debut"", ""link"": ""List of Characters/Minor#The Golden Land Arc""}, {""name"": ""Forced to fight boy"", ""type"": ""Memory Debut"", ""link"": ""List of Characters/Minor#The Golden Land Arc""}]"
90,Glück,https://frieren.fandom.com/wiki/Chapter_90,18,"Macht attacks the carriage of a nobleman heading towards the Fortress City of Weise and kills all of the noble's guards. This nobleman is Glück, the feudal lord of Weise. With the demon's blade by his neck, Glück fearlessly requests to smoke one last cigarette, which intrigues Macht and they converse.
Macht tells Glück about his quest to understand foreign emotions. When he learns of the demon's preoccupation, Glück details the history of his life. He is the ruler of the Fortress City of Weise, which has long been plagued with corruption. Yet he did not take any action against the corruption and the suffering of the people until his son was murdered by the other nobles in Weise for publicly pleading for them to improve the city. Because of his son's death, Glück became determined to change Weise for the better, resorting to multiple assassinations of the corrupted nobles in power. When Macht questions the reason he is retelling this, Glück reveals that he is negotiating with the demon. Glück will teach Macht the emotions he does not understand, but only on a condition. Macht must assassinate the allies of the nobles who are in power and help him gain control of Weise. Macht accepts the condition and proceeds to eliminate all of Glück's political opponents.","[{""name"": ""Macht"", ""type"": ""Memory""}, {""name"": ""Glück"", ""type"": ""Memory""}, {""name"": ""Nobles of Weise"", ""type"": ""Memory Debut"", ""link"": ""List of Characters/Minor#The Golden Land Arc""}, {""name"": ""Glück's political rival"", ""type"": ""Memory Debut"", ""link"": ""List of Characters/Minor#The Golden Land Arc""}, {""name"": ""Glück's son"", ""type"": ""Memory Debut"", ""link"": ""List of Characters/Minor#The Golden Land Arc""}, {""name"": ""Citizen of Weise"", ""type"": ""Memory Debut"", ""link"": ""List of Characters/Minor#The Golden Land Arc""}]"
91,Onstage,https://frieren.fandom.com/wiki/Chapter_91,18,"Shortly after the defeat of the Demon King, Glück and Macht discuss the work the demon needs to do for him on the front stage, which is gaining the goodwill of the nobles of Weise. Glück also explains to him how he intends to teach Macht about ""justice"" and ""evil"" in exchange for using his power for his ends. Under this contract, Macht is introduced to the citizens of Weise officially as the Mage of the Glück family. In the following years, he socializes with the nobility of Weise and manages to integrate into the city. The nobles still intend to test his loyalty by asking him to defeat a remnant of the Demon King Army headed towards the Fortress City of Weise. Having no sense of loyalty, Macht effortlessly dispatches the demons, gaining the trust of the nobility and citizens of Weise.
When Macht volunteers to become an instructor of magic, Glück was at first skeptical but decides to accede to the demon's request. He introduces Macht to a child of his relative, Denken, whose parents were killed by demons, and commands Macht to teach him magic. Macht obliges, introducing himself to Denken afterwards as the magic instructor of the Gluck family. Despite expressing his distrust of the demon, Denken agrees to become his apprentice.","[{""name"": ""Macht"", ""type"": ""Memory""}, {""name"": ""Glück"", ""type"": ""Memory""}, {""name"": ""Himmel"", ""type"": ""Mentioned""}, {""name"": ""Demon King"", ""type"": ""Mentioned""}, {""name"": ""Weise's council member"", ""type"": ""Memory Debut"", ""link"": ""List of Characters/Minor#The Golden Land Arc""}, {""name"": ""Schräg"", ""type"": ""Memory Debut"", ""link"": ""List of Characters/Minor#Named Characters""}, {""name"": ""Solitär"", ""type"": ""Flashback""}, {""name"": ""Qual"", ""type"": ""Flashback""}, {""name"": ""Lektüre"", ""type"": ""Cameo""}, {""name"": ""Denken"", ""type"": ""Memory""}]"
92,The End of Weise,https://frieren.fandom.com/wiki/Chapter_92,18,"Macht begins instructing Denken on how to use magic, which the latter had enjoyed. Under Glück's order, Macht continues to mentor the boy in magic, as an instructor and the eventual enemy to be defeated. Through the years studying from Macht, Denken becomes a successful military mage, and secures marriage to Glück's daughter, Lektüre, who is also his childhood sweetheart. 
At around this time, due to the destruction of a northern Fortress City at the hands of a powerful demon, the townspeople become restless and demand that Macht be put under the Stone Bracelet of Servitude as a safety mechanism to control him. Macht agrees to the terms and is equipped with the mind-controlling bracelet. He continues to serve Glück many years afterwards and oversees his daughter's death and his son-in-law's departure from his hometown without any return in sight. As Glück has grown old, Macht finally decides to destroy the Fortress City of Weise, carrying out his original plan to attempt to feel malice or guilt.","[{""name"": ""Frieren"", ""type"": ""Chapter Cover""}, {""name"": ""Macht"", ""type"": ""Memory""}, {""name"": ""Denken"", ""type"": ""Memory""}, {""name"": ""Glück"", ""type"": ""Memory""}, {""name"": ""Lektüre"", ""type"": ""Memory Debut""}, {""name"": ""Solitär"", ""type"": ""Cameo""}, {""name"": ""Nobles of Weise"", ""type"": ""Mentioned"", ""link"": ""List of Characters/Minor#The Golden Land Arc""}, {""name"": ""Ewig the Sage"", ""type"": ""Mentioned""}]"
93,The Great Barrier,https://frieren.fandom.com/wiki/Chapter_93,18,"A dejected Macht sits inside the destroyed Fortress City of Weise and laments his failure to feel new emotions. Before he can proceed to leave the city, however, Serie appears behind him and demands he return the city back to normal or be killed. It turns out that Macht cannot return the city back to normal, which Serie takes note of and concludes it is because Macht is a monster who cannot understand humankind and thus cannot construct a visualization of himself returning people back from gold. Enraged at her provocation, Macht attempts to use his magic on her, but it is reflected back onto his own body, making the demon take a step back. 
When asked about her identity, Serie introduces herself as a Great Mage who has lived for so long that even the demons have forgotten the fear she brought. Macht, realizing that the enemy is different than everyone else he has fought, dispells the curse applied on himself and engages in battle. They fight for a while, where Serie effectively neutralizes all of Macht's attacks, taunting the demon in the meantime to his chagrin. In the midst of their confrontation, Lernen and another first-class mage intervene, temporarily containing Macht in a magic prison. Lernen appeals to Serie to leave the demon alive until they can find a method to return Weise back to normal. He proposes that the first-class mages will seal Macht inside a barrier until a solution can be found, and Serie accedes to his proposal after he persists in asking her, and Macht is thus sealed inside the Fortress City of Weise.
Macht's memories conclude as Frieren and Denken finish the initial analysis of his memories. Frieren continues to analyze the memories in more depth. Due to the process taking up too much of her mana, Frieren cannot move afterwards and relies on Fern for help. At the same time, Solitär shows up at the Great Barrier of the Golden Land and begins to break it down.","[{""name"": ""Macht"", ""type"": ""Memory""}, {""name"": ""Serie"", ""type"": ""Memory""}, {""name"": ""Apprentice with barrier magic"", ""type"": ""Memory Debut"", ""link"": ""List of Characters/Minor#The Golden Land Arc""}, {""name"": ""Lernen"", ""type"": ""Memory""}, {""name"": ""Serie's apprentices that sealed Macht"", ""type"": ""Memory"", ""link"": ""List of Characters/Minor#The Golden Land Arc""}, {""name"": ""Denken""}, {""name"": ""Frieren""}, {""name"": ""Fern""}, {""name"": ""Stark""}, {""name"": ""Solitär""}]"
94,Analysis,https://frieren.fandom.com/wiki/Chapter_94,18,"Right after the events of the previous chapter, Fern shares with the rest information about the mana she had briefly detected. Denken is skeptical of its accuracy due to the effect of the Golden Land, but shows caution and proposes they stay vigilant. They discuss the detailed analysis of Macht's memories which Frieren is carrying out and predicts that it will take two months to complete. Since the keeper's house does not have a bed, they decide to move and stay at the nearest settlement until the analysis is concluded.
At the meantime, Macht appears at the edge of the Great Barrier to meet Solitär, who has come and is deciphering the Great Barrier of the Golden Land. Solitär makes conversation with Macht, even though the latter cannot hear her voice, telling him to be wary of Frieren and that she is one of the few people capable of defeating him. She tells Macht that she has come to witness the conclusion of his experiment to coexist with humans and will assist him by breaking the Great Barrier of the Golden Land, informing him that the process will take roughly two months. She finishes the analysis and breaks down the Great Barrier at the end, right before Frieren is able to finish her analysis of Macht's memories.","[{""name"": ""Denken""}, {""name"": ""Fern""}, {""name"": ""Frieren""}, {""name"": ""Stark""}, {""name"": ""Solitär""}, {""name"": ""Macht""}]"
95,Nameless Greater Demon,https://frieren.fandom.com/wiki/Chapter_95,18,"After the barrier is broken in the previous chapter, Fern senses a demon with mana as powerful as that of Macht. That demon, Solitär, approaches an indifferent Macht and offers to assist him with his experiment. Denken decides to evacuate the people in the settlement, including Frieren, who is still asleep analyzing the memories of Macht, while Fern and Stark stay behind to hold the demon back. When Solitär encounters them, she introduces herself as a Greater Demon, to which Fern expresses grave concern since Frieren has never told her about that name. As the two sides engage in combat, Solitär keeps asking questions to both Fern and Stark, who are greatly injured by her attacks.","[{""name"": ""Fern""}, {""name"": ""Stark""}, {""name"": ""Denken""}, {""name"": ""Solitär""}, {""name"": ""Macht""}, {""name"": ""Evacuating villagers"", ""type"": ""Debut"", ""link"": ""List of Characters/Minor#The Golden Land Arc""}, {""name"": ""Frieren""}, {""name"": ""Rivale"", ""type"": ""Mentioned""}, {""name"": ""Tot"", ""type"": ""Mentioned""}]"
96,Master and Apprentice,https://frieren.fandom.com/wiki/Chapter_96,18,"After Stark and Fern stayed behind to confront Solitär, Denken also chooses to stay behind, urging the evacuating villagers to escort Frieren to the Empire for safety. Soon after, Denken confronts Macht, who reveals his intent to eliminate all who know of him, allowing him to start anew elsewhere. Determined to neutralize a threat to humanity, Denken resolves to stop him. Their battle mirrors their past training sessions, with Macht acknowledging Denken’s significant improvement in technique. As Macht attempts to end the fight with Diagoldze, he unexpectedly begins transmuting into gold due to Denken's Curse Reversal Magic, a spell granted by Serie. Knowing Macht can undo the transformation, Denken stays vigilant as Macht begins restoring himself, ready for the fight to resume.","[{""name"": ""Evacuating villagers"", ""link"": ""List of Characters/Minor#The Golden Land Arc""}, {""name"": ""Denken""}, {""name"": ""Frieren""}, {""name"": ""Macht""}, {""name"": ""Lektüre"", ""type"": ""Flashback""}, {""name"": ""Lager"", ""type"": ""Cameo""}, {""name"": ""Neu"", ""type"": ""Cameo""}, {""name"": ""Kanone"", ""type"": ""Cameo""}, {""name"": ""Weg"", ""type"": ""Cameo""}, {""name"": ""Grau"", ""type"": ""Cameo""}, {""name"": ""Solitär"", ""type"": ""Mentioned""}, {""name"": ""Serie"", ""type"": ""Flashback""}, {""name"": ""Lernen"", ""type"": ""Flashback""}, {""name"": ""Sense"", ""type"": ""Flashback""}]"
97,Observation,https://frieren.fandom.com/wiki/Chapter_97,24,,"[{""name"": ""Fern""}, {""name"": ""Solitär""}, {""name"": ""Stark""}, {""name"": ""Macht""}, {""name"": ""Denken""}, {""name"": ""Frieren""}, {""name"": ""Evacuating villagers"", ""link"": ""List of Characters/Minor#The Golden Land Arc""}, {""name"": ""Aura"", ""type"": ""Imagined""}, {""name"": ""Himmel"", ""type"": ""Flashback""}, {""name"": ""Heiter"", ""type"": ""Flashback""}, {""name"": ""Eisen"", ""type"": ""Flashback""}, {""name"": ""Böse"", ""type"": ""Mentioned""}]"
98,Retribution,https://frieren.fandom.com/wiki/Chapter_98,18,"After Denken is turned to gold, he is awoken by his wife, Lektüre, in a dream. Despite being convinced of his defeat, Lektüre reminds him that the Denken she knows has never given up in his many training fights against Macht. Denken is reminded of the one time he managed to injure Macht, before he is awoken by Frieren nullifying Diagoldze's effect on him. Denken and Frieren then go to confront Macht and Solitär. Frieren tells Macht that his plan for coexistence is doomed to fail, before telling him that it is time for retribution. However, Denken interrupts Frieren and asks that she leave the fight with Macht to him instead, leaving Frieren to fight against an exuberant Solitär.","[{""name"": ""Lektüre"", ""type"": ""Dream""}, {""name"": ""Denken""}, {""name"": ""Macht""}, {""name"": ""Frieren""}, {""name"": ""Solitär""}, {""name"": ""Serie"", ""type"": ""Flashback""}, {""name"": ""Demon King"", ""type"": ""Mentioned""}, {""name"": ""Glück"", ""type"": ""Flashback""}]"
99,Offense and Defense,https://frieren.fandom.com/wiki/Chapter_99,18,,"[{""name"": ""Solitär""}, {""name"": ""Frieren""}, {""name"": ""Denken"", ""type"": ""Flashback""}, {""name"": ""Aura"", ""type"": ""Mentioned""}, {""name"": ""Macht"", ""type"": ""Mentioned""}, {""name"": ""Fern"", ""type"": ""Mentioned""}]"
100,The Fundamentals of Mages,https://frieren.fandom.com/wiki/Chapter_100,19,,"[{""name"": ""Frieren""}, {""name"": ""Solitär""}, {""name"": ""Denken""}, {""name"": ""Macht""}, {""name"": ""Fern"", ""type"": ""Flashback""}, {""name"": ""Richter"", ""type"": ""Flashback""}, {""name"": ""Laufen"", ""type"": ""Flashback""}]"
101,Breakthrough,https://frieren.fandom.com/wiki/Chapter_101,18,,"[{""name"": ""Denken""}, {""name"": ""Macht""}, {""name"": ""Frieren""}, {""name"": ""Solitär""}, {""name"": ""Qual"", ""type"": ""Flashback""}, {""name"": ""Fern"", ""type"": ""Flashback""}, {""name"": ""Himmel"", ""type"": ""Mentioned""}]"
102,A Draw,https://frieren.fandom.com/wiki/Chapter_102,18,,"[{""name"": ""Macht""}, {""name"": ""Denken""}, {""name"": ""Glück"", ""type"": ""Flashback""}, {""name"": ""Frieren""}, {""name"": ""Solitär""}, {""name"": ""Fern""}, {""name"": ""Stark""}, {""name"": ""Himmel"", ""type"": ""Flashback""}, {""name"": ""Böse"", ""type"": ""Flashback""}, {""name"": ""Eisen"", ""type"": ""Flashback""}, {""name"": ""Heiter"", ""type"": ""Flashback""}]"
103,Time for Retribution,https://frieren.fandom.com/wiki/Chapter_103,18,"Right after Denken fires a condensed Zoltraak spell at Macht, he collapses, and Macht leaves heavily injured, intending to regroup. While he walks through the alleyway, bleeding, he notices that Solitär is dead. Macht recalls his conversation with Solitär just a few hours prior. She had told him that no matter how eccentric his beliefs were, he was still a demon in the end. Macht begins to feel embarrassed that he still fears death, just like other demons. Macht had previously believed that he would accept death if he was able to feel the emotions he was looking for, but as his mana is flowing away, he is ashamed that he is attempting to flee. At this thought, Macht smiles, and wonders where he is exactly fleeing to, as he will not survive either way. 
Macht approaches Glück, who is still standing where he was turned into a statue before, and Macht kneels in front of him. The two smoke together, and Macht regrets that he was unable to understand the emotions he was looking for. Glück apologies for being unable to fulfill his promise to follow Macht to the depths of hell until Macht was successful. Denken appears, stumbling towards Macht, and Macht threatens to hold Glück hostage. Glück tells Macht that he is truly beyond help, and asks Denken to put Macht out of his misery. Denken fires a spell, killing Macht, and city guards rush over. Glück stands over Macht’s disappearing mana, calling him a friend, and stating that he enjoyed the time they spent together.","[{""name"": ""Denken""}, {""name"": ""Macht""}, {""name"": ""Shocked Weise's citizen"", ""type"": ""Debut"", ""link"": ""List of Characters/Minor#The Golden Land Arc""}, {""name"": ""Solitär"", ""type"": ""Flashback""}, {""name"": ""Demon King"", ""type"": ""Mentioned""}, {""name"": ""Schlacht"", ""type"": ""Mentioned""}, {""name"": ""Glück""}, {""name"": ""Weise guardsmen"", ""type"": ""Debut"", ""link"": ""List of Characters/Minor#The Golden Land Arc""}]"
104,A Visit to Her Grave,https://frieren.fandom.com/wiki/Chapter_104,18,,"[{""name"": ""Denken""}, {""name"": ""Church Father in Weise"", ""type"": ""Debut"", ""link"": ""List of Characters/Minor#The Golden Land Arc""}, {""name"": ""Glück""}, {""name"": ""Stark""}, {""name"": ""Fern""}, {""name"": ""Frieren""}, {""name"": ""Nobles of Weise"", ""type"": ""Mentioned"", ""link"": ""List of Characters/Minor#The Golden Land Arc""}, {""name"": ""Glück's son"", ""type"": ""Flashback"", ""link"": ""List of Characters/Minor#The Golden Land Arc""}, {""name"": ""Macht"", ""type"": ""Flashback""}, {""name"": ""Lektüre"", ""type"": ""Flashback""}, {""name"": ""Weise guardsmen"", ""type"": ""Appear"", ""link"": ""List of Characters/Minor#The Golden Land Arc""}]"
105,Golem,https://frieren.fandom.com/wiki/Chapter_105,,,"[{""name"": ""Stark""}, {""name"": ""Frieren""}, {""name"": ""Fern""}, {""name"": ""Ernst Region Innkeeper"", ""link"": ""List of Characters/Minor#Unnamed Characters""}, {""name"": ""Flamme"", ""type"": ""Flashback""}]"
106,Sky-Mountain Dragon,https://frieren.fandom.com/wiki/Chapter_106,,,"[{""name"": ""Stark""}, {""name"": ""Fern""}, {""name"": ""Frieren""}, {""name"": ""Wissen Mountain Herbalist"", ""link"": ""List of Characters/Minor#Unnamed Characters""}, {""name"": ""Himmel"", ""type"": ""Flashback""}, {""name"": ""Heiter"", ""type"": ""Flashback""}, {""name"": ""Eisen"", ""type"": ""Flashback""}]"
107,The Monument of the Goddess,https://frieren.fandom.com/wiki/Chapter_107,18,"Thirty-one years after the death of Himmel the Hero, Frieren's Party is in the Kino Pass. There is a three week wait at the border to cross into the Empire, so while they wait, Frieren decides to revisit the Monument of the Goddess that she visited with the Hero Party. However, when she touches the ruins of the monument, she is transported to fifty-three years before the death of Himmel the Hero, seven years after the heroes' departure.","[{""name"": ""Frieren""}, {""name"": ""Border checkpoint guardsman"", ""type"": ""Debut"", ""link"": ""List of Characters/Minor#Goddess's Monument Arc""}, {""name"": ""Stark""}, {""name"": ""Fern""}, {""name"": ""Macht"", ""type"": ""Mentioned""}, {""name"": ""Goddess of Creation"", ""type"": ""Imagined""}, {""name"": ""Demon King"", ""type"": ""Mentioned""}, {""name"": ""Himmel""}, {""name"": ""Heiter""}, {""name"": ""Eisen""}]"
108,Reunion,https://frieren.fandom.com/wiki/Chapter_108,16,"Fifty-three years before the death of Himmel the Hero, the Hero Party is in the Kino Pass. The Hero Party trek back from the monument to the main road, only to find a slain unit of imperial soldiers. They are suddenly accosted by Zart the Remnant, a demon who has sensed Frieren's space-time meddling. Himmel engages in battle with Zart, but he manages to slip behind the front lines and casts his teleportation spell on Fireren, sending her high into the sky in an era where she cannot use her flight magic freely.","[{""name"": ""Frieren""}, {""name"": ""Fern""}, {""name"": ""Stark""}, {""name"": ""Eisen""}, {""name"": ""Heiter""}, {""name"": ""Himmel""}, {""name"": ""Zart"", ""type"": ""Debut""}, {""name"": ""Grausam"", ""type"": ""Mentioned""}, {""name"": ""Flamme"", ""type"": ""Mentioned""}, {""name"": ""Demon King"", ""type"": ""Mentioned""}]"
109,Zart the Remnant,https://frieren.fandom.com/wiki/Chapter_109,18,"Right after the events of the previous chapter, Frieren manages to land without using flight magic. With her support, the Hero Party back Zart against a cliff. Zart touches the cliff and teleports a chunk of mountain above the Hero Party, who all trust that Frieren is holding back a spell to get them out of their pinch. Frieren releases her mana and destroys the mountain, before using flight magic and Zoltraak to defeat Zart and revealing to her party that she is capable of feats beyond their era.","[{""name"": ""Himmel""}, {""name"": ""Frieren""}, {""name"": ""Zart""}, {""name"": ""Eisen""}, {""name"": ""Heiter""}, {""name"": ""Grausam"", ""type"": ""Mentioned""}]"
110,The Party of Heroes,https://frieren.fandom.com/wiki/Chapter_110,16,"After Frieren defeats Zart, she tells the Hero Party that she is from the future. The party then decide to gather information to return Frieren to the future. They head to a town with the Mages' Guild and a Church but are unsuccessful in finding anything. Frieren apologizes for the trouble and is reminded that Himmel is a detour fanatic; they are hired by a merchant as bodyguards later that night while gathering information in the tavern.","[{""name"": ""Frieren""}, {""name"": ""Himmel""}, {""name"": ""Eisen""}, {""name"": ""Heiter""}, {""name"": ""Demon King"", ""type"": ""Mentioned""}, {""name"": ""Hero of the South"", ""type"": ""Mentioned""}]"
111,Escort Mission,https://frieren.fandom.com/wiki/Chapter_111,18,"The next day, the Hero Party escort a merchant to a nearby village. They are attacked by humanoid wolf monsters that use human tactics on the way, and the Hero Party all display their teamwork and the unique roles that they play in the team, such as Eisen with his monstrous durability. After escorting the merchant, they then continue onward in Kino Pass looking for information about the Monument of the Goddess.","[{""name"": ""Heiter""}, {""name"": ""Frieren""}, {""name"": ""Himmel""}, {""name"": ""Eisen""}, {""name"": ""Fern"", ""type"": ""Flashback""}, {""name"": ""Stark"", ""type"": ""Flashback""}]"
112,Faith,https://frieren.fandom.com/wiki/Chapter_112,16,"After escorting the merchant, the Hero Party continue seeking out information about the Monument of the Goddess. After another village proves to be a dead end, the party decides to try seeking out written records in a monastery. They travel to a monastery perched on a sheer drop-off. During one of rest stops, while Himmel and Eisen exclaim over the cliffs they are about to scale, Heiter tells Frieren about his and Himmel's shared childhood. Heiter tells Frieren that though he is a contrary person, he has decided to believe in Himmel the Hero. They then make it to the monastery, only for the monastery to be a dead end as well.","[{""name"": ""Frieren""}, {""name"": ""Heiter""}, {""name"": ""Himmel""}, {""name"": ""Eisen""}, {""name"": ""Goddess of Creation"", ""type"": ""Mentioned""}, {""name"": ""Demon King"", ""type"": ""Mentioned""}]"
113,Abyssal Dragon,https://frieren.fandom.com/wiki/Chapter_113,19,"After the monastery is a dead end, the Hero Party decide to focus on folktales and oral traditions from older settlements instead. The Hero Party then travel to another village where they learn from the barkeep of the ruins of a Unified Empire city that contain a cathedral. The party then defeat an Abyssal Dragon together in order to access the cathedral ruins.","[{""name"": ""Himmel""}, {""name"": ""Frieren""}, {""name"": ""Heiter""}, {""name"": ""Eisen""}, {""name"": ""Monastery abbot"", ""type"": ""Debut"", ""link"": ""List of Characters/Minor#Goddess's Monument Arc""}, {""name"": ""Northern Plateau villager"", ""type"": ""Debut"", ""link"": ""List of Characters/Minor#Goddess's Monument Arc""}]"
114,The Sword of the Hero,https://frieren.fandom.com/wiki/Chapter_114,18,"Right after the events of the previous chapter, after defeating the Abyssal Dragon, the Hero Party searches the abandoned village but finds no clues. They continue their search and arrive in a newly settled village, where a villager directs them to a dwarven blacksmith named Kiesel. Kiesel states that his old village used to have some books on the Goddess's Monuments, and he'll tell them the location if he can take a closer look at the Sword of the Hero. Himmel allows him to, and readily admits that the sword is fake. Kiesel reveals that he is te one who created this forgery. He thanks Himmel for bringing the sword's replica back to him and offers to give him a new sword worthy of the Hero free of charge, but Himmel tells him that the sword is now his partner in arms, and he will wield it until the world is at peace. Kiesel, seeing his determination, sharpens the sword instead. He then directs them to his old village, which has become a den of monsters.","[{""name"": ""Eisen""}, {""name"": ""Himmel""}, {""name"": ""Heiter""}, {""name"": ""Frieren""}, {""name"": ""Kiesel"", ""type"": ""Debut"", ""link"": ""List of Characters/Minor#Named Characters""}, {""name"": ""Aura"", ""type"": ""Flashback""}, {""name"": ""Böse"", ""type"": ""Flashback""}, {""name"": ""Goddess of Creation"", ""type"": ""Mentioned""}, {""name"": ""Demon King"", ""type"": ""Mentioned""}]"
115,Best Friend,https://frieren.fandom.com/wiki/Chapter_115,19,,"[{""name"": ""Himmel""}, {""name"": ""Frieren""}, {""name"": ""Heiter""}, {""name"": ""Eisen""}]"
116,Spell to Return,https://frieren.fandom.com/wiki/Chapter_116,18,"Right after the events of the previous chapter, Frieren reads through the book discussing the Goddess's Monument, and figures out that the spell to return can be found in the ""Time-Traveling Bird"" chapter of the scripture, which no spells have ever been deciphered from. Eisen proposes waiting out the time, but Frieren says that she wishes to return to the present. Himmel declares that the rest of the Hero Party will decipher the spell after they defeat the Demon King, and carve it onto the Goddess's Monument for future Frieren to read. The party then begins to trek back to the monument so Frieren can cast the spell to return. Meanwhile, Solitär, Grausam, Rivale, and Tot gather by the monument and prepare to try to kill Frieren.","[{""name"": ""Fern"", ""type"": ""Chapter Cover""}, {""name"": ""Stark"", ""type"": ""Chapter Cover""}, {""name"": ""Himmel""}, {""name"": ""Frieren""}, {""name"": ""Heiter""}, {""name"": ""Eisen""}, {""name"": ""Solitär""}, {""name"": ""Goddess of Creation"", ""type"": ""Mentioned""}, {""name"": ""Grausam""}, {""name"": ""Rivale"", ""type"": ""Debut""}, {""name"": ""Tot"", ""type"": ""Debut""}]"
117,Miraculous Illusion,https://frieren.fandom.com/wiki/Chapter_117,20,,"[{""name"": ""Tot""}, {""name"": ""Rivale""}, {""name"": ""Grausam""}, {""name"": ""Solitär""}, {""name"": ""Zart"", ""type"": ""Imagined""}, {""name"": ""Demon King"", ""type"": ""Mentioned""}, {""name"": ""Schlacht"", ""type"": ""Imagined""}, {""name"": ""Heiter""}, {""name"": ""Frieren""}, {""name"": ""Eisen""}, {""name"": ""Himmel""}]"
118,Vialathor,https://frieren.fandom.com/wiki/Chapter_118,22,,"[{""name"": ""Grausam""}, {""name"": ""Himmel""}, {""name"": ""Frieren""}, {""name"": ""Heiter""}, {""name"": ""Rivale""}, {""name"": ""Eisen""}, {""name"": ""Solitär""}, {""name"": ""Lord Norm"", ""type"": ""Dream"", ""link"": ""List of Characters/Minor#Named Characters""}, {""name"": ""Voll"", ""type"": ""Dream""}]"
119,Memories,https://frieren.fandom.com/wiki/Chapter_119,,,"[{""name"": ""Eisen"", ""type"": ""Chapter Cover""}, {""name"": ""Heiter"", ""type"": ""Chapter Cover""}, {""name"": ""Fern""}, {""name"": ""Stark""}, {""name"": ""Frieren""}, {""name"": ""Unnamed Warrior"", ""link"": ""List of Characters/Minor#Unnamed Characters""}, {""name"": ""Unnamed Warrior'S Grandfather"", ""type"": ""Mentioned"", ""link"": ""List of Characters/Minor#Unnamed Characters""}, {""name"": ""Himmel"", ""type"": ""Flashback""}, {""name"": ""Border checkpoint guardsman"", ""type"": ""Appear"", ""link"": ""List of Characters/Minor#Goddess's Monument Arc""}]"
120,False Image of a Hero,https://frieren.fandom.com/wiki/Chapter_120,18,"Thirty-one years after the Hero Himmel's passing, Frieren's Party are in Bohne Village. They have arrived at the village just in time for the Liberation Festival, which is celebrated in Imperial Territory on the anniversary of the Demon King's defeat every year. Frieren, Stark, and Fern decide to join in on the festivities. Frieren decides to go touch the statue of the Hero Himmel, as according to tradition doing so brings good luck, but the party discovers that the design of the statue of Himmel looks very different from all the others they have seen. While it doesn't sit right with Stark, Frieren tells him to leave it be as the villagers have faith in the false image of Himmel they have created and the statue wasn't created with malicious intent. Later, Frieren recalls how shortly after the Hero Party defeated the Demon King, embellished stories had already begun to spread, such as the story of a ten-meter serpent that the Hero Party killed becoming a one hundred meter serpent. Though Frieren was upset, Himmel reassures her that even if the exact story is forgotten, their feats will never change. In the present day, Frieren agrees with Himmel's previous words, as even though the story has changed people are still celebrating the world that Himmel saved. The next day, Frieren's Party depart and continue traveling north while Stark brings up the story of Himmel cutting a thousand-meter serpent in half that he heard in town.","[{""name"": ""Frieren""}, {""name"": ""Fern""}, {""name"": ""Stark""}, {""name"": ""Bohne villager"", ""type"": ""Debut"", ""link"": ""List of Characters/Minor#Imperial Territory Travels Arc""}, {""name"": ""Himmel"", ""type"": ""Flashback""}, {""name"": ""Heiter"", ""type"": ""Flashback""}, {""name"": ""Eisen"", ""type"": ""Flashback""}, {""name"": ""Story telling elder man"", ""type"": ""Debut"", ""link"": ""List of Characters/Minor#Imperial Territory Travels Arc""}]"
121,Monsters on the Road,https://frieren.fandom.com/wiki/Chapter_121,18,,"[{""name"": ""Frieren""}, {""name"": ""Fern""}, {""name"": ""Stark""}, {""name"": ""Farbe Region villager"", ""type"": ""Debut"", ""link"": ""List of Characters/Minor#Imperial Territory Travels Arc""}, {""name"": ""Slain imperial patrol"", ""type"": ""Debut"", ""link"": ""List of Characters/Minor#Imperial Territory Travels Arc""}, {""name"": ""Flamme"", ""type"": ""Flashback""}]"
122,The Titan Fortress Ruins,https://frieren.fandom.com/wiki/Chapter_122,18,"Thirty-one years after the death of the Hero Himmel, Frieren's Party come across the Titan Fortress Ruins. Frieren tells them that the ruler of the lands around the fortress was once the Armée family, a warrior family unlike a typical noble family. In times of conflict, nobles did not need grace, as military might was enough to give them authority, but it seems the Armée family has not been able to withstand time's flow. They then come across Count Armée, who is wrestling with monsters in the wilderness. He asks them to help him recover the hidden treasures in a secret chamber under the fortress and offers the spell to keep your body nice and warm as a reward. They then fight through the hordes of monsters that have taken over the fortress. They encounter a particularly strong monster, and Count Armée tells the party to flee and not risk their lives over a trivial spell, but Frieren tells him that it isn't trivial to her. In a flashback, Frieren asks an old Flamme why humans bother to study magic. Flamme tells her that though she may not be able to reach the pinnacle of magic, she will leave a gift for the world - more spells than Frieren could ever learn, even if she spent her whole life trying. After defeating the monster, Frieren tests the spell on Stark. The party then continue their travels.","[{""name"": ""Frieren""}, {""name"": ""Fern""}, {""name"": ""Stark""}, {""name"": ""Armée"", ""type"": ""Debut"", ""link"": ""List of Characters/Minor#Named Characters""}, {""name"": ""Flamme"", ""type"": ""Flashback""}]"
123,Proof of Perseverance,https://frieren.fandom.com/wiki/Chapter_123,18,"Thirty-one years after the death of the Hero Himmel, Frieren's Party stop in a town in the Hören Region. It is Stark's birthday. Stark leaves to get his axe sharpened, and Fern follows, hoping to catch him alone to give him his present. However, it takes her the better part of the day, as Stark spends the day opening up villagers' hearts and helping others. Fern is finally able to give Stark his gift, a pair of new leather gloves, late in the evening. Stark wonders if he looked shabby in his worn out pair, but Fern states that it is a proof of his perseverance and all the effort he has put in so far. Stark recalls telling Eisen the same, that his mantle was evidence of his master's efforts, and in the present day resolves to train even harder. Fern tells him he already works hard enough, and the pair return to the inn where Frieren has made Stark hamburger steaks.","[{""name"": ""Frieren""}, {""name"": ""Fern""}, {""name"": ""Stark""}, {""name"": ""Hören Region citizen"", ""type"": ""Debut"", ""link"": ""List of Characters/Minor#Imperial Territory Travels Arc""}, {""name"": ""Hören Region granny"", ""type"": ""Debut"", ""link"": ""List of Characters/Minor#Imperial Territory Travels Arc""}, {""name"": ""Hören Region kid"", ""type"": ""Debut"", ""link"": ""List of Characters/Minor#Imperial Territory Travels Arc""}, {""name"": ""Hören Region armorer"", ""type"": ""Debut"", ""link"": ""List of Characters/Minor#Imperial Territory Travels Arc""}, {""name"": ""Hören Region tradesmen"", ""type"": ""Debut"", ""link"": ""List of Characters/Minor#Imperial Territory Travels Arc""}, {""name"": ""Hören Region weapons master"", ""type"": ""Debut"", ""link"": ""List of Characters/Minor#Imperial Territory Travels Arc""}, {""name"": ""Eisen"", ""type"": ""Flashback""}, {""name"": ""Heiter"", ""type"": ""Flashback""}, {""name"": ""Himmel"", ""type"": ""Flashback""}]"
124,Shadow Warrior,https://frieren.fandom.com/wiki/Chapter_124,18,"Thirty-one years after the death of the Hero Himmel, Frieren's Party trek through a mountain pass to reach a village in the Aufgabe Federation. They are informed that not many adventurers have stopped in the village since the big main road to the Imperial Capital was built thirty years ago. The mayor of the village, an elderly and beloved man by the name of Radaal, welcomes them to the village and asks them to share stories of their adventures with the other villagers. Frieren shakes his hand and begins to feel suspicious, as he has the hands of a warrior in active service. Meanwhile, Frieren's Party share stories with the village while Radaal helps with small tasks around the village. Radaal sits down with his wife later and she tells him he missed out on hearing the adventurers' stories. They briefly reminisce about their lives together, before Radaal says something uncharacteristically kind. She asks him what's wrong, but he tells her it's nothing and he has one more task he needs to complete. That night, Frieren asks Stark to take first watch outside their accommodations. She explains why Radaal makes her feel uneasy, despite the kind things the villagers have said about him. Radaal recalls his top secret mission, given to him when he was young, to kill everyone on a list before they can reach the Imperial Capital. The mission only ends once everyone on the list is dead. Frieren is the last of the list. Radaal then approaches the cabin the party are staying at, where he confronts Stark outside. Though Stark attempts to talk Radaal down, he knocks Stark out with a single blow and prepares to head inside to kill Frieren.","[{""name"": ""Radaal"", ""type"": ""Debut""}, {""name"": ""Radaal's wife"", ""type"": ""Debut"", ""link"": ""List of Characters/Minor#Imperial Territory Travels Arc""}, {""name"": ""Frieren""}, {""name"": ""Fern""}, {""name"": ""Stark""}, {""name"": ""Aufgabe Federation villager"", ""type"": ""Debut"", ""link"": ""List of Characters/Minor#Imperial Territory Travels Arc""}, {""name"": ""Aufgabe Federation dad and daughter"", ""type"": ""Debut"", ""link"": ""List of Characters/Minor#Imperial Territory Travels Arc""}, {""name"": ""Aufgabe Federation kids"", ""type"": ""Debut"", ""link"": ""List of Characters/Minor#Imperial Territory Travels Arc""}, {""name"": ""Shadow Warriors Commanding officer"", ""type"": ""Flashback Debut"", ""link"": ""List of Characters/Minor#Imperial Territory Travels Arc""}, {""name"": ""Eleven"", ""type"": ""Flashback Debut"", ""link"": ""List of Characters/Minor#Named Characters""}, {""name"": ""Radaal's brother"", ""type"": ""Flashback Debut"", ""link"": ""List of Characters/Minor#Imperial Territory Travels Arc""}]"
125,Family,https://frieren.fandom.com/wiki/Chapter_125,18,,"[{""name"": ""Radaal""}, {""name"": ""Stark""}, {""name"": ""Fern""}, {""name"": ""Frieren""}, {""name"": ""Eleven"", ""type"": ""Flashback Debut"", ""link"": ""List of Characters/Minor#Named Characters""}, {""name"": ""Radaal's brother"", ""type"": ""Flashback Debut"", ""link"": ""List of Characters/Minor#Imperial Territory Travels Arc""}, {""name"": ""Radaal's wife"", ""link"": ""List of Characters/Minor#Imperial Territory Travels Arc""}]"
126,A New Mission,https://frieren.fandom.com/wiki/Chapter_126,18,,"[{""name"": ""Übel""}, {""name"": ""Land""}, {""name"": ""Land's grandmother"", ""type"": ""Flashback Debut"", ""link"": ""List of Characters/Minor#Foundation Festival Arc""}, {""name"": ""Serie"", ""type"": ""Flashback""}, {""name"": ""Stark""}, {""name"": ""Frieren""}, {""name"": ""Sense""}, {""name"": ""Falsch""}, {""name"": ""Fern""}, {""name"": ""Lineal"", ""type"": ""Imagined Debut""}, {""name"": ""Radaal"", ""type"": ""Flashback""}, {""name"": ""Hairstylist"", ""link"": ""List of Characters/Minor#Foundation Festival Arc""}, {""name"": ""Löwe"", ""type"": ""Cameo""}]"
127,Retrieval Mission,https://frieren.fandom.com/wiki/Chapter_127,18,,"[{""name"": ""Übel""}, {""name"": ""Land""}, {""name"": ""Lager"", ""type"": ""Cameo""}, {""name"": ""Weg"", ""type"": ""Cameo""}, {""name"": ""Grau"", ""type"": ""Cameo""}, {""name"": ""Genau"", ""type"": ""Imagined""}, {""name"": ""Lernen"", ""type"": ""Imagined""}, {""name"": ""Falsch"", ""type"": ""Imagined""}, {""name"": ""Sense"", ""type"": ""Imagined""}, {""name"": ""Serie"", ""type"": ""Flashback""}, {""name"": ""Lineal"", ""type"": ""Flashback""}, {""name"": ""Neu"", ""type"": ""Debut""}, {""name"": ""Kanone"", ""type"": ""Debut""}, {""name"": ""Frieren""}, {""name"": ""Fern""}, {""name"": ""Stark""}, {""name"": ""Löwe"", ""type"": ""Cameo""}, {""name"": ""Lehrer"", ""type"": ""Cameo""}]"
128,Magic Special Forces,https://frieren.fandom.com/wiki/Chapter_128,20,,"[{""name"": ""Grau"", ""type"": ""Chapter Cover""}, {""name"": ""Lager"", ""type"": ""Chapter Cover""}, {""name"": ""Land""}, {""name"": ""Übel""}, {""name"": ""Neu""}, {""name"": ""Löwe"", ""type"": ""Shadow""}, {""name"": ""Land's grandmother"", ""type"": ""Flashback"", ""link"": ""List of Characters/Minor#Foundation Festival Arc""}, {""name"": ""Fräse"", ""type"": ""Cameo""}, {""name"": ""Weg"", ""type"": ""Debut""}, {""name"": ""Kanone"", ""type"": ""Mentioned""}]"
129,Shadow of the Empire,https://frieren.fandom.com/wiki/Chapter_129,18,,"[{""name"": ""Sense""}, {""name"": ""Land"", ""type"": ""Mentioned""}, {""name"": ""Übel"", ""type"": ""Mentioned""}, {""name"": ""Falsch""}, {""name"": ""Lineal"", ""type"": ""Mentioned""}, {""name"": ""Fern""}, {""name"": ""Stark""}, {""name"": ""Frieren""}, {""name"": ""Flamme"", ""type"": ""Mentioned""}, {""name"": ""Fräse"", ""type"": ""Shadow""}, {""name"": ""Serie""}, {""name"": ""Lehrer"", ""type"": ""Cameo""}, {""name"": ""Löwe"", ""type"": ""Debut""}, {""name"": ""Schritt"", ""type"": ""Debut""}, {""name"": ""Wolf"", ""type"": ""Debut""}, {""name"": ""Iris"", ""type"": ""Debut""}, {""name"": ""Routine"", ""type"": ""Debut""}, {""name"": ""Clematis"", ""type"": ""Debut""}, {""name"": ""Lore"", ""type"": ""Debut""}, {""name"": ""Wehrlos"", ""type"": ""Debut""}, {""name"": ""Gazelle"", ""type"": ""Debut""}]"
130,Beneath the Water's Surface,https://frieren.fandom.com/wiki/Chapter_130,20,"Kanone, the vice-captain of the Magic Special Forces, brings Glück in for questioning. She attempts to convince Glück to state that he was deceived by Macht in order to reduce the severity of his sentence, but Glück maintains that he and Macht were partners. Glück discerns that Kanone's captain must be Fräse, and he recalls that Fräse was the mage that Macht warned him was strong enough to destroy Weise on her own. Glück then leaves, and Kanone speaks with Denken after, who expresses surprise at Glück's light punishment. He asks about the mission of the Magic Special Forces, but Kanone is unable to tell him the details. They are interrupted by the arrival of Neu, who reports that Land and Übel have been captured. Elsewhere in Eiseberg, Frieren wakes up early on her own, which Stark takes to be a harbinger of catastrophe.","[{""name"": ""Glück""}, {""name"": ""Kanone""}, {""name"": ""Emperor"", ""type"": ""Mentioned""}, {""name"": ""Nobles of Weise"", ""type"": ""Mentioned"", ""link"": ""List of Characters/Minor#The Golden Land Arc""}, {""name"": ""Fräse"", ""type"": ""Flashback Debut""}, {""name"": ""Macht"", ""type"": ""Flashback""}, {""name"": ""Denken""}, {""name"": ""Neu""}, {""name"": ""Frieren""}, {""name"": ""Fern""}, {""name"": ""Stark""}, {""name"": ""Falsch""}, {""name"": ""Sense""}]"
131,Escape,https://frieren.fandom.com/wiki/Chapter_131,20,,"[{""name"": ""Übel""}, {""name"": ""Land""}, {""name"": ""Weg""}, {""name"": ""Sense"", ""type"": ""Mentioned""}, {""name"": ""Kanone""}, {""name"": ""Neu""}, {""name"": ""Fräse"", ""type"": ""Mentioned""}]"
132,Chase,https://frieren.fandom.com/wiki/Chapter_132,18,,"[{""name"": ""Stark""}, {""name"": ""Fern""}, {""name"": ""Frieren""}, {""name"": ""Gazelle""}, {""name"": ""Falsch""}, {""name"": ""Denken""}, {""name"": ""Routine""}, {""name"": ""Sense""}, {""name"": ""Serie"", ""type"": ""Mentioned""}, {""name"": ""Heiter"", ""type"": ""Mentioned""}, {""name"": ""Schritt""}, {""name"": ""Wolf""}, {""name"": ""Iris""}, {""name"": ""Clematis""}, {""name"": ""Lore""}, {""name"": ""Wehrlos""}, {""name"": ""Löwe"", ""type"": ""Flashback""}, {""name"": ""Kreis"", ""type"": ""Cameo""}]"
133,Silver Coins,https://frieren.fandom.com/wiki/Chapter_133,18,"The Shadow Warriors gather and discuss the mission that Löwe has assigned them, and Clematis assigns everyone roles in the mission. The Shadow Warriors discuss their opponents and the probability of the assassination succeeding. Schritt reveals that Löwe is rumored to have previously killed a Great Mage, Minus, making it possible for him to visualize the death of the Great Mage Serie. After, the warriors split up in pairs at Wolf's insistence. Iris and Routine take a secret underground passageway into the castle and discuss their mission, but they are overheard by Falsch. Gazelle is seen having a drink at Wolf's bar, where he repays his tab using the silver coins Frieren previously paid him with. He comments that he wanted to pay Wolf back before he died. Meanwhile, while Frieren's Party head back to Gazelle's stall, Frieren tells Fern and Stark that she recognized Gazelle as a warrior, alongside the previous hero, Rasen, who is now masquerading as the vagabond Wehrlos. She reveals that she planned all along to track Gazelle by putting mana on the silver coins she paid him with, though Fern and Stark point out that Frieren was actually upset about being scammed.","[{""name"": ""Löwe"", ""type"": ""Flashback""}, {""name"": ""Clematis""}, {""name"": ""Iris""}, {""name"": ""Routine""}, {""name"": ""Lore""}, {""name"": ""Wolf""}, {""name"": ""Schritt""}, {""name"": ""Serie"", ""type"": ""Mentioned""}, {""name"": ""Sense"", ""type"": ""Pictured""}, {""name"": ""Wehrlos""}, {""name"": ""Previous Emperor"", ""type"": ""Mentioned Debut"", ""link"": ""List of Characters/Minor#Foundation Festival Arc""}, {""name"": ""Gazelle""}, {""name"": ""Minus"", ""type"": ""Imagined Debut""}, {""name"": ""Falsch""}, {""name"": ""Frieren""}, {""name"": ""Fern""}, {""name"": ""Stark""}, {""name"": ""Himmel"", ""type"": ""Flashback""}]"
134,Trace Back,https://frieren.fandom.com/wiki/Chapter_134,18,,"[{""name"": ""Wehrlos""}, {""name"": ""Clematis""}, {""name"": ""Routine"", ""type"": ""Mentioned""}, {""name"": ""Iris"", ""type"": ""Flashback""}, {""name"": ""Lore""}, {""name"": ""Löwe"", ""type"": ""Mentioned""}, {""name"": ""Goddess of Creation"", ""type"": ""Mentioned""}, {""name"": ""Schritt""}, {""name"": ""Wolf""}, {""name"": ""Gazelle""}, {""name"": ""Stark""}, {""name"": ""Frieren""}, {""name"": ""Fern""}]"
135,Prelude,https://frieren.fandom.com/wiki/Chapter_135,17,"Sein arrives in Eiseberg and asks around for Gorilla's whereabouts. He heals Wehrlos's fatally injured cat, and upon appearing to recognize the name Gorilla, Wehrlos offers to take Sein to Wolf's bar to ask about Gorilla, but Schritt denies them entry, communicating to Wehrlos at the same time that something is going on. In the meantime, Lore begins to track Frieren using the Goddess's Magic. Wolf, with her guidance, shoots at Frieren from afar, though Stark manages to take the shot for her. Sein detects Frieren's mana signal and leaves Wehrlos to seek the party out, just as Stark collapses from the poison.","[{""name"": ""Wehrlos""}, {""name"": ""Clematis""}, {""name"": ""Sein""}, {""name"": ""Gorilla"", ""type"": ""Pictured"", ""link"": ""Kreis""}, {""name"": ""Schritt""}, {""name"": ""Gazelle""}, {""name"": ""Wolf""}, {""name"": ""Lore""}, {""name"": ""Frieren""}, {""name"": ""Fern""}, {""name"": ""Stark""}]"
136,Reunion,https://frieren.fandom.com/wiki/Chapter_136,18,,"[{""name"": ""Frieren""}, {""name"": ""Sein""}, {""name"": ""Goddess of Creation"", ""type"": ""Mentioned""}, {""name"": ""Fern""}, {""name"": ""Stark""}, {""name"": ""Wolf""}, {""name"": ""Gorilla"", ""type"": ""Mentioned"", ""link"": ""Kreis""}, {""name"": ""Schritt""}, {""name"": ""Lore""}, {""name"": ""Gazelle""}, {""name"": ""Sense"", ""type"": ""Flashback""}]"
137,Repel,https://frieren.fandom.com/wiki/Chapter_137,18,"Fern uses the cover of the nightly fireworks to avoid Wolf's arrows and fly high into the sky. She is able to detect Lore's mana when the nun tries to attack her, and knocks Lore out with Zoltraak. This attracts the attention of the Magic Special Forces. After the fight, Wolf and Gazelle recover Lore, and Frieren's Party rendezvous with the other first-class mages. Übel and Land give Sense the intel they have recovered from Lineal. Meanwhile, Serie finally arrives in Eiseberg, and muses that it's ironic she's come to the magical civilization built up by Flamme under such circumstances.","[{""name"": ""Fern""}, {""name"": ""Frieren""}, {""name"": ""Stark""}, {""name"": ""Sein""}, {""name"": ""Lore""}, {""name"": ""Wolf""}, {""name"": ""Gazelle""}, {""name"": ""Schritt"", ""type"": ""Flashback""}, {""name"": ""Neu""}, {""name"": ""Übel""}, {""name"": ""Land""}, {""name"": ""Kanone""}, {""name"": ""Weg""}, {""name"": ""Fräse"", ""type"": ""Mentioned""}, {""name"": ""Sense""}, {""name"": ""Falsch""}, {""name"": ""Minus"", ""type"": ""Imagined""}, {""name"": ""Gorilla"", ""type"": ""Mentioned"", ""link"": ""Kreis""}, {""name"": ""Lineal"", ""type"": ""Mentioned""}, {""name"": ""Serie""}, {""name"": ""Flamme"", ""type"": ""Flashback""}]"
138,Traitor,https://frieren.fandom.com/wiki/Chapter_138,18,,"[{""name"": ""Löwe"", ""type"": ""Chapter Cover""}, {""name"": ""Serie""}, {""name"": ""Falsch""}, {""name"": ""Flamme"", ""type"": ""Flashback""}, {""name"": ""Sense""}, {""name"": ""Land""}, {""name"": ""Übel""}, {""name"": ""Sein""}, {""name"": ""Stark""}, {""name"": ""Frieren""}, {""name"": ""Fern""}, {""name"": ""Previous Emperor"", ""type"": ""Imagined Debut"", ""link"": ""List of Characters/Minor#Foundation Festival Arc""}, {""name"": ""Weg""}, {""name"": ""Kanone""}, {""name"": ""Neu""}, {""name"": ""Fräse"", ""type"": ""Mentioned""}, {""name"": ""Clematis"", ""type"": ""Pictured""}, {""name"": ""Schritt"", ""type"": ""Pictured""}, {""name"": ""Lineal"", ""type"": ""Flashback""}, {""name"": ""Lernen"", ""type"": ""Mentioned""}, {""name"": ""Gazelle"", ""type"": ""Mentioned""}, {""name"": ""Wehrlos"", ""type"": ""Mentioned""}, {""name"": ""Gorilla"", ""type"": ""Pictured"", ""link"": ""Kreis""}]"
139,Kreis the Blacksmith,https://frieren.fandom.com/wiki/Chapter_139,18,,"[{""name"": ""Sense""}, {""name"": ""Übel""}, {""name"": ""Fern""}, {""name"": ""Frieren""}, {""name"": ""Stark""}, {""name"": ""Falsch""}, {""name"": ""Land""}, {""name"": ""Neu"", ""type"": ""Flashback""}, {""name"": ""Sein""}, {""name"": ""Wehrlos""}, {""name"": ""Kreis""}, {""name"": ""Schritt""}, {""name"": ""Wolf"", ""type"": ""Flashback""}, {""name"": ""Iris""}, {""name"": ""Lore""}, {""name"": ""Routine""}, {""name"": ""Clematis""}, {""name"": ""Löwe""}, {""name"": ""Lehrer"", ""type"": ""Cameo""}, {""name"": ""Flamme"", ""type"": ""Mentioned""}, {""name"": ""Serie"", ""type"": ""Flashback""}, {""name"": ""Fräse""}, {""name"": ""Kanone""}]"
140,Ballroom,https://frieren.fandom.com/wiki/Chapter_140,18,,"[{""name"": ""Land""}, {""name"": ""Übel""}, {""name"": ""Falsch""}, {""name"": ""Serie""}, {""name"": ""Sense""}, {""name"": ""Stark""}, {""name"": ""Frieren""}, {""name"": ""Fern""}, {""name"": ""Sein""}, {""name"": ""Wehrlos"", ""type"": ""Shadow""}, {""name"": ""Gazelle"", ""type"": ""Shadow""}, {""name"": ""Wolf"", ""type"": ""Shadow""}, {""name"": ""Schritt"", ""type"": ""Shadow""}, {""name"": ""Löwe"", ""type"": ""Shadow""}, {""name"": ""Kreis"", ""type"": ""Shadow""}, {""name"": ""Iris"", ""type"": ""Shadow""}, {""name"": ""Routine"", ""type"": ""Shadow""}, {""name"": ""Clematis"", ""type"": ""Shadow""}, {""name"": ""Emperor"", ""type"": ""Mentioned""}, {""name"": ""Land's grandmother"", ""type"": ""Mentioned"", ""link"": ""List of Characters/Minor#Foundation Festival Arc""}, {""name"": ""Lernen""}, {""name"": ""Denken""}, {""name"": ""Glück""}, {""name"": ""Übel's sister"", ""type"": ""Mentioned"", ""link"": ""List of Characters/Minor#First-Class Mage Exam Arc""}]"
141,Symbol of Peace,https://frieren.fandom.com/wiki/Chapter_141,20,,"[{""name"": ""Sense""}, {""name"": ""Serie""}, {""name"": ""Sein""}, {""name"": ""Stark""}, {""name"": ""Fern""}, {""name"": ""Frieren""}, {""name"": ""Schritt"", ""type"": ""Pictured""}, {""name"": ""Falsch""}, {""name"": ""Routine""}, {""name"": ""Iris""}, {""name"": ""Clematis""}, {""name"": ""Gazelle""}, {""name"": ""Lager"", ""type"": ""Debut""}, {""name"": ""Grau"", ""type"": ""Debut""}, {""name"": ""Fräse""}, {""name"": ""Kanone""}, {""name"": ""Löwe"", ""type"": ""Imagined""}, {""name"": ""Lore"", ""type"": ""Flashback""}, {""name"": ""Übel""}, {""name"": ""Land""}]"
142,Enemy Encounter,https://frieren.fandom.com/wiki/Chapter_142,18,,"[{""name"": ""Fräse""}, {""name"": ""Emperor"", ""type"": ""Debut""}, {""name"": ""Falsch"", ""type"": ""Flashback""}, {""name"": ""Sense"", ""type"": ""Flashback""}, {""name"": ""Stark"", ""type"": ""Flashback""}, {""name"": ""Serie"", ""type"": ""Flashback""}, {""name"": ""Frieren"", ""type"": ""Flashback""}, {""name"": ""Sein"", ""type"": ""Flashback""}, {""name"": ""Fern"", ""type"": ""Flashback""}, {""name"": ""Denken"", ""type"": ""Imagined""}, {""name"": ""Land""}, {""name"": ""Übel""}, {""name"": ""Clematis"", ""type"": ""Flashback""}, {""name"": ""Gazelle"", ""type"": ""Flashback""}, {""name"": ""Routine""}, {""name"": ""Iris""}, {""name"": ""Kanone""}]"
143,Mind Games,https://frieren.fandom.com/wiki/Chapter_143,20,,"[{""name"": ""Lager"", ""type"": ""Chapter Cover""}, {""name"": ""Grau"", ""type"": ""Chapter Cover""}, {""name"": ""Neu"", ""type"": ""Chapter Cover""}, {""name"": ""Weg"", ""type"": ""Chapter Cover""}, {""name"": ""Löwe"", ""type"": ""Chapter Cover""}, {""name"": ""Fern""}, {""name"": ""Stark""}, {""name"": ""Clematis""}, {""name"": ""Wolf""}, {""name"": ""Schritt""}, {""name"": ""Gazelle""}, {""name"": ""Kreis"", ""type"": ""Imagined""}, {""name"": ""Wehrlos"", ""type"": ""Imagined""}, {""name"": ""Lore"", ""type"": ""Flashback""}, {""name"": ""Frieren""}, {""name"": ""Sein""}, {""name"": ""Sense""}, {""name"": ""Serie""}, {""name"": ""Übel""}, {""name"": ""Iris""}, {""name"": ""Land""}, {""name"": ""Routine""}, {""name"": ""Fräse""}, {""name"": ""Kanone""}, {""name"": ""Falsch""}, {""name"": ""Wirbel"", ""type"": ""Flashback""}]"
144,Prophetic Dream,https://frieren.fandom.com/wiki/Chapter_144,18,,"[{""name"": ""Lager""}, {""name"": ""Grau""}, {""name"": ""Sense""}, {""name"": ""Serie""}, {""name"": ""Fräse"", ""type"": ""Imagined""}, {""name"": ""Emperor"", ""type"": ""Dream""}, {""name"": ""Flamme"", ""type"": ""Mentioned""}]"
145,Clairvoyance,https://frieren.fandom.com/wiki/Chapter_145,16,,"[{""name"": ""Denken"", ""type"": ""Imagined""}, {""name"": ""Hero of the South"", ""type"": ""Flashback""}, {""name"": ""Lernen"", ""type"": ""Flashback""}, {""name"": ""Fräse"", ""type"": ""Imagined""}, {""name"": ""Emperor""}, {""name"": ""Sense""}, {""name"": ""Serie""}, {""name"": ""Kreis""}, {""name"": ""Wehrlos""}, {""name"": ""Falsch""}]"
146,The Strongest Warrior,https://frieren.fandom.com/wiki/Chapter_146,18,,"[{""name"": ""Heiter"", ""type"": ""Chapter Cover""}, {""name"": ""Himmel"", ""type"": ""Chapter Cover""}, {""name"": ""Wehrlos""}, {""name"": ""Kreis""}, {""name"": ""Eisen"", ""type"": ""Flashback""}, {""name"": ""Rivale"", ""type"": ""Flashback""}, {""name"": ""Clematis"", ""type"": ""Flashback""}, {""name"": ""Löwe"", ""type"": ""Flashback""}, {""name"": ""Falsch""}, {""name"": ""Serie"", ""type"": ""Mentioned""}, {""name"": ""Routine"", ""type"": ""Flashback""}, {""name"": ""Iris"", ""type"": ""Flashback""}, {""name"": ""Lineal"", ""type"": ""Mentioned""}, {""name"": ""Frieren"", ""type"": ""Mentioned""}, {""name"": ""Wolf"", ""type"": ""Mentioned""}]"
147,The Land with No Hero,https://frieren.fandom.com/wiki/Chapter_147,16,,"[{""name"": ""Löwe""}, {""name"": ""Lehrer"", ""type"": ""Debut""}, {""name"": ""Übel""}, {""name"": ""Routine""}, {""name"": ""Land""}, {""name"": ""Iris""}, {""name"": ""Falsch""}, {""name"": ""Wehrlos""}, {""name"": ""Stark""}, {""name"": ""Sein""}, {""name"": ""Frieren""}, {""name"": ""Fern""}, {""name"": ""Löwe's family"", ""type"": ""Flashback Debut"", ""link"": ""List of Characters/Minor#Foundation Festival Arc""}, {""name"": ""Minus"", ""type"": ""Imagined""}, {""name"": ""Himmel"", ""type"": ""Mentioned""}]"
